bang,cot,kieu,nhom,vai_tro,khuyet_pct,so_gia_tri_khac_nhau,min,p25,trung_vi,p75,p99,max,do_lech_bowley,ty_so_duoi_p99_p50,xu_ly_khuyet,bien_doi,ma_hoa,cach_ma_hoa,chan_ngoai_lai
dim_account_channels,channel_code,character varying,phân loại (khoá ngoại),khoá ngoại — dùng như biến phân loại,0.0,127,2.0,,,,,6.0,,,không có khuyết thiếu,—,"gần như không trùng — không mã hoá được, chỉ dùng làm khoá",không mã hoá được — chỉ dùng làm khoá,—
dim_account_channels,channel_name,character varying,văn bản / phân loại,đặc trưng,0.0,94,6.0,,,,,50.0,,,không có khuyết thiếu,—,"mã hoá theo nhãn (target encoding), 94 nhóm — tính trong từng fold",mã hoá theo nhãn (target encoding),—
dim_account_channels,channel_level,integer,số rời rạc,đặc trưng,0.0,3,1.0,2.0,3.0,3.0,3.0,3.0,-1.0,1.0,không có khuyết thiếu,lệch trái — cân nhắc bình phương hoặc để nguyên,one-hot (3 nhóm),one-hot,chặn trên IQR = 4.5; không có giá trị vượt
dim_account_channels,level_1_code,character varying,phân loại (khoá ngoại),khoá ngoại — dùng như biến phân loại,7.874,6,0.0,,,,,5.0,,,"khuyết 7.874% — gộp vào nhóm ""(không rõ)"" VÀ thêm cờ khuyết",—,one-hot (6 nhóm),one-hot,—
dim_account_channels,level_2_code,character varying,phân loại (khoá ngoại),khoá ngoại — dùng như biến phân loại,7.874,39,0.0,,,,,5.0,,,"khuyết 7.874% — gộp vào nhóm ""(không rõ)"" VÀ thêm cờ khuyết",—,"mã hoá theo nhãn (target encoding), 39 nhóm — tính trong từng fold",mã hoá theo nhãn (target encoding),—
dim_account_channels,channel_path,character varying,văn bản / phân loại,đặc trưng,0.0,127,4.0,,,,,19.0,,,không có khuyết thiếu,—,"gần như không trùng — không mã hoá được, chỉ dùng làm khoá",không mã hoá được — chỉ dùng làm khoá,—
dim_account_channels,id,bigint,số liên tục,cột kỹ thuật — không phải đặc trưng,0.0,127,1.0,32.5,64.0,95.5,125.74,127.0,0.0,1.96,không có khuyết thiếu,—,—,—,—
dim_account_channels,source_refs,jsonb,jsonb,BỎ — rỗng hoàn toàn,100.0,,,,,,,,,,bỏ cột,—,—,—,—
dim_account_channels,batch_id,bigint,số rời rạc,BỎ — hằng số,7.874,1,241697.0,241697.0,241697.0,241697.0,241697.0,241697.0,,1.0,khuyết 7.874% — điền trung vị VÀ thêm cờ khuyết,—,—,—,—
dim_account_channels,created_at,timestamp with time zone,thời gian,cột kỹ thuật — không phải đặc trưng,0.0,4,,,,,,,,,không có khuyết thiếu,—,—,—,—
dim_account_channels,updated_at,timestamp with time zone,thời gian,cột kỹ thuật — không phải đặc trưng,0.0,3,,,,,,,,,không có khuyết thiếu,—,—,—,—
dim_assets,asset_code,character varying,phân loại (khoá ngoại),khoá ngoại — dùng như biến phân loại,0.0,20179,1.0,,,,,34.0,,,không có khuyết thiếu,—,"20179 nhóm — gộp nhóm hiếm trước, rồi mã hoá theo nhãn",gộp nhóm hiếm rồi mã hoá theo nhãn,—
dim_assets,asset_name,character varying,văn bản / phân loại,BỎ — hằng số,99.997,1,13.0,,,,,13.0,,,"khuyết 99.997% — giữ CỜ có/không, đừng điền giá trị",—,—,—,—
dim_assets,asset_category,character varying,văn bản / phân loại,đặc trưng,3.726,53,0.0,,,,,10.0,,,"gộp vào nhóm ""(không rõ)""",—,"mã hoá theo nhãn (target encoding), 53 nhóm — tính trong từng fold",mã hoá theo nhãn (target encoding),—
dim_assets,asset_brand,character varying,văn bản / phân loại,đặc trưng,24.548,20,0.0,,,,,7.0,,,"khuyết 24.548% — gộp vào nhóm ""(không rõ)"" VÀ thêm cờ khuyết",—,"mã hoá theo nhãn (target encoding), 20 nhóm — tính trong từng fold",mã hoá theo nhãn (target encoding),—
dim_assets,asset_model,character varying,văn bản / phân loại,đặc trưng,0.0,85,0.0,,,,,12.0,,,không có khuyết thiếu,—,"mã hoá theo nhãn (target encoding), 85 nhóm — tính trong từng fold",mã hoá theo nhãn (target encoding),—
dim_assets,serial_number,character varying,văn bản / phân loại,đặc trưng,0.0,20179,1.0,,,,,34.0,,,không có khuyết thiếu,—,"20179 nhóm — gộp nhóm hiếm trước, rồi mã hoá theo nhãn",gộp nhóm hiếm rồi mã hoá theo nhãn,—
dim_assets,asset_supplier,character varying,văn bản / phân loại,đặc trưng,0.0,5,0.0,,,,,10.0,,,không có khuyết thiếu,—,one-hot (5 nhóm),one-hot,—
dim_assets,row_hash,character varying,văn bản / phân loại,cột kỹ thuật — không phải đặc trưng,0.0,32271,12.0,,,,,32.0,,,không có khuyết thiếu,—,—,—,—
dim_assets,id,bigint,số liên tục,cột kỹ thuật — không phải đặc trưng,0.0,32878,-1.0,8219.25,16438.5,24657.75,32555.359999999986,32971.0,0.0,1.98,không có khuyết thiếu,—,—,—,—
dim_assets,source_refs,jsonb,jsonb,cột kỹ thuật — không phải đặc trưng,0.0,,,,,,,,,,không có khuyết thiếu,—,—,—,—
dim_assets,batch_id,bigint,số liên tục,cột kỹ thuật — không phải đặc trưng,0.0,833,0.0,22.0,22.0,200854.0,211879.77999999892,241675.0,1.0,9630.9,không có khuyết thiếu,—,—,—,—
dim_assets,valid_from,timestamp with time zone,thời gian,cột kỹ thuật — không phải đặc trưng,0.0,833,,,,,,,,,không có khuyết thiếu,—,—,—,—
dim_assets,valid_to,timestamp with time zone,thời gian,cột kỹ thuật — không phải đặc trưng,61.375,825,,,,,,,,,"khuyết 61.375% — giữ CỜ có/không, đừng điền giá trị",—,—,—,—
dim_assets,is_current,boolean,nhị phân,cột kỹ thuật — không phải đặc trưng,0.0,2,,,,,,,,,không có khuyết thiếu,—,—,—,—
dim_assets,created_at,timestamp with time zone,thời gian,cột kỹ thuật — không phải đặc trưng,0.0,833,,,,,,,,,không có khuyết thiếu,—,—,—,—
dim_assets,updated_at,timestamp with time zone,thời gian,cột kỹ thuật — không phải đặc trưng,0.0,1250,,,,,,,,,không có khuyết thiếu,—,—,—,—
dim_categories,category_code,character varying,phân loại (khoá ngoại),khoá ngoại — dùng như biến phân loại,0.0,277,1.0,,,,,7.0,,,không có khuyết thiếu,—,"gần như không trùng — không mã hoá được, chỉ dùng làm khoá",không mã hoá được — chỉ dùng làm khoá,—
dim_categories,category_name,character varying,văn bản / phân loại,đặc trưng,0.0,276,3.0,,,,,89.0,,,không có khuyết thiếu,—,"gần như không trùng — không mã hoá được, chỉ dùng làm khoá",không mã hoá được — chỉ dùng làm khoá,—
dim_categories,row_hash,character varying,văn bản / phân loại,cột kỹ thuật — không phải đặc trưng,0.0,277,12.0,,,,,32.0,,,không có khuyết thiếu,—,—,—,—
dim_categories,id,bigint,số liên tục,cột kỹ thuật — không phải đặc trưng,0.0,277,-1.0,69.0,138.0,207.0,273.24,276.0,0.0,1.98,không có khuyết thiếu,—,—,—,—
dim_categories,source_refs,jsonb,jsonb,cột kỹ thuật — không phải đặc trưng,0.0,,,,,,,,,,không có khuyết thiếu,—,—,—,—
dim_categories,batch_id,bigint,số rời rạc,cột kỹ thuật — không phải đặc trưng,0.0,2,0.0,11.0,11.0,11.0,11.0,11.0,,1.0,không có khuyết thiếu,—,—,—,—
dim_categories,valid_from,timestamp with time zone,thời gian,cột kỹ thuật — không phải đặc trưng,0.0,2,,,,,,,,,không có khuyết thiếu,—,—,—,—
dim_categories,valid_to,timestamp with time zone,thời gian,BỎ — rỗng hoàn toàn,100.0,0,,,,,,,,,bỏ cột,—,—,—,—
dim_categories,is_current,boolean,nhị phân,BỎ — hằng số,0.0,1,,,,,,,,,không có khuyết thiếu,—,—,—,—
dim_categories,created_at,timestamp with time zone,thời gian,cột kỹ thuật — không phải đặc trưng,0.0,2,,,,,,,,,không có khuyết thiếu,—,—,—,—
dim_categories,updated_at,timestamp with time zone,thời gian,cột kỹ thuật — không phải đặc trưng,0.0,2,,,,,,,,,không có khuyết thiếu,—,—,—,—
dim_chains,chain_code,character varying,văn bản / phân loại,khoá của dòng — không dùng làm đặc trưng,0.0,9638,3.0,,,,,13.0,,,không có khuyết thiếu,—,—,—,—
dim_chains,chain_name,character varying,văn bản / phân loại,khoá của dòng — không dùng làm đặc trưng,0.0,9603,2.0,,,,,93.0,,,không có khuyết thiếu,—,—,—,—
dim_chains,is_active,boolean,nhị phân,BỎ — hằng số,0.0,1,,,,,,,,,không có khuyết thiếu,—,—,—,—
dim_chains,source_system,character varying,văn bản / phân loại,BỎ — hằng số,99.585,1,3.0,,,,,3.0,,,"khuyết 99.585% — giữ CỜ có/không, đừng điền giá trị",—,—,—,—
dim_chains,row_hash,character varying,văn bản / phân loại,cột kỹ thuật — không phải đặc trưng,0.0,9638,32.0,,,,,32.0,,,không có khuyết thiếu,—,—,—,—
dim_chains,id,bigint,số liên tục,cột kỹ thuật — không phải đặc trưng,0.0,9638,1.0,2410.25,4819.5,7228.75,9570.63,9699.0,0.0,1.99,không có khuyết thiếu,—,—,—,—
dim_chains,source_refs,jsonb,jsonb,BỎ — rỗng hoàn toàn,100.0,,,,,,,,,,bỏ cột,—,—,—,—
dim_chains,batch_id,bigint,số liên tục,cột kỹ thuật — không phải đặc trưng,0.0,155,16.0,16.0,16.0,16.0,216070.0,241709.0,,13504.38,không có khuyết thiếu,—,—,—,—
dim_chains,valid_from,timestamp with time zone,thời gian,cột kỹ thuật — không phải đặc trưng,0.0,155,,,,,,,,,không có khuyết thiếu,—,—,—,—
dim_chains,valid_to,timestamp with time zone,thời gian,BỎ — rỗng hoàn toàn,100.0,0,,,,,,,,,bỏ cột,—,—,—,—
dim_chains,is_current,boolean,nhị phân,BỎ — hằng số,0.0,1,,,,,,,,,không có khuyết thiếu,—,—,—,—
dim_chains,created_at,timestamp with time zone,thời gian,cột kỹ thuật — không phải đặc trưng,0.0,155,,,,,,,,,không có khuyết thiếu,—,—,—,—
dim_chains,updated_at,timestamp with time zone,thời gian,cột kỹ thuật — không phải đặc trưng,0.0,155,,,,,,,,,không có khuyết thiếu,—,—,—,—
dim_dates,date_key,integer,số liên tục,khoá của dòng — không dùng làm đặc trưng,0.0,4018,20200101.0,20221001.25,20250701.5,20280383.5,20301120.83,20301231.0,-0.0003,1.0,không có khuyết thiếu,—,—,—,—
dim_dates,full_date,date,thời gian,khoá của dòng — không dùng làm đặc trưng,0.0,4018,,,,,,,,,không có khuyết thiếu,—,—,—,—
dim_dates,day,integer,số liên tục,đặc trưng,0.0,31,1.0,8.0,16.0,23.0,31.0,31.0,-0.0667,1.94,không có khuyết thiếu,chuẩn hoá z,—,—,chặn trên IQR = 45.5; không có giá trị vượt
dim_dates,month,integer,số rời rạc,đặc trưng,0.0,12,1.0,4.0,7.0,10.0,12.0,12.0,0.0,1.71,không có khuyết thiếu,chuẩn hoá z,one-hot (12 nhóm),one-hot,chặn trên IQR = 19.0; không có giá trị vượt
dim_dates,year,integer,số rời rạc,đặc trưng,0.0,11,2020.0,2022.0,2025.0,2028.0,2030.0,2030.0,0.0,1.0,không có khuyết thiếu,chuẩn hoá z,one-hot (11 nhóm),one-hot,chặn trên IQR = 2037.0; không có giá trị vượt
dim_dates,quarter,integer,số rời rạc,đặc trưng,0.0,4,1.0,2.0,3.0,4.0,4.0,4.0,0.0,1.33,không có khuyết thiếu,chuẩn hoá z,one-hot (4 nhóm),one-hot,chặn trên IQR = 7.0; không có giá trị vượt
dim_dates,week,integer,số liên tục,đặc trưng,0.0,53,1.0,14.0,27.0,40.0,52.0,53.0,0.0,1.93,không có khuyết thiếu,chuẩn hoá z,—,—,chặn trên IQR = 79.0; không có giá trị vượt
dim_dates,fiscal_year,integer,số rời rạc,đặc trưng,0.0,11,2020.0,2022.0,2025.0,2028.0,2030.0,2030.0,0.0,1.0,không có khuyết thiếu,chuẩn hoá z,one-hot (11 nhóm),one-hot,chặn trên IQR = 2037.0; không có giá trị vượt
dim_dates,is_working_day,boolean,nhị phân,đặc trưng,0.0,2,,,,,,,,,không có khuyết thiếu,—,nhị phân 0/1,nhị phân 0/1,—
dim_dates,is_weekend,boolean,nhị phân,đặc trưng,0.0,2,,,,,,,,,không có khuyết thiếu,—,nhị phân 0/1,nhị phân 0/1,—
dim_dates,id,bigint,số liên tục,cột kỹ thuật — không phải đặc trưng,0.0,4018,1.0,1005.25,2009.5,3013.75,3977.83,4018.0,0.0,1.98,không có khuyết thiếu,—,—,—,—
dim_dates,source_refs,jsonb,jsonb,BỎ — rỗng hoàn toàn,100.0,,,,,,,,,,bỏ cột,—,—,—,—
dim_dates,batch_id,bigint,số rời rạc,BỎ — rỗng hoàn toàn,100.0,0,,,,,,,,,bỏ cột,—,—,—,—
dim_dates,created_at,timestamp with time zone,thời gian,BỎ — hằng số,0.0,1,,,,,,,,,không có khuyết thiếu,—,—,—,—
dim_dates,updated_at,timestamp with time zone,thời gian,BỎ — hằng số,0.0,1,,,,,,,,,không có khuyết thiếu,—,—,—,—
dim_delivery_status,note_status,character varying,văn bản / phân loại,đặc trưng,0.0,9,3.0,,,,,18.0,,,không có khuyết thiếu,—,one-hot (9 nhóm),one-hot,—
dim_delivery_status,delivery_status,character varying,văn bản / phân loại,đặc trưng,0.0,5,7.0,,,,,16.0,,,không có khuyết thiếu,—,one-hot (5 nhóm),one-hot,—
dim_delivery_status,received_qty_status,character varying,văn bản / phân loại,đặc trưng,0.0,2,4.0,,,,,7.0,,,không có khuyết thiếu,—,nhị phân 0/1,nhị phân 0/1,—
dim_delivery_status,payment_status,character varying,văn bản / phân loại,đặc trưng,25.243,4,4.0,,,,,8.0,,,"khuyết 25.243% — gộp vào nhóm ""(không rõ)"" VÀ thêm cờ khuyết",—,one-hot (4 nhóm),one-hot,—
dim_delivery_status,recon_status,character varying,văn bản / phân loại,đặc trưng,0.0,2,7.0,,,,,8.0,,,không có khuyết thiếu,—,nhị phân 0/1,nhị phân 0/1,—
dim_delivery_status,document_status,character varying,văn bản / phân loại,đặc trưng,0.0,3,7.0,,,,,17.0,,,không có khuyết thiếu,—,one-hot (3 nhóm),one-hot,—
dim_delivery_status,line_status,character varying,văn bản / phân loại,đặc trưng,50.485,3,7.0,,,,,13.0,,,"khuyết 50.485% — gộp vào nhóm ""(không rõ)"" VÀ thêm cờ khuyết",—,one-hot (3 nhóm),one-hot,—
dim_delivery_status,is_mismatch,boolean,nhị phân,BỎ — hằng số,38.835,1,,,,,,,,,"khuyết 38.835% — gộp vào nhóm ""(không rõ)"" VÀ thêm cờ khuyết",—,—,—,—
dim_delivery_status,row_hash,character varying,văn bản / phân loại,cột kỹ thuật — không phải đặc trưng,0.0,103,12.0,,,,,32.0,,,không có khuyết thiếu,—,—,—,—
dim_delivery_status,id,bigint,số liên tục,cột kỹ thuật — không phải đặc trưng,0.0,103,-1.0,25.5,51.0,407.0,38928.92000000001,40219.0,0.8663,763.31,không có khuyết thiếu,—,—,—,—
dim_delivery_status,source_refs,jsonb,jsonb,cột kỹ thuật — không phải đặc trưng,94.175,,,,,,,,,,"khuyết 94.175% — giữ CỜ có/không, đừng điền giá trị",—,—,—,—
dim_delivery_status,batch_id,bigint,số rời rạc,BỎ — hằng số,95.146,1,19.0,19.0,19.0,19.0,19.0,19.0,,1.0,"khuyết 95.146% — giữ CỜ có/không, đừng điền giá trị",—,—,—,—
dim_delivery_status,created_at,timestamp with time zone,thời gian,cột kỹ thuật — không phải đặc trưng,0.0,28,,,,,,,,,không có khuyết thiếu,—,—,—,—
dim_delivery_status,updated_at,timestamp with time zone,thời gian,cột kỹ thuật — không phải đặc trưng,0.0,28,,,,,,,,,không có khuyết thiếu,—,—,—,—
dim_delivery_types,delivery_type_code,character varying,phân loại (khoá ngoại),khoá ngoại — dùng như biến phân loại,0.0,5,2.0,,,,,8.0,,,không có khuyết thiếu,—,"gần như không trùng — không mã hoá được, chỉ dùng làm khoá",không mã hoá được — chỉ dùng làm khoá,—
dim_delivery_types,delivery_type_name,character varying,văn bản / phân loại,đặc trưng,0.0,5,7.0,,,,,16.0,,,không có khuyết thiếu,—,"gần như không trùng — không mã hoá được, chỉ dùng làm khoá",không mã hoá được — chỉ dùng làm khoá,—
dim_delivery_types,id,bigint,số rời rạc,cột kỹ thuật — không phải đặc trưng,0.0,5,-1.0,1.0,2.0,3.0,3.96,4.0,0.0,1.98,không có khuyết thiếu,—,—,—,—
dim_delivery_types,source_refs,jsonb,jsonb,BỎ — rỗng hoàn toàn,100.0,,,,,,,,,,bỏ cột,—,—,—,—
dim_delivery_types,batch_id,bigint,số rời rạc,BỎ — hằng số,0.0,1,241698.0,241698.0,241698.0,241698.0,241698.0,241698.0,,1.0,không có khuyết thiếu,—,—,—,—
dim_delivery_types,created_at,timestamp with time zone,thời gian,cột kỹ thuật — không phải đặc trưng,0.0,2,,,,,,,,,không có khuyết thiếu,—,—,—,—
dim_delivery_types,updated_at,timestamp with time zone,thời gian,BỎ — hằng số,0.0,1,,,,,,,,,không có khuyết thiếu,—,—,—,—
dim_distributors,distributor_code,character varying,phân loại (khoá ngoại),khoá ngoại — dùng như biến phân loại,0.0,35,3.0,,,,,8.0,,,không có khuyết thiếu,—,"mã hoá theo nhãn (target encoding), 35 nhóm — tính trong từng fold",mã hoá theo nhãn (target encoding),—
dim_distributors,site_domain_id,bigint,phân loại (khoá ngoại),khoá ngoại — dùng như biến phân loại,1.124,19,12.0,12.0,14.0,28.0,72.03999999999996,79.0,0.75,5.15,"gộp vào nhóm ""(không rõ)""",—,"mã hoá theo nhãn (target encoding), 19 nhóm — tính trong từng fold",mã hoá theo nhãn (target encoding),—
dim_distributors,warehouse_key,bigint,phân loại (khoá ngoại),khoá ngoại — dùng như biến phân loại,69.663,26,8.0,15.5,23.0,30.5,37.739999999999995,38.0,0.0,1.64,"khuyết 69.663% — giữ CỜ có/không, đừng điền giá trị",—,"gần như không trùng — không mã hoá được, chỉ dùng làm khoá",không mã hoá được — chỉ dùng làm khoá,—
dim_distributors,group_code,character varying,văn bản / phân loại,BỎ — hằng số,0.0,1,11.0,,,,,11.0,,,không có khuyết thiếu,—,—,—,—
dim_distributors,account_channel_id,bigint,số rời rạc,BỎ — hằng số,98.876,1,55.0,55.0,55.0,55.0,55.0,55.0,,1.0,"khuyết 98.876% — giữ CỜ có/không, đừng điền giá trị",—,—,—,—
dim_distributors,distributor_name,character varying,văn bản / phân loại,đặc trưng,0.0,35,8.0,,,,,46.0,,,không có khuyết thiếu,—,"mã hoá theo nhãn (target encoding), 35 nhóm — tính trong từng fold",mã hoá theo nhãn (target encoding),—
dim_distributors,address,character varying,văn bản / phân loại,đặc trưng,17.978,31,3.0,,,,,111.0,,,"khuyết 17.978% — gộp vào nhóm ""(không rõ)"" VÀ thêm cờ khuyết",—,"mã hoá theo nhãn (target encoding), 31 nhóm — tính trong từng fold",mã hoá theo nhãn (target encoding),—
dim_distributors,distributor_brand,character varying,văn bản / phân loại,BỎ — rỗng hoàn toàn,100.0,0,,,,,,,,,bỏ cột,—,—,—,—
dim_distributors,row_hash,character varying,văn bản / phân loại,cột kỹ thuật — không phải đặc trưng,0.0,37,12.0,,,,,32.0,,,không có khuyết thiếu,—,—,—,—
dim_distributors,id,bigint,số liên tục,cột kỹ thuật — không phải đặc trưng,0.0,89,-1.0,22.0,2599.0,2621.0,2645.96,2675.0,-0.9831,1.02,không có khuyết thiếu,—,—,—,—
dim_distributors,source_refs,jsonb,jsonb,cột kỹ thuật — không phải đặc trưng,0.0,,,,,,,,,,không có khuyết thiếu,—,—,—,—
dim_distributors,batch_id,bigint,số liên tục,cột kỹ thuật — không phải đặc trưng,0.0,39,0.0,13.0,60807.0,166134.0,234483.08000000002,238957.0,0.2681,3.86,không có khuyết thiếu,—,—,—,—
dim_distributors,valid_from,timestamp with time zone,thời gian,cột kỹ thuật — không phải đặc trưng,0.0,4,-inf,,,,,,,,không có khuyết thiếu,—,—,—,—
dim_distributors,valid_to,timestamp with time zone,thời gian,cột kỹ thuật — không phải đặc trưng,31.461,38,,,,,,,,,"khuyết 31.461% — gộp vào nhóm ""(không rõ)"" VÀ thêm cờ khuyết",—,—,—,—
dim_distributors,is_current,boolean,nhị phân,cột kỹ thuật — không phải đặc trưng,0.0,2,,,,,,,,,không có khuyết thiếu,—,—,—,—
dim_distributors,created_at,timestamp with time zone,thời gian,cột kỹ thuật — không phải đặc trưng,0.0,39,,,,,,,,,không có khuyết thiếu,—,—,—,—
dim_distributors,updated_at,timestamp with time zone,thời gian,cột kỹ thuật — không phải đặc trưng,0.0,39,,,,,,,,,không có khuyết thiếu,—,—,—,—
dim_distributors,dms_site_number,character varying,văn bản / phân loại,đặc trưng,15.73,28,7.0,,,,,7.0,,,"khuyết 15.73% — gộp vào nhóm ""(không rõ)"" VÀ thêm cờ khuyết",—,"mã hoá theo nhãn (target encoding), 28 nhóm — tính trong từng fold",mã hoá theo nhãn (target encoding),—
dim_employees,employee_code,character varying,phân loại (khoá ngoại),khoá ngoại — dùng như biến phân loại,0.0,749,4.0,,,,,15.0,,,không có khuyết thiếu,—,"749 nhóm — gộp nhóm hiếm trước, rồi mã hoá theo nhãn",gộp nhóm hiếm rồi mã hoá theo nhãn,—
dim_employees,site_account_id,bigint,phân loại (khoá ngoại),khoá ngoại — dùng như biến phân loại,33.692,7,1.0,2.0,2.0,6.0,7.0,7.0,1.0,3.5,"khuyết 33.692% — gộp vào nhóm ""(không rõ)"" VÀ thêm cờ khuyết",—,one-hot (7 nhóm),one-hot,—
dim_employees,group_code,character varying,phân loại (khoá ngoại),khoá ngoại — dùng như biến phân loại,0.0,2,3.0,,,,,7.0,,,không có khuyết thiếu,—,nhị phân 0/1,nhị phân 0/1,—
dim_employees,account_channel_id,bigint,phân loại (khoá ngoại),khoá ngoại — dùng như biến phân loại,32.751,2,1.0,1.0,1.0,1.0,1.0,100.0,,1.0,"khuyết 32.751% — gộp vào nhóm ""(không rõ)"" VÀ thêm cờ khuyết",—,nhị phân 0/1,nhị phân 0/1,—
dim_employees,employee_name,character varying,văn bản / phân loại,đặc trưng,0.0,767,6.0,,,,,48.0,,,không có khuyết thiếu,—,"767 nhóm — gộp nhóm hiếm trước, rồi mã hoá theo nhãn",gộp nhóm hiếm rồi mã hoá theo nhãn,—
dim_employees,row_hash,character varying,văn bản / phân loại,cột kỹ thuật — không phải đặc trưng,0.0,1473,12.0,,,,,32.0,,,không có khuyết thiếu,—,—,—,—
dim_employees,manager_user_id,bigint,phân loại (khoá ngoại),khoá ngoại — dùng như biến phân loại,93.193,100,40.0,344.0,4729.0,4828.5,6731.0,6731.0,-0.9556,1.42,"khuyết 93.193% — giữ CỜ có/không, đừng điền giá trị",—,"mã hoá theo nhãn (target encoding), 100 nhóm — tính trong từng fold",mã hoá theo nhãn (target encoding),—
dim_employees,user_level,character varying,văn bản / phân loại,đặc trưng,0.97,7,2.0,,,,,4.0,,,"gộp vào nhóm ""(không rõ)""",—,one-hot (7 nhóm),one-hot,—
dim_employees,power_level,integer,số rời rạc,đặc trưng,0.97,6,1.0,1.0,1.0,1.0,3.0,6.0,,3.0,điền trung vị,chuẩn hoá z,one-hot (6 nhóm),one-hot,IQR bằng 0 — quá nửa số dòng cùng một giá trị
dim_employees,management_path,character varying,văn bản / phân loại,khoá của dòng — không dùng làm đặc trưng,83.818,1084,3.0,,,,,31.0,,,"khuyết 83.818% — giữ CỜ có/không, đừng điền giá trị",—,—,—,—
dim_employees,id,bigint,số liên tục,cột kỹ thuật — không phải đặc trưng,0.0,6699,-1.0,1674.5,3349.0,5055.5,6663.0199999999995,6731.0,0.0095,1.99,không có khuyết thiếu,—,—,—,—
dim_employees,source_refs,jsonb,jsonb,cột kỹ thuật — không phải đặc trưng,0.0,,,,,,,,,,không có khuyết thiếu,—,—,—,—
dim_employees,batch_id,bigint,số liên tục,cột kỹ thuật — không phải đặc trưng,0.0,94,0.0,156130.0,156252.0,166049.0,166146.0,237311.0,0.9754,1.06,không có khuyết thiếu,—,—,—,—
dim_employees,valid_from,timestamp with time zone,thời gian,cột kỹ thuật — không phải đặc trưng,0.0,15,-inf,,,,,,,,không có khuyết thiếu,—,—,—,—
dim_employees,valid_to,timestamp with time zone,thời gian,cột kỹ thuật — không phải đặc trưng,4.299,71,,,,,,,,,"gộp vào nhóm ""(không rõ)""",—,—,—,—
dim_employees,is_current,boolean,nhị phân,cột kỹ thuật — không phải đặc trưng,0.0,2,,,,,,,,,không có khuyết thiếu,—,—,—,—
dim_employees,created_at,timestamp with time zone,thời gian,cột kỹ thuật — không phải đặc trưng,0.0,96,,,,,,,,,không có khuyết thiếu,—,—,—,—
dim_employees,updated_at,timestamp with time zone,thời gian,cột kỹ thuật — không phải đặc trưng,0.0,73,,,,,,,,,không có khuyết thiếu,—,—,—,—
dim_employees,emp_id_hr,character varying,văn bản / phân loại,BỎ — rỗng hoàn toàn,100.0,0,,,,,,,,,bỏ cột,—,—,—,—
dim_employees,is_active,boolean,nhị phân,BỎ — hằng số,85.819,1,,,,,,,,,"khuyết 85.819% — giữ CỜ có/không, đừng điền giá trị",—,—,—,—
dim_employees,sales_channel,character varying,văn bản / phân loại,đặc trưng,88.909,2,3.0,,,,,5.0,,,"khuyết 88.909% — giữ CỜ có/không, đừng điền giá trị",—,nhị phân 0/1,nhị phân 0/1,—
dim_employees,flat_sup_code,character varying,phân loại (khoá ngoại),khoá ngoại — dùng như biến phân loại,96.119,37,0.0,,,,,7.0,,,"khuyết 96.119% — giữ CỜ có/không, đừng điền giá trị",—,"mã hoá theo nhãn (target encoding), 37 nhóm — tính trong từng fold",mã hoá theo nhãn (target encoding),—
dim_employees,flat_asm_code,character varying,phân loại (khoá ngoại),khoá ngoại — dùng như biến phân loại,96.044,12,0.0,,,,,7.0,,,"khuyết 96.044% — giữ CỜ có/không, đừng điền giá trị",—,one-hot (12 nhóm),one-hot,—
dim_inventory_policy,warehouse_code,character varying,văn bản / phân loại,BỎ — hằng số,,0,,,,,,,,,—,—,—,—,—
dim_inventory_policy,brand_code,character varying,văn bản / phân loại,BỎ — hằng số,,0,,,,,,,,,—,—,—,—,—
dim_inventory_policy,target_weeks,double precision,số rời rạc,BỎ — hằng số,,0,,,,,,,,,—,—,—,—,—
dim_inventory_policy,min_stock_qty,double precision,số rời rạc,BỎ — hằng số,,0,,,,,,,,,—,—,—,—,—
dim_inventory_policy,effective_from,date,thời gian,BỎ — hằng số,,0,,,,,,,,,—,—,—,—,—
dim_inventory_policy,effective_to,date,thời gian,BỎ — hằng số,,0,,,,,,,,,—,—,—,—,—
dim_inventory_policy,notes,character varying,văn bản / phân loại,BỎ — hằng số,,0,,,,,,,,,—,—,—,—,—
dim_inventory_policy,id,bigint,số rời rạc,BỎ — hằng số,,0,,,,,,,,,—,—,—,—,—
dim_inventory_policy,source_refs,jsonb,jsonb,cột kỹ thuật — không phải đặc trưng,,,,,,,,,,,—,—,—,—,—
dim_inventory_policy,batch_id,bigint,số rời rạc,BỎ — hằng số,,0,,,,,,,,,—,—,—,—,—
dim_inventory_policy,created_at,timestamp with time zone,thời gian,BỎ — hằng số,,0,,,,,,,,,—,—,—,—,—
dim_inventory_policy,updated_at,timestamp with time zone,thời gian,BỎ — hằng số,,0,,,,,,,,,—,—,—,—,—
dim_locators,id,bigint,số liên tục,cột kỹ thuật — không phải đặc trưng,0.0,315,-1.0,78.5,157.0,235.5,310.86,54212.0,0.0,1.98,không có khuyết thiếu,—,—,—,—
dim_locators,batch_id,bigint,số rời rạc,BỎ — hằng số,0.317,1,241684.0,241684.0,241684.0,241684.0,241684.0,241684.0,,1.0,điền trung vị,—,—,—,—
dim_locators,source_refs,jsonb,jsonb,BỎ — rỗng hoàn toàn,100.0,,,,,,,,,,bỏ cột,—,—,—,—
dim_locators,created_at,timestamp with time zone,thời gian,cột kỹ thuật — không phải đặc trưng,0.0,4,,,,,,,,,không có khuyết thiếu,—,—,—,—
dim_locators,updated_at,timestamp with time zone,thời gian,cột kỹ thuật — không phải đặc trưng,0.0,2,,,,,,,,,không có khuyết thiếu,—,—,—,—
dim_locators,locator_code,character varying,phân loại (khoá ngoại),khoá ngoại — dùng như biến phân loại,0.0,315,7.0,,,,,23.0,,,không có khuyết thiếu,—,"gần như không trùng — không mã hoá được, chỉ dùng làm khoá",không mã hoá được — chỉ dùng làm khoá,—
dim_locators,locator_name,character varying,văn bản / phân loại,đặc trưng,0.0,314,10.0,,,,,55.0,,,không có khuyết thiếu,—,"gần như không trùng — không mã hoá được, chỉ dùng làm khoá",không mã hoá được — chỉ dùng làm khoá,—
dim_locators,sub_inventory_key,bigint,phân loại (khoá ngoại),khoá ngoại — dùng như biến phân loại,98.73,2,72.0,72.0,72.5,73.0,73.0,73.0,0.0,1.01,"khuyết 98.73% — giữ CỜ có/không, đừng điền giá trị",—,nhị phân 0/1,nhị phân 0/1,—
dim_locators,sub_inventory_code,character varying,phân loại (khoá ngoại),khoá ngoại — dùng như biến phân loại,0.635,167,4.0,,,,,10.0,,,"gộp vào nhóm ""(không rõ)""",—,"mã hoá theo nhãn (target encoding), 167 nhóm — tính trong từng fold",mã hoá theo nhãn (target encoding),—
dim_locators,purpose_code,character varying,phân loại (khoá ngoại),khoá ngoại — dùng như biến phân loại,0.0,9,2.0,,,,,7.0,,,không có khuyết thiếu,—,one-hot (9 nhóm),one-hot,—
dim_locators,purpose_name,character varying,văn bản / phân loại,đặc trưng,0.0,9,4.0,,,,,14.0,,,không có khuyết thiếu,—,one-hot (9 nhóm),one-hot,—
dim_locators,site_type_code,character varying,phân loại (khoá ngoại),khoá ngoại — dùng như biến phân loại,0.0,4,7.0,,,,,9.0,,,không có khuyết thiếu,—,one-hot (4 nhóm),one-hot,—
dim_locators,site_type_name,character varying,văn bản / phân loại,đặc trưng,0.0,4,11.0,,,,,15.0,,,không có khuyết thiếu,—,one-hot (4 nhóm),one-hot,—
dim_locators,is_sellable_stock,boolean,nhị phân,đặc trưng,0.0,2,,,,,,,,,không có khuyết thiếu,—,nhị phân 0/1,nhị phân 0/1,—
dim_locators,is_priced,boolean,nhị phân,đặc trưng,0.0,2,,,,,,,,,không có khuyết thiếu,—,nhị phân 0/1,nhị phân 0/1,—
dim_locators,location_code,character varying,phân loại (khoá ngoại),khoá ngoại — dùng như biến phân loại,12.698,77,2.0,,,,,18.0,,,"khuyết 12.698% — gộp vào nhóm ""(không rõ)"" VÀ thêm cờ khuyết",—,"mã hoá theo nhãn (target encoding), 77 nhóm — tính trong từng fold",mã hoá theo nhãn (target encoding),—
dim_locators,location_address,character varying,văn bản / phân loại,đặc trưng,12.698,77,3.0,,,,,100.0,,,"khuyết 12.698% — gộp vào nhóm ""(không rõ)"" VÀ thêm cờ khuyết",—,"mã hoá theo nhãn (target encoding), 77 nhóm — tính trong từng fold",mã hoá theo nhãn (target encoding),—
dim_locators,organization_code,character varying,phân loại (khoá ngoại),khoá ngoại — dùng như biến phân loại,8.889,6,3.0,,,,,3.0,,,"khuyết 8.889% — gộp vào nhóm ""(không rõ)"" VÀ thêm cờ khuyết",—,one-hot (6 nhóm),one-hot,—
dim_locators,is_from_master,boolean,nhị phân,đặc trưng,0.0,2,,,,,,,,,không có khuyết thiếu,—,nhị phân 0/1,nhị phân 0/1,—
dim_order_status,status_code,character varying,phân loại (khoá ngoại),khoá ngoại — dùng như biến phân loại,0.0,10,7.0,,,,,17.0,,,không có khuyết thiếu,—,"gần như không trùng — không mã hoá được, chỉ dùng làm khoá",không mã hoá được — chỉ dùng làm khoá,—
dim_order_status,status_name,character varying,văn bản / phân loại,đặc trưng,0.0,10,7.0,,,,,20.0,,,không có khuyết thiếu,—,"gần như không trùng — không mã hoá được, chỉ dùng làm khoá",không mã hoá được — chỉ dùng làm khoá,—
dim_order_status,bucket_group,character varying,văn bản / phân loại,đặc trưng,0.0,5,4.0,,,,,11.0,,,không có khuyết thiếu,—,one-hot (5 nhóm),one-hot,—
dim_order_status,description,character varying,văn bản / phân loại,đặc trưng,0.0,10,16.0,,,,,90.0,,,không có khuyết thiếu,—,"gần như không trùng — không mã hoá được, chỉ dùng làm khoá",không mã hoá được — chỉ dùng làm khoá,—
dim_order_status,is_closed,boolean,nhị phân,đặc trưng,0.0,2,,,,,,,,,không có khuyết thiếu,—,nhị phân 0/1,nhị phân 0/1,—
dim_order_status,is_revenue_recognized,boolean,nhị phân,đặc trưng,0.0,2,,,,,,,,,không có khuyết thiếu,—,nhị phân 0/1,nhị phân 0/1,—
dim_order_status,is_cancelled,boolean,nhị phân,đặc trưng,0.0,2,,,,,,,,,không có khuyết thiếu,—,nhị phân 0/1,nhị phân 0/1,—
dim_order_status,sort_order,integer,số rời rạc,đặc trưng,0.0,10,1.0,3.25,5.5,7.75,90.9,99.0,0.0,16.53,không có khuyết thiếu,log1p rồi chuẩn hoá z,"gần như không trùng — không mã hoá được, chỉ dùng làm khoá",không mã hoá được — chỉ dùng làm khoá,chặn trên IQR = 14.5; giá trị lớn nhất vượt 6.8×
dim_order_status,id,bigint,số rời rạc,cột kỹ thuật — không phải đặc trưng,0.0,10,-1.0,2.25,4.5,6.75,8.91,9.0,0.0,1.98,không có khuyết thiếu,—,—,—,—
dim_order_status,source_refs,jsonb,jsonb,BỎ — rỗng hoàn toàn,100.0,,,,,,,,,,bỏ cột,—,—,—,—
dim_order_status,batch_id,bigint,số rời rạc,cột kỹ thuật — không phải đặc trưng,0.0,2,0.0,241694.0,241694.0,241694.0,241694.0,241694.0,,1.0,không có khuyết thiếu,—,—,—,—
dim_order_status,created_at,timestamp with time zone,thời gian,cột kỹ thuật — không phải đặc trưng,0.0,3,,,,,,,,,không có khuyết thiếu,—,—,—,—
dim_order_status,updated_at,timestamp with time zone,thời gian,cột kỹ thuật — không phải đặc trưng,0.0,2,,,,,,,,,không có khuyết thiếu,—,—,—,—
dim_order_types,order_type_code,character varying,phân loại (khoá ngoại),khoá ngoại — dùng như biến phân loại,0.0,15,7.0,,,,,12.0,,,không có khuyết thiếu,—,"gần như không trùng — không mã hoá được, chỉ dùng làm khoá",không mã hoá được — chỉ dùng làm khoá,—
dim_order_types,order_type_name,character varying,văn bản / phân loại,đặc trưng,0.0,15,6.0,,,,,15.0,,,không có khuyết thiếu,—,"gần như không trùng — không mã hoá được, chỉ dùng làm khoá",không mã hoá được — chỉ dùng làm khoá,—
dim_order_types,description,character varying,văn bản / phân loại,đặc trưng,0.0,15,16.0,,,,,57.0,,,không có khuyết thiếu,—,"gần như không trùng — không mã hoá được, chỉ dùng làm khoá",không mã hoá được — chỉ dùng làm khoá,—
dim_order_types,is_free_order,boolean,nhị phân,đặc trưng,0.0,2,,,,,,,,,không có khuyết thiếu,—,nhị phân 0/1,nhị phân 0/1,—
dim_order_types,sort_order,integer,số rời rạc,đặc trưng,0.0,15,1.0,4.5,8.0,11.5,87.09999999999995,99.0,0.0,10.89,không có khuyết thiếu,log1p rồi chuẩn hoá z,"gần như không trùng — không mã hoá được, chỉ dùng làm khoá",không mã hoá được — chỉ dùng làm khoá,chặn trên IQR = 22.0; giá trị lớn nhất vượt 4.5×
dim_order_types,id,bigint,số rời rạc,cột kỹ thuật — không phải đặc trưng,0.0,15,-1.0,3.5,7.0,10.5,13.86,14.0,0.0,1.98,không có khuyết thiếu,—,—,—,—
dim_order_types,source_refs,jsonb,jsonb,BỎ — rỗng hoàn toàn,100.0,,,,,,,,,,bỏ cột,—,—,—,—
dim_order_types,batch_id,bigint,số rời rạc,cột kỹ thuật — không phải đặc trưng,0.0,2,0.0,241695.0,241695.0,241695.0,241695.0,241695.0,,1.0,không có khuyết thiếu,—,—,—,—
dim_order_types,created_at,timestamp with time zone,thời gian,cột kỹ thuật — không phải đặc trưng,0.0,2,,,,,,,,,không có khuyết thiếu,—,—,—,—
dim_order_types,updated_at,timestamp with time zone,thời gian,cột kỹ thuật — không phải đặc trưng,0.0,2,,,,,,,,,không có khuyết thiếu,—,—,—,—
dim_otif_reason,reason_text,character varying,văn bản / phân loại,đặc trưng,0.0,22,4.0,,,,,40.0,,,không có khuyết thiếu,—,"gần như không trùng — không mã hoá được, chỉ dùng làm khoá",không mã hoá được — chỉ dùng làm khoá,—
dim_otif_reason,incharge_group,character varying,văn bản / phân loại,đặc trưng,0.0,5,3.0,,,,,8.0,,,không có khuyết thiếu,—,one-hot (5 nhóm),one-hot,—
dim_otif_reason,is_included_otif,boolean,nhị phân,đặc trưng,0.0,2,,,,,,,,,không có khuyết thiếu,—,nhị phân 0/1,nhị phân 0/1,—
dim_otif_reason,notes,character varying,văn bản / phân loại,BỎ — hằng số,95.455,1,71.0,,,,,71.0,,,"khuyết 95.455% — giữ CỜ có/không, đừng điền giá trị",—,—,—,—
dim_otif_reason,id,bigint,số liên tục,cột kỹ thuật — không phải đặc trưng,0.0,22,1.0,6.25,11.5,16.75,21.79,22.0,0.0,1.89,không có khuyết thiếu,—,—,—,—
dim_otif_reason,source_refs,jsonb,jsonb,BỎ — rỗng hoàn toàn,100.0,,,,,,,,,,bỏ cột,—,—,—,—
dim_otif_reason,batch_id,bigint,số rời rạc,cột kỹ thuật — không phải đặc trưng,0.0,2,227558.0,241700.0,241700.0,241700.0,241700.0,241700.0,,1.0,không có khuyết thiếu,—,—,—,—
dim_otif_reason,created_at,timestamp with time zone,thời gian,cột kỹ thuật — không phải đặc trưng,0.0,2,,,,,,,,,không có khuyết thiếu,—,—,—,—
dim_otif_reason,updated_at,timestamp with time zone,thời gian,cột kỹ thuật — không phải đặc trưng,0.0,2,,,,,,,,,không có khuyết thiếu,—,—,—,—
dim_otif_reason,impact_type,character varying,văn bản / phân loại,đặc trưng,4.545,3,12.0,,,,,33.0,,,"gộp vào nhóm ""(không rõ)""",—,one-hot (3 nhóm),one-hot,—
dim_otif_reason,revenue_impact,character varying,văn bản / phân loại,đặc trưng,4.545,3,2.0,,,,,8.0,,,"gộp vào nhóm ""(không rõ)""",—,one-hot (3 nhóm),one-hot,—
dim_otif_reason,cancel_nature,character varying,văn bản / phân loại,đặc trưng,4.545,20,20.0,,,,,47.0,,,"gộp vào nhóm ""(không rõ)""",—,"gần như không trùng — không mã hoá được, chỉ dùng làm khoá",không mã hoá được — chỉ dùng làm khoá,—
dim_otif_reason,revenue_loss_level,character varying,văn bản / phân loại,đặc trưng,4.545,6,3.0,,,,,17.0,,,"gộp vào nhóm ""(không rõ)""",—,one-hot (6 nhóm),one-hot,—
dim_otif_reason,classification_rationale,character varying,văn bản / phân loại,đặc trưng,9.091,20,110.0,,,,,272.0,,,"khuyết 9.091% — gộp vào nhóm ""(không rõ)"" VÀ thêm cờ khuyết",—,"gần như không trùng — không mã hoá được, chỉ dùng làm khoá",không mã hoá được — chỉ dùng làm khoá,—
dim_price_lists,price_list_code,character varying,phân loại (khoá ngoại),khoá ngoại — dùng như biến phân loại,0.0,362,5.0,,,,,11.0,,,không có khuyết thiếu,—,"gần như không trùng — không mã hoá được, chỉ dùng làm khoá",không mã hoá được — chỉ dùng làm khoá,—
dim_price_lists,price_list_name,character varying,văn bản / phân loại,đặc trưng,0.0,361,10.0,,,,,54.0,,,không có khuyết thiếu,—,"gần như không trùng — không mã hoá được, chỉ dùng làm khoá",không mã hoá được — chỉ dùng làm khoá,—
dim_price_lists,currency,character varying,văn bản / phân loại,đặc trưng,0.549,2,3.0,,,,,3.0,,,"gộp vào nhóm ""(không rõ)""",—,nhị phân 0/1,nhị phân 0/1,—
dim_price_lists,effective_from,timestamp without time zone,thời gian,BỎ — hằng số,99.725,1,-inf,,,,,-inf,,,"khuyết 99.725% — giữ CỜ có/không, đừng điền giá trị",—,—,—,—
dim_price_lists,effective_to,timestamp without time zone,thời gian,BỎ — rỗng hoàn toàn,100.0,0,,,,,,,,,bỏ cột,—,—,—,—
dim_price_lists,row_hash,character varying,văn bản / phân loại,cột kỹ thuật — không phải đặc trưng,0.0,364,12.0,,,,,32.0,,,không có khuyết thiếu,—,—,—,—
dim_price_lists,id,bigint,số liên tục,cột kỹ thuật — không phải đặc trưng,0.0,364,-1.0,90.75,181.5,272.25,359.37,363.0,0.0,1.98,không có khuyết thiếu,—,—,—,—
dim_price_lists,source_refs,jsonb,jsonb,cột kỹ thuật — không phải đặc trưng,0.0,,,,,,,,,,không có khuyết thiếu,—,—,—,—
dim_price_lists,batch_id,bigint,số rời rạc,cột kỹ thuật — không phải đặc trưng,0.0,6,0.0,17.0,17.0,17.0,66963.06000000004,177524.0,,3939.0,không có khuyết thiếu,—,—,—,—
dim_price_lists,valid_from,timestamp with time zone,thời gian,cột kỹ thuật — không phải đặc trưng,0.0,6,,,,,,,,,không có khuyết thiếu,—,—,—,—
dim_price_lists,valid_to,timestamp with time zone,thời gian,cột kỹ thuật — không phải đặc trưng,99.451,2,,,,,,,,,"khuyết 99.451% — giữ CỜ có/không, đừng điền giá trị",—,—,—,—
dim_price_lists,is_current,boolean,nhị phân,cột kỹ thuật — không phải đặc trưng,0.0,2,,,,,,,,,không có khuyết thiếu,—,—,—,—
dim_price_lists,created_at,timestamp with time zone,thời gian,cột kỹ thuật — không phải đặc trưng,0.0,6,,,,,,,,,không có khuyết thiếu,—,—,—,—
dim_price_lists,updated_at,timestamp with time zone,thời gian,cột kỹ thuật — không phải đặc trưng,0.0,8,,,,,,,,,không có khuyết thiếu,—,—,—,—
dim_product_brands,brand_code,character varying,phân loại (khoá ngoại),khoá ngoại — dùng như biến phân loại,0.0,203,4.0,,,,,9.0,,,không có khuyết thiếu,—,"203 nhóm — gộp nhóm hiếm trước, rồi mã hoá theo nhãn",gộp nhóm hiếm rồi mã hoá theo nhãn,—
dim_product_brands,brand_name,character varying,văn bản / phân loại,đặc trưng,0.0,222,3.0,,,,,47.0,,,không có khuyết thiếu,—,"222 nhóm — gộp nhóm hiếm trước, rồi mã hoá theo nhãn",gộp nhóm hiếm rồi mã hoá theo nhãn,—
dim_product_brands,description,character varying,văn bản / phân loại,đặc trưng,99.998,5,6.0,,,,,14.0,,,"khuyết 99.998% — giữ CỜ có/không, đừng điền giá trị",—,one-hot (5 nhóm),one-hot,—
dim_product_brands,row_hash,character varying,văn bản / phân loại,cột kỹ thuật — không phải đặc trưng,0.0,274,12.0,,,,,32.0,,,không có khuyết thiếu,—,—,—,—
dim_product_brands,parent_brand_id,bigint,phân loại (khoá ngoại),khoá ngoại — dùng như biến phân loại,1.464,54,1.0,22.0,52.0,85.0,119.0,119.0,0.0476,2.29,"gộp vào nhóm ""(không rõ)""",—,"mã hoá theo nhãn (target encoding), 54 nhóm — tính trong từng fold",mã hoá theo nhãn (target encoding),—
dim_product_brands,brand_path,character varying,văn bản / phân loại,khoá của dòng — không dùng làm đặc trưng,0.0,299431,3.0,,,,,12.0,,,không có khuyết thiếu,—,—,—,—
dim_product_brands,id,bigint,số liên tục,cột kỹ thuật — không phải đặc trưng,0.0,299431,-1.0,131354.5,262209.0,394916.75,523511.83,528595.0,0.007,2.0,không có khuyết thiếu,—,—,—,—
dim_product_brands,source_refs,jsonb,jsonb,cột kỹ thuật — không phải đặc trưng,0.0,,,,,,,,,,không có khuyết thiếu,—,—,—,—
dim_product_brands,batch_id,bigint,số liên tục,cột kỹ thuật — không phải đặc trưng,0.0,7279,0.0,58579.0,116278.0,175981.0,239290.0,241706.0,0.0171,2.06,không có khuyết thiếu,—,—,—,—
dim_product_brands,valid_from,timestamp with time zone,thời gian,cột kỹ thuật — không phải đặc trưng,0.0,7279,,,,,,,,,không có khuyết thiếu,—,—,—,—
dim_product_brands,valid_to,timestamp with time zone,thời gian,cột kỹ thuật — không phải đặc trưng,5.59,7231,,,,,,,,,"khuyết 5.59% — gộp vào nhóm ""(không rõ)"" VÀ thêm cờ khuyết",—,—,—,—
dim_product_brands,is_current,boolean,nhị phân,cột kỹ thuật — không phải đặc trưng,0.0,2,,,,,,,,,không có khuyết thiếu,—,—,—,—
dim_product_brands,created_at,timestamp with time zone,thời gian,cột kỹ thuật — không phải đặc trưng,0.0,7279,,,,,,,,,không có khuyết thiếu,—,—,—,—
dim_product_brands,updated_at,timestamp with time zone,thời gian,cột kỹ thuật — không phải đặc trưng,0.0,11068,,,,,,,,,không có khuyết thiếu,—,—,—,—
dim_product_prices,id,bigint,số liên tục,cột kỹ thuật — không phải đặc trưng,0.0,9085,675802.0,678073.0,680344.0,682615.0,684795.16,684886.0,0.0,1.01,không có khuyết thiếu,—,—,—,—
dim_product_prices,batch_id,bigint,số rời rạc,BỎ — hằng số,0.0,1,240246.0,240246.0,240246.0,240246.0,240246.0,240246.0,,1.0,không có khuyết thiếu,—,—,—,—
dim_product_prices,source_refs,jsonb,jsonb,cột kỹ thuật — không phải đặc trưng,0.0,,,,,,,,,,không có khuyết thiếu,—,—,—,—
dim_product_prices,product_id,bigint,phân loại (khoá ngoại),khoá ngoại — dùng như biến phân loại,0.0,678,901.0,1709.0,1913.0,2042.0,2511.0,2541.0,-0.2252,1.31,không có khuyết thiếu,—,"678 nhóm — gộp nhóm hiếm trước, rồi mã hoá theo nhãn",gộp nhóm hiếm rồi mã hoá theo nhãn,—
dim_product_prices,product_code,character varying,phân loại (khoá ngoại),khoá ngoại — dùng như biến phân loại,0.0,678,8.0,,,,,12.0,,,không có khuyết thiếu,—,"678 nhóm — gộp nhóm hiếm trước, rồi mã hoá theo nhãn",gộp nhóm hiếm rồi mã hoá theo nhãn,—
dim_product_prices,price_group_code,character varying,phân loại (khoá ngoại),khoá ngoại — dùng như biến phân loại,0.0,183,5.0,,,,,11.0,,,không có khuyết thiếu,—,"mã hoá theo nhãn (target encoding), 183 nhóm — tính trong từng fold",mã hoá theo nhãn (target encoding),—
dim_product_prices,price_group_name,character varying,văn bản / phân loại,đặc trưng,0.0,182,17.0,,,,,21.0,,,không có khuyết thiếu,—,"mã hoá theo nhãn (target encoding), 182 nhóm — tính trong từng fold",mã hoá theo nhãn (target encoding),—
dim_product_prices,uom,character varying,văn bản / phân loại,đặc trưng,3.17,16,2.0,,,,,3.0,,,"gộp vào nhóm ""(không rõ)""",—,"mã hoá theo nhãn (target encoding), 16 nhóm — tính trong từng fold",mã hoá theo nhãn (target encoding),—
dim_product_prices,price_incl_vat,numeric,số liên tục,đặc trưng,0.0,2045,1.0,15708.6,25134.84,94255.0,1555200.0,2779920.0,0.76,61.87,không có khuyết thiếu,log1p rồi chuẩn hoá z,—,—,chặn trên IQR = 212074.6; giá trị lớn nhất vượt 13.1×
dim_product_prices,tax_rate,numeric,số rời rạc,đặc trưng,0.0,4,0.0,0.08,0.08,0.08,0.1,0.1,,1.25,không có khuyết thiếu,chuẩn hoá z,one-hot (4 nhóm),one-hot,IQR bằng 0 — quá nửa số dòng cùng một giá trị
dim_product_prices,price_excl_vat,numeric,số liên tục,đặc trưng,0.0,2061,0.93,14545.0,23273.0,87273.15,1440000.0,2574000.0,0.76,61.87,không có khuyết thiếu,log1p rồi chuẩn hoá z,—,—,chặn trên IQR = 196365.38; giá trị lớn nhất vượt 13.1×
dim_product_prices,valid_from,timestamp with time zone,thời gian,cột kỹ thuật — không phải đặc trưng,0.0,200,,,,,,,,,không có khuyết thiếu,—,—,—,—
dim_product_prices,valid_to,timestamp with time zone,thời gian,cột kỹ thuật — không phải đặc trưng,0.132,154,,,,,,,,,"gộp vào nhóm ""(không rõ)""",—,—,—,—
dim_product_prices,is_current,boolean,nhị phân,cột kỹ thuật — không phải đặc trưng,0.0,2,,,,,,,,,không có khuyết thiếu,—,—,—,—
dim_product_prices,created_at,timestamp with time zone,thời gian,BỎ — hằng số,0.0,1,,,,,,,,,không có khuyết thiếu,—,—,—,—
dim_product_prices,updated_at,timestamp with time zone,thời gian,BỎ — hằng số,0.0,1,,,,,,,,,không có khuyết thiếu,—,—,—,—
dim_products,product_code,character varying,phân loại (khoá ngoại),khoá ngoại — dùng như biến phân loại,0.0,1275,6.0,,,,,12.0,,,không có khuyết thiếu,—,"1275 nhóm — gộp nhóm hiếm trước, rồi mã hoá theo nhãn",gộp nhóm hiếm rồi mã hoá theo nhãn,—
dim_products,product_name,character varying,văn bản / phân loại,đặc trưng,0.0,1259,5.0,,,,,100.0,,,không có khuyết thiếu,—,"1259 nhóm — gộp nhóm hiếm trước, rồi mã hoá theo nhãn",gộp nhóm hiếm rồi mã hoá theo nhãn,—
dim_products,brand_id,bigint,phân loại (khoá ngoại),khoá ngoại — dùng như biến phân loại,0.118,217,149.0,247.0,102586.0,126152.0,245832.0,245834.0,-0.6257,2.4,"gộp vào nhóm ""(không rõ)""",—,"217 nhóm — gộp nhóm hiếm trước, rồi mã hoá theo nhãn",gộp nhóm hiếm rồi mã hoá theo nhãn,—
dim_products,category_code,character varying,phân loại (khoá ngoại),khoá ngoại — dùng như biến phân loại,0.039,77,2.0,,,,,5.0,,,"gộp vào nhóm ""(không rõ)""",—,"mã hoá theo nhãn (target encoding), 77 nhóm — tính trong từng fold",mã hoá theo nhãn (target encoding),—
dim_products,category_id,bigint,phân loại (khoá ngoại),khoá ngoại — dùng như biến phân loại,7.039,75,197.0,244.0,268.0,274.0,276.0,276.0,-0.6,1.03,"khuyết 7.039% — gộp vào nhóm ""(không rõ)"" VÀ thêm cờ khuyết",—,"mã hoá theo nhãn (target encoding), 75 nhóm — tính trong từng fold",mã hoá theo nhãn (target encoding),—
dim_products,supplier_id,bigint,phân loại (khoá ngoại),khoá ngoại — dùng như biến phân loại,26.976,61,1.0,3.0,20.0,53.0,57.0,62.0,0.32,2.85,"khuyết 26.976% — gộp vào nhóm ""(không rõ)"" VÀ thêm cờ khuyết",—,"mã hoá theo nhãn (target encoding), 61 nhóm — tính trong từng fold",mã hoá theo nhãn (target encoding),—
dim_products,shelf_life,character varying,văn bản / phân loại,đặc trưng,38.97,19,1.0,,,,,4.0,,,"khuyết 38.97% — gộp vào nhóm ""(không rõ)"" VÀ thêm cờ khuyết",—,"mã hoá theo nhãn (target encoding), 19 nhóm — tính trong từng fold",mã hoá theo nhãn (target encoding),—
dim_products,pack_size,double precision,số rời rạc,BỎ — rỗng hoàn toàn,100.0,0,,,,,,,,,bỏ cột,—,—,—,—
dim_products,row_hash,character varying,văn bản / phân loại,cột kỹ thuật — không phải đặc trưng,0.0,2543,12.0,,,,,32.0,,,không có khuyết thiếu,—,—,—,—
dim_products,id,bigint,số liên tục,cột kỹ thuật — không phải đặc trưng,0.0,2543,-1.0,635.5,1271.0,1906.5,2516.58,2542.0,0.0,1.98,không có khuyết thiếu,—,—,—,—
dim_products,source_refs,jsonb,jsonb,cột kỹ thuật — không phải đặc trưng,0.0,,,,,,,,,,không có khuyết thiếu,—,—,—,—
dim_products,batch_id,bigint,số rời rạc,cột kỹ thuật — không phải đặc trưng,0.0,14,0.0,20.0,38118.0,54604.0,54604.0,108098.0,-0.3959,1.43,không có khuyết thiếu,—,—,—,—
dim_products,valid_from,timestamp with time zone,thời gian,cột kỹ thuật — không phải đặc trưng,0.0,2543,,,,,,,,,không có khuyết thiếu,—,—,—,—
dim_products,valid_to,timestamp with time zone,thời gian,cột kỹ thuật — không phải đặc trưng,0.039,8,,,,,,,,,"gộp vào nhóm ""(không rõ)""",—,—,—,—
dim_products,is_current,boolean,nhị phân,cột kỹ thuật — không phải đặc trưng,0.0,2,,,,,,,,,không có khuyết thiếu,—,—,—,—
dim_products,created_at,timestamp with time zone,thời gian,cột kỹ thuật — không phải đặc trưng,0.0,2543,,,,,,,,,không có khuyết thiếu,—,—,—,—
dim_products,updated_at,timestamp with time zone,thời gian,cột kỹ thuật — không phải đặc trưng,0.0,1282,,,,,,,,,không có khuyết thiếu,—,—,—,—
dim_products,sub_brand,character varying,văn bản / phân loại,BỎ — rỗng hoàn toàn,100.0,0,,,,,,,,,bỏ cột,—,—,—,—
dim_products,uom,character varying,văn bản / phân loại,đặc trưng,32.442,17,2.0,,,,,3.0,,,"khuyết 32.442% — gộp vào nhóm ""(không rõ)"" VÀ thêm cờ khuyết",—,"mã hoá theo nhãn (target encoding), 17 nhóm — tính trong từng fold",mã hoá theo nhãn (target encoding),—
dim_products,conversion_rate,numeric,số liên tục,đặc trưng,27.527,54,1.0,12.0,24.0,36.0,150.0,280.0,0.0,6.25,khuyết 27.527% — điền trung vị VÀ thêm cờ khuyết,chuẩn hoá z,—,—,chặn trên IQR = 72.0; giá trị lớn nhất vượt 3.9×
dim_products,net_weight,numeric,số liên tục,đặc trưng,32.56,245,0.58,2.13,3.52,6.5,25.988999999999884,66.5,0.3638,7.38,khuyết 32.56% — điền trung vị VÀ thêm cờ khuyết,log1p rồi chuẩn hoá z,—,—,chặn trên IQR = 13.05; giá trị lớn nhất vượt 5.1×
dim_products,volume,numeric,số rời rạc,BỎ — rỗng hoàn toàn,100.0,0,,,,,,,,,bỏ cột,—,—,—,—
dim_products,unit_per_pack,character varying,văn bản / phân loại,BỎ — rỗng hoàn toàn,100.0,0,,,,,,,,,bỏ cột,—,—,—,—
dim_products,mt_price_exc_vat,numeric,số rời rạc,BỎ — hằng số,99.725,1,0.0,0.0,0.0,0.0,0.0,0.0,,,"khuyết 99.725% — giữ CỜ có/không, đừng điền giá trị",—,—,—,—
dim_products,mt_price_inc_vat,numeric,số rời rạc,BỎ — hằng số,99.725,1,0.0,0.0,0.0,0.0,0.0,0.0,,,"khuyết 99.725% — giữ CỜ có/không, đừng điền giá trị",—,—,—,—
dim_products,tax_code,character varying,phân loại (khoá ngoại),khoá ngoại — dùng như biến phân loại,50.138,4,4.0,,,,,5.0,,,"khuyết 50.138% — gộp vào nhóm ""(không rõ)"" VÀ thêm cờ khuyết",—,one-hot (4 nhóm),one-hot,—
dim_products,tax_rate,numeric,số rời rạc,đặc trưng,50.138,4,0.0,0.08,0.08,0.08,0.08,0.1,,1.0,khuyết 50.138% — điền trung vị VÀ thêm cờ khuyết,chuẩn hoá z,one-hot (4 nhóm),one-hot,IQR bằng 0 — quá nửa số dòng cùng một giá trị
dim_promotions,id,bigint,số rời rạc,BỎ — hằng số,,0,,,,,,,,,—,—,—,—,—
dim_promotions,promo_code_dms,text,văn bản / phân loại,BỎ — hằng số,,0,,,,,,,,,—,—,—,—,—
dim_promotions,promo_code_orc,text,văn bản / phân loại,BỎ — hằng số,,0,,,,,,,,,—,—,—,—,—
dim_promotions,promo_name,text,văn bản / phân loại,BỎ — hằng số,,0,,,,,,,,,—,—,—,—,—
dim_promotions,mechanic_type,text,văn bản / phân loại,BỎ — hằng số,,0,,,,,,,,,—,—,—,—,—
dim_promotions,long_mechanic,text,văn bản / phân loại,BỎ — hằng số,,0,,,,,,,,,—,—,—,—,—
dim_promotions,promo_start,date,thời gian,BỎ — hằng số,,0,,,,,,,,,—,—,—,—,—
dim_promotions,promo_end,date,thời gian,BỎ — hằng số,,0,,,,,,,,,—,—,—,—,—
dim_promotions,target_channel,text,văn bản / phân loại,BỎ — hằng số,,0,,,,,,,,,—,—,—,—,—
dim_promotions,target_chain,text,văn bản / phân loại,BỎ — hằng số,,0,,,,,,,,,—,—,—,—,—
dim_promotions,budget_total,numeric,số rời rạc,BỎ — hằng số,,0,,,,,,,,,—,—,—,—,—
dim_promotions,notes,text,văn bản / phân loại,BỎ — hằng số,,0,,,,,,,,,—,—,—,—,—
dim_promotions,is_active,boolean,nhị phân,BỎ — hằng số,,0,,,,,,,,,—,—,—,—,—
dim_promotions,created_at,timestamp without time zone,thời gian,BỎ — hằng số,,0,,,,,,,,,—,—,—,—,—
dim_promotions,updated_at,timestamp without time zone,thời gian,BỎ — hằng số,,0,,,,,,,,,—,—,—,—,—
dim_sales_positions,id,bigint,số rời rạc,cột kỹ thuật — không phải đặc trưng,0.0,7,1.0,2.5,4.0,5.5,8.819999999999999,9.0,0.0,2.2,không có khuyết thiếu,—,—,—,—
dim_sales_positions,created_at,timestamp with time zone,thời gian,cột kỹ thuật — không phải đặc trưng,0.0,2,,,,,,,,,không có khuyết thiếu,—,—,—,—
dim_sales_positions,updated_at,timestamp with time zone,thời gian,BỎ — hằng số,0.0,1,,,,,,,,,không có khuyết thiếu,—,—,—,—
dim_sales_positions,position_code,character varying,phân loại (khoá ngoại),khoá ngoại — dùng như biến phân loại,0.0,7,2.0,,,,,4.0,,,không có khuyết thiếu,—,"gần như không trùng — không mã hoá được, chỉ dùng làm khoá",không mã hoá được — chỉ dùng làm khoá,—
dim_sales_positions,position_name,character varying,văn bản / phân loại,đặc trưng,0.0,7,12.0,,,,,18.0,,,không có khuyết thiếu,—,"gần như không trùng — không mã hoá được, chỉ dùng làm khoá",không mã hoá được — chỉ dùng làm khoá,—
dim_sales_positions,power_level,integer,số rời rạc,đặc trưng,0.0,6,1.0,1.5,3.0,4.5,5.9399999999999995,6.0,0.0,1.98,không có khuyết thiếu,chuẩn hoá z,one-hot (6 nhóm),one-hot,chặn trên IQR = 9.0; không có giá trị vượt
dim_sales_positions,is_active,boolean,nhị phân,BỎ — hằng số,0.0,1,,,,,,,,,không có khuyết thiếu,—,—,—,—
dim_shippers,shipper_code,character varying,phân loại (khoá ngoại),khoá ngoại — dùng như biến phân loại,0.0,99,6.0,,,,,15.0,,,không có khuyết thiếu,—,"mã hoá theo nhãn (target encoding), 99 nhóm — tính trong từng fold",mã hoá theo nhãn (target encoding),—
dim_shippers,group_code,character varying,văn bản / phân loại,BỎ — hằng số,0.0,1,7.0,,,,,7.0,,,không có khuyết thiếu,—,—,—,—
dim_shippers,shipper_name,character varying,văn bản / phân loại,đặc trưng,0.0,100,4.0,,,,,20.0,,,không có khuyết thiếu,—,"mã hoá theo nhãn (target encoding), 100 nhóm — tính trong từng fold",mã hoá theo nhãn (target encoding),—
dim_shippers,license_plate,character varying,văn bản / phân loại,đặc trưng,0.024,168,0.0,,,,,19.0,,,"gộp vào nhóm ""(không rõ)""",—,"mã hoá theo nhãn (target encoding), 168 nhóm — tính trong từng fold",mã hoá theo nhãn (target encoding),—
dim_shippers,row_hash,character varying,văn bản / phân loại,cột kỹ thuật — không phải đặc trưng,0.0,243,12.0,,,,,32.0,,,không có khuyết thiếu,—,—,—,—
dim_shippers,id,bigint,số liên tục,cột kỹ thuật — không phải đặc trưng,0.0,57292,-1.0,14331.75,28672.5,43021.25,56927.09,57500.0,0.0003,1.99,không có khuyết thiếu,—,—,—,—
dim_shippers,source_refs,jsonb,jsonb,cột kỹ thuật — không phải đặc trưng,0.003,,,,,,,,,,"gộp vào nhóm ""(không rõ)""",—,—,—,—
dim_shippers,batch_id,bigint,số liên tục,cột kỹ thuật — không phải đặc trưng,0.005,4111,18.0,38119.0,114031.0,194958.0,240775.0,241711.0,0.032,2.11,điền trung vị,—,—,—,—
dim_shippers,valid_from,timestamp with time zone,thời gian,cột kỹ thuật — không phải đặc trưng,0.0,4112,-inf,,,,,,,,không có khuyết thiếu,—,—,—,—
dim_shippers,valid_to,timestamp with time zone,thời gian,cột kỹ thuật — không phải đặc trưng,0.173,4109,,,,,,,,,"gộp vào nhóm ""(không rõ)""",—,—,—,—
dim_shippers,is_current,boolean,nhị phân,cột kỹ thuật — không phải đặc trưng,0.0,2,,,,,,,,,không có khuyết thiếu,—,—,—,—
dim_shippers,created_at,timestamp with time zone,thời gian,cột kỹ thuật — không phải đặc trưng,0.0,4113,,,,,,,,,không có khuyết thiếu,—,—,—,—
dim_shippers,updated_at,timestamp with time zone,thời gian,cột kỹ thuật — không phải đặc trưng,0.0,4155,,,,,,,,,không có khuyết thiếu,—,—,—,—
dim_site_accounts,site_account_code,character varying,phân loại (khoá ngoại),khoá ngoại — dùng như biến phân loại,0.0,7,4.0,,,,,4.0,,,không có khuyết thiếu,—,"gần như không trùng — không mã hoá được, chỉ dùng làm khoá",không mã hoá được — chỉ dùng làm khoá,—
dim_site_accounts,site_account_name,character varying,văn bản / phân loại,đặc trưng,0.0,7,6.0,,,,,11.0,,,không có khuyết thiếu,—,"gần như không trùng — không mã hoá được, chỉ dùng làm khoá",không mã hoá được — chỉ dùng làm khoá,—
dim_site_accounts,description,character varying,văn bản / phân loại,BỎ — rỗng hoàn toàn,100.0,0,,,,,,,,,bỏ cột,—,—,—,—
dim_site_accounts,id,bigint,số rời rạc,cột kỹ thuật — không phải đặc trưng,0.0,7,1.0,2.5,4.0,5.5,6.9399999999999995,7.0,0.0,1.73,không có khuyết thiếu,—,—,—,—
dim_site_accounts,source_refs,jsonb,jsonb,BỎ — rỗng hoàn toàn,100.0,,,,,,,,,,bỏ cột,—,—,—,—
dim_site_accounts,batch_id,bigint,số rời rạc,BỎ — hằng số,0.0,1,241696.0,241696.0,241696.0,241696.0,241696.0,241696.0,,1.0,không có khuyết thiếu,—,—,—,—
dim_site_accounts,created_at,timestamp with time zone,thời gian,BỎ — hằng số,0.0,1,,,,,,,,,không có khuyết thiếu,—,—,—,—
dim_site_accounts,updated_at,timestamp with time zone,thời gian,BỎ — hằng số,0.0,1,,,,,,,,,không có khuyết thiếu,—,—,—,—
dim_site_domains,site_domain_code,character varying,phân loại (khoá ngoại),khoá ngoại — dùng như biến phân loại,0.0,137,7.0,,,,,14.0,,,không có khuyết thiếu,—,"gần như không trùng — không mã hoá được, chỉ dùng làm khoá",không mã hoá được — chỉ dùng làm khoá,—
dim_site_domains,site_domain_name,character varying,văn bản / phân loại,đặc trưng,0.0,136,2.0,,,,,22.0,,,không có khuyết thiếu,—,"gần như không trùng — không mã hoá được, chỉ dùng làm khoá",không mã hoá được — chỉ dùng làm khoá,—
dim_site_domains,site_domain_level,integer,số rời rạc,đặc trưng,0.0,5,0.0,3.0,4.0,4.0,4.0,4.0,-1.0,1.0,không có khuyết thiếu,lệch trái — cân nhắc bình phương hoặc để nguyên,one-hot (5 nhóm),one-hot,chặn trên IQR = 5.5; không có giá trị vượt
dim_site_domains,site_domain_path,character varying,văn bản / phân loại,đặc trưng,0.0,137,9.0,,,,,33.0,,,không có khuyết thiếu,—,"gần như không trùng — không mã hoá được, chỉ dùng làm khoá",không mã hoá được — chỉ dùng làm khoá,—
dim_site_domains,parent_code,character varying,phân loại (khoá ngoại),khoá ngoại — dùng như biến phân loại,0.73,28,0.0,,,,,7.0,,,"gộp vào nhóm ""(không rõ)""",—,"mã hoá theo nhãn (target encoding), 28 nhóm — tính trong từng fold",mã hoá theo nhãn (target encoding),—
dim_site_domains,id,bigint,số liên tục,cột kỹ thuật — không phải đặc trưng,0.0,137,-1.0,34.0,68.0,102.0,134.64,136.0,0.0,1.98,không có khuyết thiếu,—,—,—,—
dim_site_domains,source_refs,jsonb,jsonb,BỎ — rỗng hoàn toàn,100.0,,,,,,,,,,bỏ cột,—,—,—,—
dim_site_domains,batch_id,bigint,số rời rạc,BỎ — hằng số,0.73,1,241699.0,241699.0,241699.0,241699.0,241699.0,241699.0,,1.0,điền trung vị,—,—,—,—
dim_site_domains,created_at,timestamp with time zone,thời gian,BỎ — hằng số,0.0,1,,,,,,,,,không có khuyết thiếu,—,—,—,—
dim_site_domains,updated_at,timestamp with time zone,thời gian,cột kỹ thuật — không phải đặc trưng,0.0,2,,,,,,,,,không có khuyết thiếu,—,—,—,—
dim_site_domains,dms_city_code,character varying,phân loại (khoá ngoại),khoá ngoại — dùng như biến phân loại,0.73,63,0.0,,,,,2.0,,,"gộp vào nhóm ""(không rõ)""",—,"mã hoá theo nhãn (target encoding), 63 nhóm — tính trong từng fold",mã hoá theo nhãn (target encoding),—
dim_site_domains,dms_city_name,character varying,văn bản / phân loại,đặc trưng,0.73,63,0.0,,,,,17.0,,,"gộp vào nhóm ""(không rõ)""",—,"mã hoá theo nhãn (target encoding), 63 nhóm — tính trong từng fold",mã hoá theo nhãn (target encoding),—
dim_stores,store_code,character varying,phân loại (khoá ngoại),khoá ngoại — dùng như biến phân loại,0.0,56390,1.0,,,,,34.0,,,không có khuyết thiếu,—,"56390 nhóm — gộp nhóm hiếm trước, rồi mã hoá theo nhãn",gộp nhóm hiếm rồi mã hoá theo nhãn,—
dim_stores,site_domain_id,bigint,phân loại (khoá ngoại),khoá ngoại — dùng như biến phân loại,45.076,63,12.0,17.0,28.0,57.0,79.0,86.0,0.45,2.82,"khuyết 45.076% — gộp vào nhóm ""(không rõ)"" VÀ thêm cờ khuyết",—,"mã hoá theo nhãn (target encoding), 63 nhóm — tính trong từng fold",mã hoá theo nhãn (target encoding),—
dim_stores,group_code,character varying,phân loại (khoá ngoại),khoá ngoại — dùng như biến phân loại,0.0,2,3.0,,,,,4.0,,,không có khuyết thiếu,—,nhị phân 0/1,nhị phân 0/1,—
dim_stores,account_channel_id,bigint,phân loại (khoá ngoại),khoá ngoại — dùng như biến phân loại,5.017,75,1.0,69.0,69.0,69.0,106.0,127.0,,1.54,"khuyết 5.017% — gộp vào nhóm ""(không rõ)"" VÀ thêm cờ khuyết",—,"mã hoá theo nhãn (target encoding), 75 nhóm — tính trong từng fold",mã hoá theo nhãn (target encoding),—
dim_stores,store_name,character varying,văn bản / phân loại,đặc trưng,0.0,44612,0.0,,,,,174.0,,,không có khuyết thiếu,—,"44612 nhóm — gộp nhóm hiếm trước, rồi mã hoá theo nhãn",gộp nhóm hiếm rồi mã hoá theo nhãn,—
dim_stores,address,character varying,văn bản / phân loại,đặc trưng,32.502,36787,1.0,,,,,248.0,,,"khuyết 32.502% — gộp vào nhóm ""(không rõ)"" VÀ thêm cờ khuyết",—,"36787 nhóm — gộp nhóm hiếm trước, rồi mã hoá theo nhãn",gộp nhóm hiếm rồi mã hoá theo nhãn,—
dim_stores,system,character varying,văn bản / phân loại,đặc trưng,61.379,9313,1.0,,,,,8.0,,,"khuyết 61.379% — giữ CỜ có/không, đừng điền giá trị",—,"9313 nhóm — gộp nhóm hiếm trước, rồi mã hoá theo nhãn",gộp nhóm hiếm rồi mã hoá theo nhãn,—
dim_stores,is_legal_entity,boolean,nhị phân,đặc trưng,0.0,2,,,,,,,,,không có khuyết thiếu,—,nhị phân 0/1,nhị phân 0/1,—
dim_stores,row_hash,character varying,văn bản / phân loại,cột kỹ thuật — không phải đặc trưng,0.0,64407,12.0,,,,,32.0,,,không có khuyết thiếu,—,—,—,—
dim_stores,id,bigint,số liên tục,cột kỹ thuật — không phải đặc trưng,0.0,301391,-1.0,164825.75,252531.5,339439.25,422437.61,426087.0,-0.0046,1.67,không có khuyết thiếu,—,—,—,—
dim_stores,source_refs,jsonb,jsonb,cột kỹ thuật — không phải đặc trưng,0.0,,,,,,,,,,không có khuyết thiếu,—,—,—,—
dim_stores,batch_id,bigint,số liên tục,cột kỹ thuật — không phải đặc trưng,0.0,3028,0.0,134585.0,166145.0,169273.0,223552.0,241707.0,-0.8196,1.35,không có khuyết thiếu,—,—,—,—
dim_stores,valid_from,timestamp with time zone,thời gian,cột kỹ thuật — không phải đặc trưng,0.0,295,-inf,,,,,,,,không có khuyết thiếu,—,—,—,—
dim_stores,valid_to,timestamp with time zone,thời gian,cột kỹ thuật — không phải đặc trưng,7.907,4529,,,,,,,,,"khuyết 7.907% — gộp vào nhóm ""(không rõ)"" VÀ thêm cờ khuyết",—,—,—,—
dim_stores,is_current,boolean,nhị phân,cột kỹ thuật — không phải đặc trưng,0.0,2,,,,,,,,,không có khuyết thiếu,—,—,—,—
dim_stores,created_at,timestamp with time zone,thời gian,cột kỹ thuật — không phải đặc trưng,0.0,3562,,,,,,,,,không có khuyết thiếu,—,—,—,—
dim_stores,updated_at,timestamp with time zone,thời gian,cột kỹ thuật — không phải đặc trưng,0.0,5145,,,,,,,,,không có khuyết thiếu,—,—,—,—
dim_stores,store_format,character varying,văn bản / phân loại,BỎ — hằng số,99.998,1,5.0,,,,,5.0,,,"khuyết 99.998% — giữ CỜ có/không, đừng điền giá trị",—,—,—,—
dim_stores,account_status,character varying,văn bản / phân loại,đặc trưng,89.038,2,6.0,,,,,8.0,,,"khuyết 89.038% — giữ CỜ có/không, đừng điền giá trị",—,nhị phân 0/1,nhị phân 0/1,—
dim_stores,created_date,timestamp without time zone,thời gian,thời gian — dẫn xuất đặc trưng,98.138,111,,,,,,,,,"khuyết 98.138% — giữ CỜ có/không, đừng điền giá trị",—,—,—,—
dim_stores,phone_number,character varying,văn bản / phân loại,đặc trưng,85.957,12033,0.0,,,,,50.0,,,"khuyết 85.957% — giữ CỜ có/không, đừng điền giá trị",—,"12033 nhóm — gộp nhóm hiếm trước, rồi mã hoá theo nhãn",gộp nhóm hiếm rồi mã hoá theo nhãn,—
dim_stores,freezer_qty,integer,số rời rạc,BỎ — rỗng hoàn toàn,100.0,0,,,,,,,,,bỏ cột,—,—,—,—
dim_stores,site_number,character varying,văn bản / phân loại,đặc trưng,62.813,18986,13.0,,,,,13.0,,,"khuyết 62.813% — giữ CỜ có/không, đừng điền giá trị",—,"18986 nhóm — gộp nhóm hiếm trước, rồi mã hoá theo nhãn",gộp nhóm hiếm rồi mã hoá theo nhãn,—
dim_stores,distributor_id,bigint,phân loại (khoá ngoại),khoá ngoại — dùng như biến phân loại,93.925,26,1.0,15.0,19.0,19.0,2610.0,2610.0,-1.0,137.37,"khuyết 93.925% — giữ CỜ có/không, đừng điền giá trị",—,"mã hoá theo nhãn (target encoding), 26 nhóm — tính trong từng fold",mã hoá theo nhãn (target encoding),—
dim_stores,store_brand_code,character varying,phân loại (khoá ngoại),khoá ngoại — dùng như biến phân loại,91.306,48,2.0,,,,,13.0,,,"khuyết 91.306% — giữ CỜ có/không, đừng điền giá trị",—,"mã hoá theo nhãn (target encoding), 48 nhóm — tính trong từng fold",mã hoá theo nhãn (target encoding),—
dim_sub_inventories,sub_inventory_code,character varying,phân loại (khoá ngoại),khoá ngoại — dùng như biến phân loại,0.0,117,2.0,,,,,18.0,,,không có khuyết thiếu,—,"mã hoá theo nhãn (target encoding), 117 nhóm — tính trong từng fold",mã hoá theo nhãn (target encoding),—
dim_sub_inventories,warehouse_key,bigint,phân loại (khoá ngoại),khoá ngoại — dùng như biến phân loại,0.0,7,-1.0,2.0,3.0,6.0,7.0,7.0,0.5,2.33,không có khuyết thiếu,—,one-hot (7 nhóm),one-hot,—
dim_sub_inventories,sub_inventory_name,character varying,văn bản / phân loại,đặc trưng,1.064,186,5.0,,,,,71.0,,,"gộp vào nhóm ""(không rõ)""",—,"gần như không trùng — không mã hoá được, chỉ dùng làm khoá",không mã hoá được — chỉ dùng làm khoá,—
dim_sub_inventories,representative,character varying,văn bản / phân loại,BỎ — rỗng hoàn toàn,100.0,0,,,,,,,,,bỏ cột,—,—,—,—
dim_sub_inventories,position,character varying,văn bản / phân loại,BỎ — rỗng hoàn toàn,100.0,0,,,,,,,,,bỏ cột,—,—,—,—
dim_sub_inventories,deleted,integer,số rời rạc,BỎ — hằng số,0.0,1,0.0,0.0,0.0,0.0,0.0,0.0,,,không có khuyết thiếu,—,—,—,—
dim_sub_inventories,row_hash,character varying,văn bản / phân loại,cột kỹ thuật — không phải đặc trưng,0.0,188,12.0,,,,,32.0,,,không có khuyết thiếu,—,—,—,—
dim_sub_inventories,id,bigint,số liên tục,cột kỹ thuật — không phải đặc trưng,0.0,188,-1.0,46.75,93.5,140.25,185.13,187.0,0.0,1.98,không có khuyết thiếu,—,—,—,—
dim_sub_inventories,source_refs,jsonb,jsonb,cột kỹ thuật — không phải đặc trưng,0.0,,,,,,,,,,không có khuyết thiếu,—,—,—,—
dim_sub_inventories,batch_id,bigint,số rời rạc,cột kỹ thuật — không phải đặc trưng,0.0,8,0.0,21.0,22823.0,22823.0,34215.419999999605,158996.0,-1.0,1.5,không có khuyết thiếu,—,—,—,—
dim_sub_inventories,created_at,timestamp with time zone,thời gian,cột kỹ thuật — không phải đặc trưng,0.0,8,,,,,,,,,không có khuyết thiếu,—,—,—,—
dim_sub_inventories,updated_at,timestamp with time zone,thời gian,cột kỹ thuật — không phải đặc trưng,0.0,11,,,,,,,,,không có khuyết thiếu,—,—,—,—
dim_sub_inventories,valid_from,timestamp with time zone,thời gian,cột kỹ thuật — không phải đặc trưng,0.0,8,,,,,,,,,không có khuyết thiếu,—,—,—,—
dim_sub_inventories,valid_to,timestamp with time zone,thời gian,cột kỹ thuật — không phải đặc trưng,62.234,4,,,,,,,,,"khuyết 62.234% — giữ CỜ có/không, đừng điền giá trị",—,—,—,—
dim_sub_inventories,is_current,boolean,nhị phân,cột kỹ thuật — không phải đặc trưng,0.0,2,,,,,,,,,không có khuyết thiếu,—,—,—,—
dim_suppliers,supplier_code,character varying,phân loại (khoá ngoại),khoá ngoại — dùng như biến phân loại,0.0,63,3.0,,,,,7.0,,,không có khuyết thiếu,—,"gần như không trùng — không mã hoá được, chỉ dùng làm khoá",không mã hoá được — chỉ dùng làm khoá,—
dim_suppliers,supplier_name,character varying,văn bản / phân loại,đặc trưng,0.0,63,3.0,,,,,18.0,,,không có khuyết thiếu,—,"gần như không trùng — không mã hoá được, chỉ dùng làm khoá",không mã hoá được — chỉ dùng làm khoá,—
dim_suppliers,is_deleted,boolean,nhị phân,BỎ — rỗng hoàn toàn,100.0,0,,,,,,,,,bỏ cột,—,—,—,—
dim_suppliers,row_hash,character varying,văn bản / phân loại,cột kỹ thuật — không phải đặc trưng,0.0,63,12.0,,,,,32.0,,,không có khuyết thiếu,—,—,—,—
dim_suppliers,id,bigint,số liên tục,cột kỹ thuật — không phải đặc trưng,0.0,63,-1.0,15.5,31.0,46.5,61.38,62.0,0.0,1.98,không có khuyết thiếu,—,—,—,—
dim_suppliers,source_refs,jsonb,jsonb,cột kỹ thuật — không phải đặc trưng,0.0,,,,,,,,,,không có khuyết thiếu,—,—,—,—
dim_suppliers,batch_id,bigint,số rời rạc,cột kỹ thuật — không phải đặc trưng,0.0,4,0.0,9.0,9.0,9.0,60094.96,60121.0,,6677.22,không có khuyết thiếu,—,—,—,—
dim_suppliers,valid_from,timestamp with time zone,thời gian,cột kỹ thuật — không phải đặc trưng,0.0,4,,,,,,,,,không có khuyết thiếu,—,—,—,—
dim_suppliers,valid_to,timestamp with time zone,thời gian,BỎ — rỗng hoàn toàn,100.0,0,,,,,,,,,bỏ cột,—,—,—,—
dim_suppliers,is_current,boolean,nhị phân,BỎ — hằng số,0.0,1,,,,,,,,,không có khuyết thiếu,—,—,—,—
dim_suppliers,created_at,timestamp with time zone,thời gian,cột kỹ thuật — không phải đặc trưng,0.0,4,,,,,,,,,không có khuyết thiếu,—,—,—,—
dim_suppliers,updated_at,timestamp with time zone,thời gian,cột kỹ thuật — không phải đặc trưng,0.0,4,,,,,,,,,không có khuyết thiếu,—,—,—,—
dim_warehouse_capacity,warehouse_code,character varying,văn bản / phân loại,BỎ — hằng số,,0,,,,,,,,,—,—,—,—,—
dim_warehouse_capacity,sub_inventory_code,character varying,văn bản / phân loại,BỎ — hằng số,,0,,,,,,,,,—,—,—,—,—
dim_warehouse_capacity,capacity_carton,double precision,số rời rạc,BỎ — hằng số,,0,,,,,,,,,—,—,—,—,—
dim_warehouse_capacity,effective_from,date,thời gian,BỎ — hằng số,,0,,,,,,,,,—,—,—,—,—
dim_warehouse_capacity,effective_to,date,thời gian,BỎ — hằng số,,0,,,,,,,,,—,—,—,—,—
dim_warehouse_capacity,notes,character varying,văn bản / phân loại,BỎ — hằng số,,0,,,,,,,,,—,—,—,—,—
dim_warehouse_capacity,id,bigint,số rời rạc,BỎ — hằng số,,0,,,,,,,,,—,—,—,—,—
dim_warehouse_capacity,source_refs,jsonb,jsonb,cột kỹ thuật — không phải đặc trưng,,,,,,,,,,,—,—,—,—,—
dim_warehouse_capacity,batch_id,bigint,số rời rạc,BỎ — hằng số,,0,,,,,,,,,—,—,—,—,—
dim_warehouse_capacity,created_at,timestamp with time zone,thời gian,BỎ — hằng số,,0,,,,,,,,,—,—,—,—,—
dim_warehouse_capacity,updated_at,timestamp with time zone,thời gian,BỎ — hằng số,,0,,,,,,,,,—,—,—,—,—
dim_warehouse_target,distributor_code,character varying,văn bản / phân loại,BỎ — hằng số,,0,,,,,,,,,—,—,—,—,—
dim_warehouse_target,warehouse_code,character varying,văn bản / phân loại,BỎ — hằng số,,0,,,,,,,,,—,—,—,—,—
dim_warehouse_target,sub_inventory_code,character varying,văn bản / phân loại,BỎ — hằng số,,0,,,,,,,,,—,—,—,—,—
dim_warehouse_target,period_year,integer,số rời rạc,BỎ — hằng số,,0,,,,,,,,,—,—,—,—,—
dim_warehouse_target,period_month,integer,số rời rạc,BỎ — hằng số,,0,,,,,,,,,—,—,—,—,—
dim_warehouse_target,target_carton,double precision,số rời rạc,BỎ — hằng số,,0,,,,,,,,,—,—,—,—,—
dim_warehouse_target,target_vnd,double precision,số rời rạc,BỎ — hằng số,,0,,,,,,,,,—,—,—,—,—
dim_warehouse_target,notes,character varying,văn bản / phân loại,BỎ — hằng số,,0,,,,,,,,,—,—,—,—,—
dim_warehouse_target,id,bigint,số rời rạc,BỎ — hằng số,,0,,,,,,,,,—,—,—,—,—
dim_warehouse_target,source_refs,jsonb,jsonb,cột kỹ thuật — không phải đặc trưng,,,,,,,,,,,—,—,—,—,—
dim_warehouse_target,batch_id,bigint,số rời rạc,BỎ — hằng số,,0,,,,,,,,,—,—,—,—,—
dim_warehouse_target,created_at,timestamp with time zone,thời gian,BỎ — hằng số,,0,,,,,,,,,—,—,—,—,—
dim_warehouse_target,updated_at,timestamp with time zone,thời gian,BỎ — hằng số,,0,,,,,,,,,—,—,—,—,—
dim_warehouses,warehouse_code,character varying,phân loại (khoá ngoại),khoá ngoại — dùng như biến phân loại,0.0,39,3.0,,,,,8.0,,,không có khuyết thiếu,—,"gần như không trùng — không mã hoá được, chỉ dùng làm khoá",không mã hoá được — chỉ dùng làm khoá,—
dim_warehouses,warehouse_name,character varying,văn bản / phân loại,đặc trưng,0.0,39,6.0,,,,,44.0,,,không có khuyết thiếu,—,"gần như không trùng — không mã hoá được, chỉ dùng làm khoá",không mã hoá được — chỉ dùng làm khoá,—
dim_warehouses,address,character varying,văn bản / phân loại,đặc trưng,41.026,23,3.0,,,,,96.0,,,"khuyết 41.026% — gộp vào nhóm ""(không rõ)"" VÀ thêm cờ khuyết",—,"gần như không trùng — không mã hoá được, chỉ dùng làm khoá",không mã hoá được — chỉ dùng làm khoá,—
dim_warehouses,warehouse_type,integer,số rời rạc,BỎ — hằng số,97.436,1,0.0,0.0,0.0,0.0,0.0,0.0,,,"khuyết 97.436% — giữ CỜ có/không, đừng điền giá trị",—,—,—,—
dim_warehouses,warehouse_type_code,character varying,phân loại (khoá ngoại),khoá ngoại — dùng như biến phân loại,2.564,2,3.0,,,,,7.0,,,"gộp vào nhóm ""(không rõ)""",—,nhị phân 0/1,nhị phân 0/1,—
dim_warehouses,min_stock_qty,double precision,số rời rạc,BỎ — rỗng hoàn toàn,100.0,0,,,,,,,,,bỏ cột,—,—,—,—
dim_warehouses,dms_site_code,character varying,phân loại (khoá ngoại),khoá ngoại — dùng như biến phân loại,71.795,11,3.0,,,,,13.0,,,"khuyết 71.795% — giữ CỜ có/không, đừng điền giá trị",—,"gần như không trùng — không mã hoá được, chỉ dùng làm khoá",không mã hoá được — chỉ dùng làm khoá,—
dim_warehouses,is_active,boolean,nhị phân,BỎ — hằng số,0.0,1,,,,,,,,,không có khuyết thiếu,—,—,—,—
dim_warehouses,row_hash,character varying,văn bản / phân loại,cột kỹ thuật — không phải đặc trưng,0.0,39,12.0,,,,,32.0,,,không có khuyết thiếu,—,—,—,—
dim_warehouses,id,bigint,số liên tục,cột kỹ thuật — không phải đặc trưng,0.0,39,-1.0,9.5,19.0,28.5,37.62,38.0,0.0,1.98,không có khuyết thiếu,—,—,—,—
dim_warehouses,source_refs,jsonb,jsonb,cột kỹ thuật — không phải đặc trưng,0.0,,,,,,,,,,không có khuyết thiếu,—,—,—,—
dim_warehouses,batch_id,bigint,số rời rạc,cột kỹ thuật — không phải đặc trưng,0.0,2,0.0,15.0,15.0,15.0,15.0,15.0,,1.0,không có khuyết thiếu,—,—,—,—
dim_warehouses,valid_from,timestamp with time zone,thời gian,cột kỹ thuật — không phải đặc trưng,0.0,2,,,,,,,,,không có khuyết thiếu,—,—,—,—
dim_warehouses,valid_to,timestamp with time zone,thời gian,BỎ — rỗng hoàn toàn,100.0,0,,,,,,,,,bỏ cột,—,—,—,—
dim_warehouses,is_current,boolean,nhị phân,BỎ — hằng số,0.0,1,,,,,,,,,không có khuyết thiếu,—,—,—,—
dim_warehouses,created_at,timestamp with time zone,thời gian,cột kỹ thuật — không phải đặc trưng,0.0,2,,,,,,,,,không có khuyết thiếu,—,—,—,—
dim_warehouses,updated_at,timestamp with time zone,thời gian,cột kỹ thuật — không phải đặc trưng,0.0,2,,,,,,,,,không có khuyết thiếu,—,—,—,—
dim_weather_locations,city_name,character varying,văn bản / phân loại,đặc trưng,0.0,64,6.0,,,,,17.0,,,không có khuyết thiếu,—,"gần như không trùng — không mã hoá được, chỉ dùng làm khoá",không mã hoá được — chỉ dùng làm khoá,—
dim_weather_locations,latitude,double precision,số liên tục,đặc trưng,0.0,63,0.0,10.918275,15.8122,20.969625,22.724642,22.8233,0.0262,1.44,không có khuyết thiếu,chuẩn hoá z,—,—,chặn trên IQR = 36.05; không có giá trị vượt
dim_weather_locations,longitude,double precision,số liên tục,đặc trưng,0.0,61,0.0,105.675725,106.18020000000001,107.09832499999999,109.2496,109.3,0.2908,1.03,không có khuyết thiếu,chuẩn hoá z,—,—,chặn trên IQR = 109.23; giá trị lớn nhất vượt 1.0×
dim_weather_locations,id,bigint,số liên tục,cột kỹ thuật — không phải đặc trưng,0.0,64,-1.0,15.75,31.5,47.25,62.37,63.0,0.0,1.98,không có khuyết thiếu,—,—,—,—
dim_weather_locations,source_refs,jsonb,jsonb,cột kỹ thuật — không phải đặc trưng,0.0,,,,,,,,,,không có khuyết thiếu,—,—,—,—
dim_weather_locations,batch_id,bigint,số rời rạc,BỎ — hằng số,0.0,1,0.0,0.0,0.0,0.0,0.0,0.0,,,không có khuyết thiếu,—,—,—,—
dim_weather_locations,created_at,timestamp with time zone,thời gian,cột kỹ thuật — không phải đặc trưng,0.0,64,,,,,,,,,không có khuyết thiếu,—,—,—,—
dim_weather_locations,updated_at,timestamp with time zone,thời gian,cột kỹ thuật — không phải đặc trưng,0.0,64,,,,,,,,,không có khuyết thiếu,—,—,—,—
dms_notify_ledger,order_code,character varying,văn bản / phân loại,khoá của dòng — không dùng làm đặc trưng,0.0,67945,6.0,,,,,6.0,,,không có khuyết thiếu,—,—,—,—
dms_notify_ledger,last_notified_at,timestamp with time zone,thời gian,thời gian — dẫn xuất đặc trưng,0.0,5056,,,,,,,,,không có khuyết thiếu,—,—,—,—
dwh_batch_logs,id,bigint,số liên tục,cột kỹ thuật — không phải đặc trưng,0.0,241005,0.0,60498.0,120812.0,181100.0,239316.96,241727.0,-0.0002,1.98,không có khuyết thiếu,—,—,—,—
dwh_batch_logs,target_table,character varying,văn bản / phân loại,đặc trưng,0.0,44,7.0,,,,,31.0,,,không có khuyết thiếu,—,"mã hoá theo nhãn (target encoding), 44 nhóm — tính trong từng fold",mã hoá theo nhãn (target encoding),—
dwh_batch_logs,data_from,timestamp with time zone,thời gian,khoá của dòng — không dùng làm đặc trưng,0.0,240642,-inf,,,,,,,,không có khuyết thiếu,—,—,—,—
dwh_batch_logs,data_to,timestamp with time zone,thời gian,khoá của dòng — không dùng làm đặc trưng,0.0,241005,-inf,,,,,,,,không có khuyết thiếu,—,—,—,—
dwh_batch_logs,status,character varying,văn bản / phân loại,đặc trưng,0.0,5,5.0,,,,,10.0,,,không có khuyết thiếu,—,one-hot (5 nhóm),one-hot,—
dwh_batch_logs,row_count,integer,số liên tục,đặc trưng,0.0,5730,0.0,0.0,5.0,117.0,11359.0,2021006.0,0.9145,2271.8,không có khuyết thiếu,log1p rồi chuẩn hoá z,—,—,chặn trên IQR = 292.5; giá trị lớn nhất vượt 6909.4×
dwh_batch_logs,duration_ms,integer,số rời rạc,BỎ — hằng số,0.0,1,0.0,0.0,0.0,0.0,0.0,0.0,,,không có khuyết thiếu,—,—,—,—
dwh_batch_logs,error_message,text,văn bản / phân loại,đặc trưng,99.871,24,34.0,,,,,500.0,,,"khuyết 99.871% — giữ CỜ có/không, đừng điền giá trị",—,"mã hoá theo nhãn (target encoding), 24 nhóm — tính trong từng fold",mã hoá theo nhãn (target encoding),—
dwh_batch_logs,created_at,timestamp with time zone,thời gian,cột kỹ thuật — không phải đặc trưng,0.0,179191,,,,,,,,,không có khuyết thiếu,—,—,—,—
dwh_batch_logs,updated_at,timestamp with time zone,thời gian,cột kỹ thuật — không phải đặc trưng,0.0,241004,,,,,,,,,không có khuyết thiếu,—,—,—,—
fact_asset_activities,visit_key,bigint,số rời rạc,BỎ — hằng số,,0,,,,,,,,,—,—,—,—,—
fact_asset_activities,asset_key,bigint,số rời rạc,BỎ — hằng số,,0,,,,,,,,,—,—,—,—,—
fact_asset_activities,scan_count,integer,số rời rạc,BỎ — hằng số,,0,,,,,,,,,—,—,—,—,—
fact_asset_activities,is_active,boolean,nhị phân,BỎ — hằng số,,0,,,,,,,,,—,—,—,—,—
fact_asset_activities,id,bigint,số rời rạc,BỎ — hằng số,,0,,,,,,,,,—,—,—,—,—
fact_asset_activities,source_refs,jsonb,jsonb,cột kỹ thuật — không phải đặc trưng,,,,,,,,,,,—,—,—,—,—
fact_asset_activities,batch_id,bigint,số rời rạc,BỎ — hằng số,,0,,,,,,,,,—,—,—,—,—
fact_asset_activities,created_at,timestamp with time zone,thời gian,BỎ — hằng số,,0,,,,,,,,,—,—,—,—,—
fact_asset_activities,updated_at,timestamp with time zone,thời gian,BỎ — hằng số,,0,,,,,,,,,—,—,—,—,—
fact_asset_audits,visit_id,bigint,phân loại (khoá ngoại),khoá ngoại — dùng như biến phân loại,0.0,189998,449308.0,611095.25,716836.5,940580.75,1495816.99,1564541.0,0.3581,2.09,không có khuyết thiếu,—,"189998 nhóm — gộp nhóm hiếm trước, rồi mã hoá theo nhãn",gộp nhóm hiếm rồi mã hoá theo nhãn,—
fact_asset_audits,shop_id,bigint,phân loại (khoá ngoại),khoá ngoại — dùng như biến phân loại,0.0,11988,77501.0,95540.0,102881.0,109349.0,210303.7899999998,426087.0,-0.0632,2.04,không có khuyết thiếu,—,"11988 nhóm — gộp nhóm hiếm trước, rồi mã hoá theo nhãn",gộp nhóm hiếm rồi mã hoá theo nhãn,—
fact_asset_audits,asset_id,bigint,phân loại (khoá ngoại),khoá ngoại — dùng như biến phân loại,0.0,15393,6.0,11496.0,13877.0,15881.0,27409.0,32962.0,-0.086,1.98,không có khuyết thiếu,—,"15393 nhóm — gộp nhóm hiếm trước, rồi mã hoá theo nhãn",gộp nhóm hiếm rồi mã hoá theo nhãn,—
fact_asset_audits,audit_date,timestamp without time zone,thời gian,thời gian — dẫn xuất đặc trưng,0.0,187406,,,,,,,,,không có khuyết thiếu,—,—,—,—
fact_asset_audits,qr_code,character varying,phân loại (khoá ngoại),khoá ngoại — dùng như biến phân loại,0.0,11237,3.0,,,,,34.0,,,không có khuyết thiếu,—,"11237 nhóm — gộp nhóm hiếm trước, rồi mã hoá theo nhãn",gộp nhóm hiếm rồi mã hoá theo nhãn,—
fact_asset_audits,is_scanned,boolean,nhị phân,BỎ — hằng số,0.0,1,,,,,,,,,không có khuyết thiếu,—,—,—,—
fact_asset_audits,condition_status,character varying,văn bản / phân loại,BỎ — rỗng hoàn toàn,100.0,0,,,,,,,,,bỏ cột,—,—,—,—
fact_asset_audits,notes,text,văn bản / phân loại,BỎ — rỗng hoàn toàn,100.0,0,,,,,,,,,bỏ cột,—,—,—,—
fact_asset_audits,id,bigint,số liên tục,cột kỹ thuật — không phải đặc trưng,0.0,216302,207421.0,261496.25,315571.5,439323.75,724630.97,750335.0,0.3918,2.3,không có khuyết thiếu,—,—,—,—
fact_asset_audits,source_refs,jsonb,jsonb,BỎ — rỗng hoàn toàn,100.0,,,,,,,,,,bỏ cột,—,—,—,—
fact_asset_audits,batch_id,bigint,số rời rạc,BỎ — rỗng hoàn toàn,100.0,0,,,,,,,,,bỏ cột,—,—,—,—
fact_asset_audits,created_at,timestamp with time zone,thời gian,cột kỹ thuật — không phải đặc trưng,0.0,1868,,,,,,,,,không có khuyết thiếu,—,—,—,—
fact_asset_audits,updated_at,timestamp with time zone,thời gian,cột kỹ thuật — không phải đặc trưng,0.0,1868,,,,,,,,,không có khuyết thiếu,—,—,—,—
fact_asset_inventory,id,bigint,số liên tục,cột kỹ thuật — không phải đặc trưng,0.0,20178,1.0,5045.25,10089.5,15133.75,28322.23,56382.0,0.0,2.81,không có khuyết thiếu,—,—,—,—
fact_asset_inventory,batch_id,bigint,số liên tục,cột kỹ thuật — không phải đặc trưng,0.0,469,57090.0,57090.0,57090.0,57090.0,228204.43,241714.0,,4.0,không có khuyết thiếu,—,—,—,—
fact_asset_inventory,source_refs,jsonb,jsonb,cột kỹ thuật — không phải đặc trưng,0.0,,,,,,,,,,không có khuyết thiếu,—,—,—,—
fact_asset_inventory,serial,character varying,văn bản / phân loại,khoá của dòng — không dùng làm đặc trưng,0.0,20178,1.0,,,,,34.0,,,không có khuyết thiếu,—,—,—,—
fact_asset_inventory,distributor_key,bigint,phân loại (khoá ngoại),khoá ngoại — dùng như biến phân loại,0.0,23,-1.0,-1.0,-1.0,5.0,2597.0,2610.0,1.0,,không có khuyết thiếu,—,"mã hoá theo nhãn (target encoding), 23 nhóm — tính trong từng fold",mã hoá theo nhãn (target encoding),—
fact_asset_inventory,warehouse_key,bigint,phân loại (khoá ngoại),khoá ngoại — dùng như biến phân loại,92.859,8,26.0,27.0,34.0,37.0,38.0,38.0,-0.4,1.12,"khuyết 92.859% — giữ CỜ có/không, đừng điền giá trị",—,one-hot (8 nhóm),one-hot,—
fact_asset_inventory,shop_id,bigint,phân loại (khoá ngoại),khoá ngoại — dùng như biến phân loại,29.621,10981,77499.0,96077.0,103983.0,112582.0,384029.0,426075.0,0.042,3.69,"khuyết 29.621% — gộp vào nhóm ""(không rõ)"" VÀ thêm cờ khuyết",—,"10981 nhóm — gộp nhóm hiếm trước, rồi mã hoá theo nhãn",gộp nhóm hiếm rồi mã hoá theo nhãn,—
fact_asset_inventory,holder_code,character varying,phân loại (khoá ngoại),khoá ngoại — dùng như biến phân loại,0.0,32,3.0,,,,,9.0,,,không có khuyết thiếu,—,"mã hoá theo nhãn (target encoding), 32 nhóm — tính trong từng fold",mã hoá theo nhãn (target encoding),—
fact_asset_inventory,holder_name,character varying,văn bản / phân loại,đặc trưng,0.0,32,8.0,,,,,46.0,,,không có khuyết thiếu,—,"mã hoá theo nhãn (target encoding), 32 nhóm — tính trong từng fold",mã hoá theo nhãn (target encoding),—
fact_asset_inventory,qr_code,character varying,phân loại (khoá ngoại),khoá ngoại — dùng như biến phân loại,8.172,11265,0.0,,,,,38.0,,,"khuyết 8.172% — gộp vào nhóm ""(không rõ)"" VÀ thêm cờ khuyết",—,"11265 nhóm — gộp nhóm hiếm trước, rồi mã hoá theo nhãn",gộp nhóm hiếm rồi mã hoá theo nhãn,—
fact_asset_inventory,status,character varying,văn bản / phân loại,đặc trưng,0.0,3,0.0,,,,,7.0,,,không có khuyết thiếu,—,one-hot (3 nhóm),one-hot,—
fact_asset_inventory,is_deleted,boolean,nhị phân,đặc trưng,0.0,2,,,,,,,,,không có khuyết thiếu,—,nhị phân 0/1,nhị phân 0/1,—
fact_asset_inventory,asset_code,character varying,văn bản / phân loại,BỎ — hằng số,0.0,1,7.0,,,,,7.0,,,không có khuyết thiếu,—,—,—,—
fact_asset_inventory,brand_code,character varying,phân loại (khoá ngoại),khoá ngoại — dùng như biến phân loại,0.0,20,0.0,,,,,4.0,,,không có khuyết thiếu,—,"mã hoá theo nhãn (target encoding), 20 nhóm — tính trong từng fold",mã hoá theo nhãn (target encoding),—
fact_asset_inventory,model,character varying,văn bản / phân loại,đặc trưng,0.0,84,0.0,,,,,12.0,,,không có khuyết thiếu,—,"mã hoá theo nhãn (target encoding), 84 nhóm — tính trong từng fold",mã hoá theo nhãn (target encoding),—
fact_asset_inventory,capacity,character varying,văn bản / phân loại,đặc trưng,0.0,27,0.0,,,,,5.0,,,không có khuyết thiếu,—,"mã hoá theo nhãn (target encoding), 27 nhóm — tính trong từng fold",mã hoá theo nhãn (target encoding),—
fact_asset_inventory,subinventory_code,character varying,phân loại (khoá ngoại),khoá ngoại — dùng như biến phân loại,2.711,27,0.0,,,,,10.0,,,"gộp vào nhóm ""(không rõ)""",—,"mã hoá theo nhãn (target encoding), 27 nhóm — tính trong từng fold",mã hoá theo nhãn (target encoding),—
fact_asset_inventory,shop_code,character varying,phân loại (khoá ngoại),khoá ngoại — dùng như biến phân loại,27.49,11305,5.0,,,,,18.0,,,"khuyết 27.49% — gộp vào nhóm ""(không rõ)"" VÀ thêm cờ khuyết",—,"11305 nhóm — gộp nhóm hiếm trước, rồi mã hoá theo nhãn",gộp nhóm hiếm rồi mã hoá theo nhãn,—
fact_asset_inventory,source_updated_at,timestamp without time zone,thời gian,thời gian — dẫn xuất đặc trưng,0.0,1046,,,,,,,,,không có khuyết thiếu,—,—,—,—
fact_asset_inventory,source_id,bigint,số liên tục,khoá của dòng — không dùng làm đặc trưng,0.0,20178,1.0,5048.25,10097.5,15149.75,20007.23,20209.0,0.0003,1.98,không có khuyết thiếu,—,—,—,—
fact_asset_inventory,created_at,timestamp with time zone,thời gian,cột kỹ thuật — không phải đặc trưng,0.0,13,,,,,,,,,không có khuyết thiếu,—,—,—,—
fact_asset_inventory,updated_at,timestamp with time zone,thời gian,cột kỹ thuật — không phải đặc trưng,0.0,469,,,,,,,,,không có khuyết thiếu,—,—,—,—
fact_asset_inventory,supplier,character varying,văn bản / phân loại,đặc trưng,0.099,3,8.0,,,,,10.0,,,"gộp vào nhóm ""(không rõ)""",—,one-hot (3 nhóm),one-hot,—
fact_asset_placements,shop_id,bigint,số rời rạc,BỎ — hằng số,,0,,,,,,,,,—,—,—,—,—
fact_asset_placements,asset_id,bigint,số rời rạc,BỎ — hằng số,,0,,,,,,,,,—,—,—,—,—
fact_asset_placements,allocated_date,timestamp without time zone,thời gian,BỎ — hằng số,,0,,,,,,,,,—,—,—,—,—
fact_asset_placements,is_active,boolean,nhị phân,BỎ — hằng số,,0,,,,,,,,,—,—,—,—,—
fact_asset_placements,image_url,character varying,văn bản / phân loại,BỎ — hằng số,,0,,,,,,,,,—,—,—,—,—
fact_asset_placements,placement_id,bigint,số rời rạc,BỎ — hằng số,,0,,,,,,,,,—,—,—,—,—
fact_asset_placements,id,bigint,số rời rạc,BỎ — hằng số,,0,,,,,,,,,—,—,—,—,—
fact_asset_placements,source_refs,jsonb,jsonb,cột kỹ thuật — không phải đặc trưng,,,,,,,,,,,—,—,—,—,—
fact_asset_placements,batch_id,bigint,số rời rạc,BỎ — hằng số,,0,,,,,,,,,—,—,—,—,—
fact_asset_placements,created_at,timestamp with time zone,thời gian,BỎ — hằng số,,0,,,,,,,,,—,—,—,—,—
fact_asset_placements,updated_at,timestamp with time zone,thời gian,BỎ — hằng số,,0,,,,,,,,,—,—,—,—,—
fact_delivery_details,date_key,integer,phân loại (khoá ngoại),khoá ngoại — dùng như biến phân loại,0.006,171,20250331.0,20260525.0,20260622.0,20260724.0,20260828.0,20290813.0,0.0251,1.0,"gộp vào nhóm ""(không rõ)""",—,"mã hoá theo nhãn (target encoding), 171 nhóm — tính trong từng fold",mã hoá theo nhãn (target encoding),—
fact_delivery_details,store_key,bigint,phân loại (khoá ngoại),khoá ngoại — dùng như biến phân loại,0.0,11355,77496.0,92794.0,98251.0,107635.0,412022.31999999983,426077.0,0.2646,4.19,không có khuyết thiếu,—,"11355 nhóm — gộp nhóm hiếm trước, rồi mã hoá theo nhãn",gộp nhóm hiếm rồi mã hoá theo nhãn,—
fact_delivery_details,product_key,bigint,phân loại (khoá ngoại),khoá ngoại — dùng như biến phân loại,0.0,569,2.0,1016.0,1260.0,1968.0,2519.0,2542.0,0.4874,2.0,không có khuyết thiếu,—,"569 nhóm — gộp nhóm hiếm trước, rồi mã hoá theo nhãn",gộp nhóm hiếm rồi mã hoá theo nhãn,—
fact_delivery_details,employee_key,bigint,phân loại (khoá ngoại),khoá ngoại — dùng như biến phân loại,0.0,375,-1.0,260.0,431.0,547.0,4843.0,6731.0,-0.1916,11.24,không có khuyết thiếu,—,"375 nhóm — gộp nhóm hiếm trước, rồi mã hoá theo nhãn",gộp nhóm hiếm rồi mã hoá theo nhãn,—
fact_delivery_details,shipper_key,bigint,phân loại (khoá ngoại),khoá ngoại — dùng như biến phân loại,0.0,4610,5.0,10067.0,16729.0,28486.0,56727.439999999944,57453.0,0.2766,3.39,không có khuyết thiếu,—,"4610 nhóm — gộp nhóm hiếm trước, rồi mã hoá theo nhãn",gộp nhóm hiếm rồi mã hoá theo nhãn,—
fact_delivery_details,delivery_status_key,integer,phân loại (khoá ngoại),khoá ngoại — dùng như biến phân loại,0.0,77,6.0,6.0,9.0,22.0,55.0,38976.0,0.625,6.11,không có khuyết thiếu,—,"mã hoá theo nhãn (target encoding), 77 nhóm — tính trong từng fold",mã hoá theo nhãn (target encoding),—
fact_delivery_details,warehouse_key,bigint,phân loại (khoá ngoại),khoá ngoại — dùng như biến phân loại,0.0,7,-1.0,2.0,5.0,6.0,7.0,7.0,-0.5,1.4,không có khuyết thiếu,—,one-hot (7 nhóm),one-hot,—
fact_delivery_details,sub_inventory_key,bigint,phân loại (khoá ngoại),khoá ngoại — dùng như biến phân loại,0.0,66,-1.0,94.0,102.0,120.0,141.0,186.0,0.3846,1.38,không có khuyết thiếu,—,"mã hoá theo nhãn (target encoding), 66 nhóm — tính trong từng fold",mã hoá theo nhãn (target encoding),—
fact_delivery_details,delivery_note_code,character varying,phân loại (khoá ngoại),khoá ngoại — dùng như biến phân loại,0.0,80365,13.0,,,,,15.0,,,không có khuyết thiếu,—,"80365 nhóm — gộp nhóm hiếm trước, rồi mã hoá theo nhãn",gộp nhóm hiếm rồi mã hoá theo nhãn,—
fact_delivery_details,so_number,character varying,văn bản / phân loại,đặc trưng,0.0,78281,3.0,,,,,16.0,,,không có khuyết thiếu,—,"78281 nhóm — gộp nhóm hiếm trước, rồi mã hoá theo nhãn",gộp nhóm hiếm rồi mã hoá theo nhãn,—
fact_delivery_details,product_type,character varying,văn bản / phân loại,đặc trưng,0.0,3,0.0,,,,,4.0,,,không có khuyết thiếu,—,one-hot (3 nhóm),one-hot,—
fact_delivery_details,unit,character varying,văn bản / phân loại,đặc trưng,0.0,12,2.0,,,,,3.0,,,không có khuyết thiếu,—,one-hot (12 nhóm),one-hot,—
fact_delivery_details,serial,character varying,phân loại (khoá ngoại),khoá ngoại — dùng như biến phân loại,99.992,18,0.0,,,,,9.0,,,"khuyết 99.992% — giữ CỜ có/không, đừng điền giá trị",—,"mã hoá theo nhãn (target encoding), 18 nhóm — tính trong từng fold",mã hoá theo nhãn (target encoding),—
fact_delivery_details,note_source,character varying,văn bản / phân loại,đặc trưng,0.0,2,3.0,,,,,3.0,,,không có khuyết thiếu,—,nhị phân 0/1,nhị phân 0/1,—
fact_delivery_details,note_type,character varying,văn bản / phân loại,đặc trưng,0.0,2,6.0,,,,,7.0,,,không có khuyết thiếu,—,nhị phân 0/1,nhị phân 0/1,—
fact_delivery_details,attempt_count,integer,số rời rạc,đặc trưng,0.0,3,1.0,1.0,1.0,1.0,2.0,3.0,,2.0,không có khuyết thiếu,chuẩn hoá z,one-hot (3 nhóm),one-hot,IQR bằng 0 — quá nửa số dòng cùng một giá trị
fact_delivery_details,trip_code,character varying,phân loại (khoá ngoại),khoá ngoại — dùng như biến phân loại,1.195,4512,13.0,,,,,13.0,,,"gộp vào nhóm ""(không rõ)""",—,"4512 nhóm — gộp nhóm hiếm trước, rồi mã hoá theo nhãn",gộp nhóm hiếm rồi mã hoá theo nhãn,—
fact_delivery_details,created_date_key,integer,phân loại (khoá ngoại),khoá ngoại — dùng như biến phân loại,0.0,160,20260316.0,20260525.0,20260622.0,20260724.0,20260827.0,20260828.0,0.0251,1.0,không có khuyết thiếu,—,"mã hoá theo nhãn (target encoding), 160 nhóm — tính trong từng fold",mã hoá theo nhãn (target encoding),—
fact_delivery_details,shipper_received_date_key,integer,phân loại (khoá ngoại),khoá ngoại — dùng như biến phân loại,96.664,129,20260316.0,20260328.0,20260401.0,20260604.0,20260826.0,20260827.0,0.471,1.0,"khuyết 96.664% — giữ CỜ có/không, đừng điền giá trị",—,"mã hoá theo nhãn (target encoding), 129 nhóm — tính trong từng fold",mã hoá theo nhãn (target encoding),—
fact_delivery_details,shipper_received_at,timestamp without time zone,thời gian,thời gian — dẫn xuất đặc trưng,96.664,2617,,,,,,,,,"khuyết 96.664% — giữ CỜ có/không, đừng điền giá trị",—,—,—,—
fact_delivery_details,completed_date_key,integer,phân loại (khoá ngoại),khoá ngoại — dùng như biến phân loại,9.545,153,20260326.0,20260527.0,20260625.0,20260727.0,20260827.0,20260828.0,0.02,1.0,"khuyết 9.545% — gộp vào nhóm ""(không rõ)"" VÀ thêm cờ khuyết",—,"mã hoá theo nhãn (target encoding), 153 nhóm — tính trong từng fold",mã hoá theo nhãn (target encoding),—
fact_delivery_details,dispatcher_name,character varying,văn bản / phân loại,đặc trưng,1.196,29,5.0,,,,,23.0,,,"gộp vào nhóm ""(không rõ)""",—,"mã hoá theo nhãn (target encoding), 29 nhóm — tính trong từng fold",mã hoá theo nhãn (target encoding),—
fact_delivery_details,accountant_name,character varying,văn bản / phân loại,đặc trưng,54.463,22,8.0,,,,,23.0,,,"khuyết 54.463% — gộp vào nhóm ""(không rõ)"" VÀ thêm cờ khuyết",—,"mã hoá theo nhãn (target encoding), 22 nhóm — tính trong từng fold",mã hoá theo nhãn (target encoding),—
fact_delivery_details,is_warehouse_confirmed,integer,số rời rạc,đặc trưng,0.0,2,0.0,0.0,0.0,1.0,1.0,1.0,1.0,,không có khuyết thiếu,log1p rồi chuẩn hoá z,nhị phân 0/1,nhị phân 0/1,chặn trên IQR = 2.5; không có giá trị vượt
fact_delivery_details,is_accountant_confirmed,integer,số rời rạc,đặc trưng,0.0,3,0.0,0.0,0.0,1.0,1.0,2.0,1.0,,không có khuyết thiếu,log1p rồi chuẩn hoá z,one-hot (3 nhóm),one-hot,chặn trên IQR = 2.5; không có giá trị vượt
fact_delivery_details,note_status,character varying,văn bản / phân loại,đặc trưng,0.0,7,3.0,,,,,18.0,,,không có khuyết thiếu,—,one-hot (7 nhóm),one-hot,—
fact_delivery_details,delivery_status,character varying,văn bản / phân loại,đặc trưng,0.0,4,8.0,,,,,16.0,,,không có khuyết thiếu,—,one-hot (4 nhóm),one-hot,—
fact_delivery_details,payment_status,character varying,văn bản / phân loại,đặc trưng,9.181,3,4.0,,,,,8.0,,,"khuyết 9.181% — gộp vào nhóm ""(không rõ)"" VÀ thêm cờ khuyết",—,one-hot (3 nhóm),one-hot,—
fact_delivery_details,received_qty_status,character varying,văn bản / phân loại,BỎ — hằng số,0.0,1,4.0,,,,,4.0,,,không có khuyết thiếu,—,—,—,—
fact_delivery_details,recon_status,character varying,văn bản / phân loại,BỎ — hằng số,0.0,1,8.0,,,,,8.0,,,không có khuyết thiếu,—,—,—,—
fact_delivery_details,docs_status,character varying,văn bản / phân loại,đặc trưng,0.0,2,13.0,,,,,17.0,,,không có khuyết thiếu,—,nhị phân 0/1,nhị phân 0/1,—
fact_delivery_details,note_reason,text,văn bản / phân loại,đặc trưng,95.601,588,1.0,,,,,95.0,,,"khuyết 95.601% — giữ CỜ có/không, đừng điền giá trị",—,"588 nhóm — gộp nhóm hiếm trước, rồi mã hoá theo nhãn",gộp nhóm hiếm rồi mã hoá theo nhãn,—
fact_delivery_details,pod_image_url,jsonb,jsonb,đặc trưng,0.0,,,,,,,,,,không có khuyết thiếu,—,—,—,—
fact_delivery_details,license_plate,character varying,văn bản / phân loại,đặc trưng,0.008,394,0.0,,,,,20.0,,,"gộp vào nhóm ""(không rõ)""",—,"394 nhóm — gộp nhóm hiếm trước, rồi mã hoá theo nhãn",gộp nhóm hiếm rồi mã hoá theo nhãn,—
fact_delivery_details,qty_so,numeric,số liên tục,đặc trưng,0.0,1019,0.0,8.0,20.0,25.0,850.0,21227727.0,-0.4118,42.5,không có khuyết thiếu,log1p rồi chuẩn hoá z,—,—,chặn trên IQR = 50.5; giá trị lớn nhất vượt 420351.0×
fact_delivery_details,qty_delivered,numeric,số liên tục,đặc trưng,0.0,967,0.0,6.0,16.0,25.0,775.0,21227727.0,-0.0526,48.44,không có khuyết thiếu,log1p rồi chuẩn hoá z,—,—,chặn trên IQR = 53.5; giá trị lớn nhất vượt 396779.9×
fact_delivery_details,qty_received,numeric,số liên tục,đặc trưng,0.0,1027,0.0,10.0,20.0,28.0,875.0,21227727.0,-0.1111,43.75,không có khuyết thiếu,log1p rồi chuẩn hoá z,—,—,chặn trên IQR = 55.0; giá trị lớn nhất vượt 385958.7×
fact_delivery_details,qty_remain,numeric,số liên tục,đặc trưng,0.0,92,0.0,0.0,0.0,0.0,0.0,1036800.0,,,không có khuyết thiếu,chuẩn hoá z,—,—,IQR bằng 0 — quá nửa số dòng cùng một giá trị
fact_delivery_details,ai_qty_received,numeric,số rời rạc,BỎ — hằng số,0.0,1,0.0,0.0,0.0,0.0,0.0,0.0,,,không có khuyết thiếu,—,—,—,—
fact_delivery_details,is_valid_line,integer,số rời rạc,đặc trưng,0.0,2,0.0,1.0,1.0,1.0,1.0,1.0,,1.0,không có khuyết thiếu,chuẩn hoá z,nhị phân 0/1,nhị phân 0/1,IQR bằng 0 — quá nửa số dòng cùng một giá trị
fact_delivery_details,id,bigint,số liên tục,cột kỹ thuật — không phải đặc trưng,0.0,301218,920863.0,1010214.0,1586612.0,2643179.0,4316303.72,4357116.0,0.294,2.72,không có khuyết thiếu,—,—,—,—
fact_delivery_details,source_refs,jsonb,jsonb,cột kỹ thuật — không phải đặc trưng,0.0,,,,,,,,,,không có khuyết thiếu,—,—,—,—
fact_delivery_details,batch_id,bigint,số liên tục,cột kỹ thuật — không phải đặc trưng,0.0,1873,25165.0,25165.0,43647.0,125487.0,240515.0,241719.0,0.6315,5.51,không có khuyết thiếu,—,—,—,—
fact_delivery_details,created_at,timestamp with time zone,thời gian,cột kỹ thuật — không phải đặc trưng,0.0,1873,,,,,,,,,không có khuyết thiếu,—,—,—,—
fact_delivery_details,updated_at,timestamp with time zone,thời gian,cột kỹ thuật — không phải đặc trưng,0.0,1873,,,,,,,,,không có khuyết thiếu,—,—,—,—
fact_inventory_daily_balances,source_system,character varying,văn bản / phân loại,BỎ — hằng số,0.0,1,3.0,,,,,3.0,,,không có khuyết thiếu,—,—,—,—
fact_inventory_daily_balances,date_key,integer,phân loại (khoá ngoại),khoá ngoại — dùng như biến phân loại,0.0,57,20260703.0,20260717.0,20260731.0,20260815.0,20260828.0,20260828.0,0.7143,1.0,không có khuyết thiếu,—,"mã hoá theo nhãn (target encoding), 57 nhóm — tính trong từng fold",mã hoá theo nhãn (target encoding),—
fact_inventory_daily_balances,warehouse_id,bigint,phân loại (khoá ngoại),khoá ngoại — dùng như biến phân loại,0.0,26,9.0,14.0,20.0,28.0,37.0,37.0,0.1429,1.85,không có khuyết thiếu,—,"mã hoá theo nhãn (target encoding), 26 nhóm — tính trong từng fold",mã hoá theo nhãn (target encoding),—
fact_inventory_daily_balances,product_id,bigint,phân loại (khoá ngoại),khoá ngoại — dùng như biến phân loại,0.0,245,1336.0,1942.5,2303.0,2329.0,2522.0,2540.0,-0.8655,1.1,không có khuyết thiếu,—,"245 nhóm — gộp nhóm hiếm trước, rồi mã hoá theo nhãn",gộp nhóm hiếm rồi mã hoá theo nhãn,—
fact_inventory_daily_balances,opening_quantity,double precision,số liên tục,đặc trưng,0.0,2968,-192.0,0.0,19.0,286.0,12158.0,16247.0,0.8671,639.89,không có khuyết thiếu,Yeo-Johnson (có giá trị âm nên không log được),—,—,chặn trên IQR = 715.0; giá trị lớn nhất vượt 22.7×
fact_inventory_daily_balances,import_quantity,double precision,số liên tục,đặc trưng,0.0,209,0.0,0.0,0.0,0.0,265.679999999993,13224.0,,,không có khuyết thiếu,chuẩn hoá z,—,—,IQR bằng 0 — quá nửa số dòng cùng một giá trị
fact_inventory_daily_balances,export_quantity,double precision,số liên tục,đặc trưng,0.0,598,0.0,0.0,0.0,0.0,247.0,4800.0,,,không có khuyết thiếu,chuẩn hoá z,—,—,IQR bằng 0 — quá nửa số dòng cùng một giá trị
fact_inventory_daily_balances,closing_quantity,double precision,số liên tục,đặc trưng,0.0,2993,-192.0,0.0,23.0,290.0,12158.0,16247.0,0.8414,528.61,không có khuyết thiếu,Yeo-Johnson (có giá trị âm nên không log được),—,—,chặn trên IQR = 725.0; giá trị lớn nhất vượt 22.4×
fact_inventory_daily_balances,closing_value,double precision,số rời rạc,BỎ — hằng số,0.0,1,0.0,0.0,0.0,0.0,0.0,0.0,,,không có khuyết thiếu,—,—,—,—
fact_inventory_daily_balances,id,bigint,số liên tục,cột kỹ thuật — không phải đặc trưng,0.0,116787,9324560.0,9353756.5,9382953.0,10053727.5,16285427.14,16443263.0,0.9166,1.74,không có khuyết thiếu,—,—,—,—
fact_inventory_daily_balances,source_refs,jsonb,jsonb,cột kỹ thuật — không phải đặc trưng,0.0,,,,,,,,,,không có khuyết thiếu,—,—,—,—
fact_inventory_daily_balances,batch_id,bigint,số rời rạc,cột kỹ thuật — không phải đặc trưng,0.0,17,176683.0,176683.0,176683.0,186979.0,241722.0,241722.0,1.0,1.37,không có khuyết thiếu,—,—,—,—
fact_inventory_daily_balances,created_at,timestamp with time zone,thời gian,cột kỹ thuật — không phải đặc trưng,0.0,68,,,,,,,,,không có khuyết thiếu,—,—,—,—
fact_inventory_daily_balances,updated_at,timestamp with time zone,thời gian,cột kỹ thuật — không phải đặc trưng,0.0,57,,,,,,,,,không có khuyết thiếu,—,—,—,—
fact_inventory_lot_snapshot,source_system,character varying,văn bản / phân loại,đặc trưng,0.0,2,3.0,,,,,6.0,,,không có khuyết thiếu,—,nhị phân 0/1,nhị phân 0/1,—
fact_inventory_lot_snapshot,date_key,integer,phân loại (khoá ngoại),khoá ngoại — dùng như biến phân loại,0.0,79,20260609.0,20260703.0,20260722.0,20260811.0,20260828.0,20260828.0,0.6481,1.0,không có khuyết thiếu,—,"mã hoá theo nhãn (target encoding), 79 nhóm — tính trong từng fold",mã hoá theo nhãn (target encoding),—
fact_inventory_lot_snapshot,warehouse_id,bigint,phân loại (khoá ngoại),khoá ngoại — dùng như biến phân loại,0.0,32,2.0,2.0,3.0,6.0,36.0,37.0,0.5,12.0,không có khuyết thiếu,—,"mã hoá theo nhãn (target encoding), 32 nhóm — tính trong từng fold",mã hoá theo nhãn (target encoding),—
fact_inventory_lot_snapshot,sub_inventory_id,bigint,phân loại (khoá ngoại),khoá ngoại — dùng như biến phân loại,0.0,90,-1.0,35.0,86.0,113.0,186.0,187.0,-0.3077,2.16,không có khuyết thiếu,—,"mã hoá theo nhãn (target encoding), 90 nhóm — tính trong từng fold",mã hoá theo nhãn (target encoding),—
fact_inventory_lot_snapshot,product_id,bigint,phân loại (khoá ngoại),khoá ngoại — dùng như biến phân loại,0.0,1332,-1.0,1368.0,1788.0,2298.0,2518.0,2542.0,0.0968,1.41,không có khuyết thiếu,—,"1332 nhóm — gộp nhóm hiếm trước, rồi mã hoá theo nhãn",gộp nhóm hiếm rồi mã hoá theo nhãn,—
fact_inventory_lot_snapshot,brand_id,bigint,phân loại (khoá ngoại),khoá ngoại — dùng như biến phân loại,0.0,2217,127.0,230.0,259.0,217299.0,525299.0,528514.0,0.9997,2028.18,không có khuyết thiếu,—,"2217 nhóm — gộp nhóm hiếm trước, rồi mã hoá theo nhãn",gộp nhóm hiếm rồi mã hoá theo nhãn,—
fact_inventory_lot_snapshot,lot_code,character varying,phân loại (khoá ngoại),khoá ngoại — dùng như biến phân loại,0.0,7920,3.0,,,,,34.0,,,không có khuyết thiếu,—,"7920 nhóm — gộp nhóm hiếm trước, rồi mã hoá theo nhãn",gộp nhóm hiếm rồi mã hoá theo nhãn,—
fact_inventory_lot_snapshot,expiry_date,date,thời gian,thời gian — dẫn xuất đặc trưng,36.087,961,,,,,,,,,"khuyết 36.087% — gộp vào nhóm ""(không rõ)"" VÀ thêm cờ khuyết",—,—,—,—
fact_inventory_lot_snapshot,warehouse_code_raw,character varying,văn bản / phân loại,đặc trưng,0.0,32,3.0,,,,,8.0,,,không có khuyết thiếu,—,"mã hoá theo nhãn (target encoding), 32 nhóm — tính trong từng fold",mã hoá theo nhãn (target encoding),—
fact_inventory_lot_snapshot,sub_inventory_code_raw,character varying,văn bản / phân loại,đặc trưng,13.223,59,2.0,,,,,15.0,,,"khuyết 13.223% — gộp vào nhóm ""(không rõ)"" VÀ thêm cờ khuyết",—,"mã hoá theo nhãn (target encoding), 59 nhóm — tính trong từng fold",mã hoá theo nhãn (target encoding),—
fact_inventory_lot_snapshot,product_code_raw,character varying,văn bản / phân loại,đặc trưng,0.0,691,12.0,,,,,12.0,,,không có khuyết thiếu,—,"691 nhóm — gộp nhóm hiếm trước, rồi mã hoá theo nhãn",gộp nhóm hiếm rồi mã hoá theo nhãn,—
fact_inventory_lot_snapshot,brand_code_raw,character varying,văn bản / phân loại,đặc trưng,13.223,101,4.0,,,,,4.0,,,"khuyết 13.223% — gộp vào nhóm ""(không rõ)"" VÀ thêm cờ khuyết",—,"mã hoá theo nhãn (target encoding), 101 nhóm — tính trong từng fold",mã hoá theo nhãn (target encoding),—
fact_inventory_lot_snapshot,locator,character varying,văn bản / phân loại,đặc trưng,13.71,95,7.0,,,,,18.0,,,"khuyết 13.71% — gộp vào nhóm ""(không rõ)"" VÀ thêm cờ khuyết",—,"mã hoá theo nhãn (target encoding), 95 nhóm — tính trong từng fold",mã hoá theo nhãn (target encoding),—
fact_inventory_lot_snapshot,g_department,character varying,văn bản / phân loại,đặc trưng,13.223,9,9.0,,,,,21.0,,,"khuyết 13.223% — gộp vào nhóm ""(không rõ)"" VÀ thêm cờ khuyết",—,one-hot (9 nhóm),one-hot,—
fact_inventory_lot_snapshot,category,character varying,văn bản / phân loại,đặc trưng,13.223,28,4.0,,,,,30.0,,,"khuyết 13.223% — gộp vào nhóm ""(không rõ)"" VÀ thêm cờ khuyết",—,"mã hoá theo nhãn (target encoding), 28 nhóm — tính trong từng fold",mã hoá theo nhãn (target encoding),—
fact_inventory_lot_snapshot,sub_category,character varying,văn bản / phân loại,đặc trưng,13.223,50,21.0,,,,,74.0,,,"khuyết 13.223% — gộp vào nhóm ""(không rõ)"" VÀ thêm cờ khuyết",—,"mã hoá theo nhãn (target encoding), 50 nhóm — tính trong từng fold",mã hoá theo nhãn (target encoding),—
fact_inventory_lot_snapshot,barcode,character varying,văn bản / phân loại,đặc trưng,36.066,351,8.0,,,,,14.0,,,"khuyết 36.066% — gộp vào nhóm ""(không rõ)"" VÀ thêm cờ khuyết",—,"351 nhóm — gộp nhóm hiếm trước, rồi mã hoá theo nhãn",gộp nhóm hiếm rồi mã hoá theo nhãn,—
fact_inventory_lot_snapshot,package_uom,character varying,văn bản / phân loại,đặc trưng,13.223,10,2.0,,,,,3.0,,,"khuyết 13.223% — gộp vào nhóm ""(không rõ)"" VÀ thêm cờ khuyết",—,one-hot (10 nhóm),one-hot,—
fact_inventory_lot_snapshot,primary_uom,character varying,văn bản / phân loại,đặc trưng,0.0,23,2.0,,,,,4.0,,,không có khuyết thiếu,—,"mã hoá theo nhãn (target encoding), 23 nhóm — tính trong từng fold",mã hoá theo nhãn (target encoding),—
fact_inventory_lot_snapshot,expiry_warning_days,integer,số liên tục,đặc trưng,36.087,1418,-492.0,164.0,312.0,562.0,696.0,954.0,0.2563,2.23,khuyết 36.087% — điền trung vị VÀ thêm cờ khuyết,chuẩn hoá z,—,—,chặn trên IQR = 1159.0; không có giá trị vượt
fact_inventory_lot_snapshot,qty_package,double precision,số liên tục,đặc trưng,32.458,8335,0.0,1.0,3.71,18.0,1288.0,5693.0,0.6812,347.17,khuyết 32.458% — điền trung vị VÀ thêm cờ khuyết,log1p rồi chuẩn hoá z,—,—,chặn trên IQR = 43.5; giá trị lớn nhất vượt 130.9×
fact_inventory_lot_snapshot,available_package,double precision,số liên tục,đặc trưng,32.458,8421,-342.17,0.6,3.0,16.5,1277.0,5693.0,0.6981,425.67,khuyết 32.458% — điền trung vị VÀ thêm cờ khuyết,Yeo-Johnson (có giá trị âm nên không log được),—,—,chặn trên IQR = 40.35; giá trị lớn nhất vượt 141.1×
fact_inventory_lot_snapshot,reservation_package,double precision,số liên tục,đặc trưng,32.458,1260,0.0,0.0,0.0,0.0,16.08,1174.5,,,khuyết 32.458% — điền trung vị VÀ thêm cờ khuyết,chuẩn hoá z,—,—,IQR bằng 0 — quá nửa số dòng cùng một giá trị
fact_inventory_lot_snapshot,qty_primary,double precision,số liên tục,đặc trưng,0.0,7154,0.0,2.0,31.0,250.0,24964.899999999674,6758740.0,0.7661,805.32,không có khuyết thiếu,log1p rồi chuẩn hoá z,—,—,chặn trên IQR = 622.0; giá trị lớn nhất vượt 10866.1×
fact_inventory_lot_snapshot,available_primary,double precision,số liên tục,đặc trưng,13.223,6728,-8212.0,1.0,24.0,238.0,29080.0,6758740.0,0.8059,1211.67,khuyết 13.223% — điền trung vị VÀ thêm cờ khuyết,Yeo-Johnson (có giá trị âm nên không log được),—,—,chặn trên IQR = 593.5; giá trị lớn nhất vượt 11387.9×
fact_inventory_lot_snapshot,reservation_primary,double precision,số liên tục,đặc trưng,13.223,1004,0.0,0.0,0.0,0.0,311.0,1446098.0,,,khuyết 13.223% — điền trung vị VÀ thêm cờ khuyết,chuẩn hoá z,—,—,IQR bằng 0 — quá nửa số dòng cùng một giá trị
fact_inventory_lot_snapshot,volume_package,double precision,số liên tục,đặc trưng,33.866,21631,0.0,12206.25,54235.44,266112.0,15308705.041599931,749335135.5,0.6689,282.26,khuyết 33.866% — điền trung vị VÀ thêm cờ khuyết,log1p rồi chuẩn hoá z,—,—,chặn trên IQR = 646970.62; giá trị lớn nhất vượt 1158.2×
fact_inventory_lot_snapshot,volume_primary,double precision,số liên tục,đặc trưng,19.519,19612,0.00552,1437.48,21760.0,142074.24,12426624.0,295514419.2,0.711,571.08,khuyết 19.519% — điền trung vị VÀ thêm cờ khuyết,log1p rồi chuẩn hoá z,—,—,chặn trên IQR = 353029.38; giá trị lớn nhất vượt 837.1×
fact_inventory_lot_snapshot,id,bigint,số liên tục,cột kỹ thuật — không phải đặc trưng,0.0,301764,70.0,5208774.25,10770055.5,17143797.75,22702288.999999996,22712994.0,0.0681,2.11,không có khuyết thiếu,—,—,—,—
fact_inventory_lot_snapshot,source_refs,jsonb,jsonb,cột kỹ thuật — không phải đặc trưng,0.0,,,,,,,,,,không có khuyết thiếu,—,—,—,—
fact_inventory_lot_snapshot,batch_id,bigint,số liên tục,cột kỹ thuật — không phải đặc trưng,0.0,141,37.0,155963.0,155963.0,171084.0,241684.0,241687.0,1.0,1.55,không có khuyết thiếu,—,—,—,—
fact_inventory_lot_snapshot,created_at,timestamp with time zone,thời gian,cột kỹ thuật — không phải đặc trưng,0.0,147,,,,,,,,,không có khuyết thiếu,—,—,—,—
fact_inventory_lot_snapshot,updated_at,timestamp with time zone,thời gian,cột kỹ thuật — không phải đặc trưng,0.0,141,,,,,,,,,không có khuyết thiếu,—,—,—,—
fact_inventory_lot_snapshot,locator_id,bigint,phân loại (khoá ngoại),khoá ngoại — dùng như biến phân loại,0.0,94,-1.0,16.0,51.0,97.0,218.0,54212.0,0.1358,4.27,không có khuyết thiếu,—,"mã hoá theo nhãn (target encoding), 94 nhóm — tính trong từng fold",mã hoá theo nhãn (target encoding),—
fact_inventory_transactions,transaction_id,bigint,số liên tục,khoá của dòng — không dùng làm đặc trưng,0.0,173448,251698.0,295950.75,343358.5,388667.25,433181.53,435112.0,-0.0226,1.26,không có khuyết thiếu,—,—,—,—
fact_inventory_transactions,date_key,integer,phân loại (khoá ngoại),khoá ngoại — dùng như biến phân loại,0.0,258,20251108.0,20260214.0,20260424.0,20260626.0,20260827.0,20260828.0,-0.0194,1.0,không có khuyết thiếu,—,"258 nhóm — gộp nhóm hiếm trước, rồi mã hoá theo nhãn",gộp nhóm hiếm rồi mã hoá theo nhãn,—
fact_inventory_transactions,warehouse_id,bigint,phân loại (khoá ngoại),khoá ngoại — dùng như biến phân loại,0.0,24,9.0,11.0,15.0,27.0,37.0,37.0,0.5,2.47,không có khuyết thiếu,—,"mã hoá theo nhãn (target encoding), 24 nhóm — tính trong từng fold",mã hoá theo nhãn (target encoding),—
fact_inventory_transactions,product_id,bigint,phân loại (khoá ngoại),khoá ngoại — dùng như biến phân loại,0.0,390,2.0,638.0,991.0,1260.0,2519.0,2540.0,-0.135,2.54,không có khuyết thiếu,—,"390 nhóm — gộp nhóm hiếm trước, rồi mã hoá theo nhãn",gộp nhóm hiếm rồi mã hoá theo nhãn,—
fact_inventory_transactions,order_id,bigint,phân loại (khoá ngoại),khoá ngoại — dùng như biến phân loại,3.189,43500,399761.0,638035.0,757838.0,879894.0,991091.0,996045.0,0.0093,1.31,"gộp vào nhóm ""(không rõ)""",—,"43500 nhóm — gộp nhóm hiếm trước, rồi mã hoá theo nhãn",gộp nhóm hiếm rồi mã hoá theo nhãn,—
fact_inventory_transactions,transaction_type,integer,số rời rạc,đặc trưng,0.0,2,0.0,0.0,0.0,0.0,1.0,1.0,,,không có khuyết thiếu,chuẩn hoá z,nhị phân 0/1,nhị phân 0/1,IQR bằng 0 — quá nửa số dòng cùng một giá trị
fact_inventory_transactions,transaction_date,timestamp without time zone,thời gian,thời gian — dẫn xuất đặc trưng,0.0,39045,,,,,,,,,không có khuyết thiếu,—,—,—,—
fact_inventory_transactions,batch_code,character varying,phân loại (khoá ngoại),khoá ngoại — dùng như biến phân loại,0.0,2,1.0,,,,,3.0,,,không có khuyết thiếu,—,nhị phân 0/1,nhị phân 0/1,—
fact_inventory_transactions,expiry_date,timestamp without time zone,thời gian,BỎ — rỗng hoàn toàn,100.0,0,,,,,,,,,bỏ cột,—,—,—,—
fact_inventory_transactions,quantity,double precision,số liên tục,đặc trưng,0.0,720,0.0,20.0,24.0,40.0,1200.0,12177.0,0.6,50.0,không có khuyết thiếu,log1p rồi chuẩn hoá z,—,—,chặn trên IQR = 70.0; giá trị lớn nhất vượt 174.0×
fact_inventory_transactions,unit_price,double precision,số liên tục,đặc trưng,0.0,223,0.0,5498.28,10211.4,15709.1,151753.0,1276580.0,0.0768,14.86,không có khuyết thiếu,log1p rồi chuẩn hoá z,—,—,chặn trên IQR = 31025.33; giá trị lớn nhất vượt 41.1×
fact_inventory_transactions,total_amount,double precision,số liên tục,đặc trưng,0.0,3667,0.0,164948.4,282735.36,433570.19999999995,10405368.0,1673185104.0,0.123,36.8,không có khuyết thiếu,log1p rồi chuẩn hoá z,—,—,chặn trên IQR = 836502.9; giá trị lớn nhất vượt 2000.2×
fact_inventory_transactions,description,text,văn bản / phân loại,đặc trưng,0.031,62998,5.0,,,,,127.0,,,"gộp vào nhóm ""(không rõ)""",—,"62998 nhóm — gộp nhóm hiếm trước, rồi mã hoá theo nhãn",gộp nhóm hiếm rồi mã hoá theo nhãn,—
fact_inventory_transactions,id,bigint,số liên tục,cột kỹ thuật — không phải đặc trưng,0.0,173448,1.0,43362.75,86724.5,239822.25,504716.53,526949.0,0.5586,5.82,không có khuyết thiếu,—,—,—,—
fact_inventory_transactions,source_refs,jsonb,jsonb,cột kỹ thuật — không phải đặc trưng,0.0,,,,,,,,,,không có khuyết thiếu,—,—,—,—
fact_inventory_transactions,batch_id,bigint,số liên tục,cột kỹ thuật — không phải đặc trưng,0.0,958,26.0,26.0,26.0,43594.0,238992.0,241720.0,1.0,9192.0,không có khuyết thiếu,—,—,—,—
fact_inventory_transactions,created_at,timestamp with time zone,thời gian,cột kỹ thuật — không phải đặc trưng,0.0,962,,,,,,,,,không có khuyết thiếu,—,—,—,—
fact_inventory_transactions,updated_at,timestamp with time zone,thời gian,cột kỹ thuật — không phải đặc trưng,0.0,958,,,,,,,,,không có khuyết thiếu,—,—,—,—
fact_order_fulfillment,salesman_id,bigint,phân loại (khoá ngoại),khoá ngoại — dùng như biến phân loại,0.0,743,-1.0,154.0,319.0,496.0,4821.0,6731.0,0.0351,15.11,không có khuyết thiếu,—,"743 nhóm — gộp nhóm hiếm trước, rồi mã hoá theo nhãn",gộp nhóm hiếm rồi mã hoá theo nhãn,—
fact_order_fulfillment,status_key,integer,phân loại (khoá ngoại),khoá ngoại — dùng như biến phân loại,0.0,8,1.0,2.0,5.0,5.0,8.0,8.0,-1.0,1.6,không có khuyết thiếu,—,one-hot (8 nhóm),one-hot,—
fact_order_fulfillment,delivery_type_key,integer,số rời rạc,BỎ — hằng số,0.0,1,-1.0,-1.0,-1.0,-1.0,-1.0,-1.0,,,không có khuyết thiếu,—,—,—,—
fact_order_fulfillment,store_key,bigint,phân loại (khoá ngoại),khoá ngoại — dùng như biến phân loại,0.0,24846,-1.0,94488.0,101524.0,109953.0,230352.0,426081.0,0.0901,2.27,không có khuyết thiếu,—,"24846 nhóm — gộp nhóm hiếm trước, rồi mã hoá theo nhãn",gộp nhóm hiếm rồi mã hoá theo nhãn,—
fact_order_fulfillment,distributor_key,bigint,phân loại (khoá ngoại),khoá ngoại — dùng như biến phân loại,0.0,31,2.0,21.0,21.0,21.0,2597.0,2641.0,,123.67,không có khuyết thiếu,—,"mã hoá theo nhãn (target encoding), 31 nhóm — tính trong từng fold",mã hoá theo nhãn (target encoding),—
fact_order_fulfillment,chain_key,bigint,phân loại (khoá ngoại),khoá ngoại — dùng như biến phân loại,70.377,19,2.0,7.0,30.0,30.0,34.0,7334.0,-1.0,1.13,"khuyết 70.377% — giữ CỜ có/không, đừng điền giá trị",—,"mã hoá theo nhãn (target encoding), 19 nhóm — tính trong từng fold",mã hoá theo nhãn (target encoding),—
fact_order_fulfillment,warehouse_key,bigint,phân loại (khoá ngoại),khoá ngoại — dùng như biến phân loại,0.0,35,-1.0,2.0,6.0,7.0,31.0,37.0,-0.6,5.17,không có khuyết thiếu,—,"mã hoá theo nhãn (target encoding), 35 nhóm — tính trong từng fold",mã hoá theo nhãn (target encoding),—
fact_order_fulfillment,order_date_key,integer,phân loại (khoá ngoại),khoá ngoại — dùng như biến phân loại,0.0,558,20220604.0,20250808.0,20251216.0,20260507.0,20260826.0,20260828.0,0.9159,1.0,không có khuyết thiếu,—,"558 nhóm — gộp nhóm hiếm trước, rồi mã hoá theo nhãn",gộp nhóm hiếm rồi mã hoá theo nhãn,—
fact_order_fulfillment,order_source,character varying,văn bản / phân loại,đặc trưng,0.0,2,3.0,,,,,3.0,,,không có khuyết thiếu,—,nhị phân 0/1,nhị phân 0/1,—
fact_order_fulfillment,order_type_key,integer,phân loại (khoá ngoại),khoá ngoại — dùng như biến phân loại,0.0,13,-1.0,-1.0,-1.0,1.0,6.0,12.0,1.0,,không có khuyết thiếu,—,one-hot (13 nhóm),one-hot,—
fact_order_fulfillment,sub_inventory_key,bigint,phân loại (khoá ngoại),khoá ngoại — dùng như biến phân loại,0.0,86,-1.0,-1.0,-1.0,94.0,141.0,186.0,1.0,,không có khuyết thiếu,—,"mã hoá theo nhãn (target encoding), 86 nhóm — tính trong từng fold",mã hoá theo nhãn (target encoding),—
fact_order_fulfillment,order_code,character varying,văn bản / phân loại,khoá của dòng — không dùng làm đặc trưng,0.0,300243,5.0,,,,,29.0,,,không có khuyết thiếu,—,—,—,—
fact_order_fulfillment,order_timestamp,timestamp without time zone,thời gian,khoá của dòng — không dùng làm đặc trưng,0.0,296814,,,,,,,,,không có khuyết thiếu,—,—,—,—
fact_order_fulfillment,raw_created_at,timestamp without time zone,thời gian,thời gian — dẫn xuất đặc trưng,63.447,15388,,,,,,,,,"khuyết 63.447% — giữ CỜ có/không, đừng điền giá trị",—,—,—,—
fact_order_fulfillment,delivery_date,timestamp without time zone,thời gian,thời gian — dẫn xuất đặc trưng,43.617,32359,,,,,,,,,"khuyết 43.617% — gộp vào nhóm ""(không rõ)"" VÀ thêm cờ khuyết",—,—,—,—
fact_order_fulfillment,delivery_date_key,integer,phân loại (khoá ngoại),khoá ngoại — dùng như biến phân loại,43.617,530,20250320.0,20251219.0,20260412.0,20260619.0,20260830.0,20270704.0,-0.956,1.0,"khuyết 43.617% — gộp vào nhóm ""(không rõ)"" VÀ thêm cờ khuyết",—,"530 nhóm — gộp nhóm hiếm trước, rồi mã hoá theo nhãn",gộp nhóm hiếm rồi mã hoá theo nhãn,—
fact_order_fulfillment,total_before_discount,numeric,số liên tục,đặc trưng,0.001,109027,-236125309.09,669088.89,1853180.0,6316362.0,262948615.4399996,974903833792.0,0.5807,141.89,điền trung vị,Yeo-Johnson (có giá trị âm nên không log được),—,—,chặn trên IQR = 14787271.67; giá trị lớn nhất vượt 65928.6×
fact_order_fulfillment,total_discount,numeric,số liên tục,đặc trưng,0.001,93050,-27792592.0,14720.0,340368.0,3552214.0,240744681.6799995,862789892907.0,0.8159,707.31,điền trung vị,Yeo-Johnson (có giá trị âm nên không log được),—,—,chặn trên IQR = 8858455.0; giá trị lớn nhất vượt 97397.3×
fact_order_fulfillment,total_net_revenue,numeric,số liên tục,đặc trưng,0.001,116785,-236125309.09,507840.0,1046769.0,2015958.0,32521910.839999977,112115605583.0,0.2853,31.07,điền trung vị,Yeo-Johnson (có giá trị âm nên không log được),—,—,chặn trên IQR = 4278135.0; giá trị lớn nhất vượt 26206.7×
fact_order_fulfillment,total_vat,numeric,số liên tục,đặc trưng,0.001,94324,-23612531.0,42336.0,88282.0,169394.0,2700876.799999993,9749183094.0,0.2768,30.59,điền trung vị,Yeo-Johnson (có giá trị âm nên không log được),—,—,chặn trên IQR = 359981.0; giá trị lớn nhất vượt 27082.5×
fact_order_fulfillment,total_amount,numeric,số liên tục,đặc trưng,0.0,115315,-259737840.0,552000.0,1131054.48,2184574.0,35249517.000000216,121864788677.0,0.2906,31.17,không có khuyết thiếu,Yeo-Johnson (có giá trị âm nên không log được),—,—,chặn trên IQR = 4633435.0; giá trị lớn nhất vượt 26301.2×
fact_order_fulfillment,item_count,integer,số liên tục,đặc trưng,0.0,77,1.0,2.0,3.0,6.0,24.0,436.0,0.5,8.0,không có khuyết thiếu,log1p rồi chuẩn hoá z,—,—,chặn trên IQR = 12.0; giá trị lớn nhất vượt 36.3×
fact_order_fulfillment,canceled_reason,character varying,văn bản / phân loại,đặc trưng,99.728,117,3.0,,,,,74.0,,,"khuyết 99.728% — giữ CỜ có/không, đừng điền giá trị",—,"mã hoá theo nhãn (target encoding), 117 nhóm — tính trong từng fold",mã hoá theo nhãn (target encoding),—
fact_order_fulfillment,canceled_reason_admin,character varying,văn bản / phân loại,đặc trưng,98.291,86,3.0,,,,,46.0,,,"khuyết 98.291% — giữ CỜ có/không, đừng điền giá trị",—,"mã hoá theo nhãn (target encoding), 86 nhóm — tính trong từng fold",mã hoá theo nhãn (target encoding),—
fact_order_fulfillment,is_count,integer,số rời rạc,BỎ — hằng số,0.0,1,1.0,1.0,1.0,1.0,1.0,1.0,,1.0,không có khuyết thiếu,—,—,—,—
fact_order_fulfillment,visit_key,bigint,phân loại (khoá ngoại),khoá ngoại — dùng như biến phân loại,89.964,27040,449309.0,543223.5,685100.5,834005.75,1479183.0,1564821.0,0.0242,2.16,"khuyết 89.964% — giữ CỜ có/không, đừng điền giá trị",—,"27040 nhóm — gộp nhóm hiếm trước, rồi mã hoá theo nhãn",gộp nhóm hiếm rồi mã hoá theo nhãn,—
fact_order_fulfillment,id,bigint,số liên tục,cột kỹ thuật — không phải đặc trưng,0.0,300243,3313363.0,3435730.5,3557544.5,3685010.25,4644021.89,4679333.0,0.0227,1.31,không có khuyết thiếu,—,—,—,—
fact_order_fulfillment,source_refs,jsonb,jsonb,cột kỹ thuật — không phải đặc trưng,0.0,,,,,,,,,,không có khuyết thiếu,—,—,—,—
fact_order_fulfillment,batch_id,bigint,số liên tục,cột kỹ thuật — không phải đặc trưng,0.0,859,73373.0,73373.0,73373.0,73373.0,239483.0,241727.0,,3.26,không có khuyết thiếu,—,—,—,—
fact_order_fulfillment,created_at,timestamp with time zone,thời gian,cột kỹ thuật — không phải đặc trưng,0.0,859,,,,,,,,,không có khuyết thiếu,—,—,—,—
fact_order_fulfillment,updated_at,timestamp with time zone,thời gian,cột kỹ thuật — không phải đặc trưng,0.0,866,,,,,,,,,không có khuyết thiếu,—,—,—,—
fact_order_fulfillment,total_delivered_revenue,numeric,số liên tục,đặc trưng,0.0,69809,-192390060.74,0.0,314848.905,1161173.0,20848389.530000027,112115605583.0,0.4577,66.22,không có khuyết thiếu,Yeo-Johnson (có giá trị âm nên không log được),—,—,chặn trên IQR = 2902932.5; giá trị lớn nhất vượt 38621.5×
fact_order_fulfillment,total_cancelled_revenue,numeric,số liên tục,đặc trưng,0.0,10189,0.0,0.0,0.0,0.0,3150000.0,4112468888.89,,,không có khuyết thiếu,chuẩn hoá z,—,—,IQR bằng 0 — quá nửa số dòng cùng một giá trị
fact_order_fulfillment,dms_order_code,character varying,văn bản / phân loại,khoá của dòng — không dùng làm đặc trưng,4.54,286418,4.0,,,,,29.0,,,"gộp vào nhóm ""(không rõ)""",—,—,—,—
fact_order_fulfillment,is_erp_deleted,boolean,nhị phân,đặc trưng,0.0,2,,,,,,,,,không có khuyết thiếu,—,nhị phân 0/1,nhị phân 0/1,—
fact_order_fulfillment,erp_deleted_source,character varying,văn bản / phân loại,đặc trưng,99.946,2,6.0,,,,,8.0,,,"khuyết 99.946% — giữ CỜ có/không, đừng điền giá trị",—,nhị phân 0/1,nhị phân 0/1,—
fact_order_lines,salesman_id,bigint,phân loại (khoá ngoại),khoá ngoại — dùng như biến phân loại,0.0,731,-1.0,172.0,357.0,540.0,6237.0,6731.0,-0.0054,17.47,không có khuyết thiếu,—,"731 nhóm — gộp nhóm hiếm trước, rồi mã hoá theo nhãn",gộp nhóm hiếm rồi mã hoá theo nhãn,—
fact_order_lines,product_key,bigint,phân loại (khoá ngoại),khoá ngoại — dùng như biến phân loại,0.0,855,2.0,1386.0,1945.0,2302.0,2509.0,2542.0,-0.2205,1.29,không có khuyết thiếu,—,"855 nhóm — gộp nhóm hiếm trước, rồi mã hoá theo nhãn",gộp nhóm hiếm rồi mã hoá theo nhãn,—
fact_order_lines,order_date_key,integer,phân loại (khoá ngoại),khoá ngoại — dùng như biến phân loại,0.0,556,20250203.0,20250731.0,20251215.0,20260507.0,20260825.0,20260828.0,0.901,1.0,không có khuyết thiếu,—,"556 nhóm — gộp nhóm hiếm trước, rồi mã hoá theo nhãn",gộp nhóm hiếm rồi mã hoá theo nhãn,—
fact_order_lines,store_key,bigint,phân loại (khoá ngoại),khoá ngoại — dùng như biến phân loại,0.0,19755,-1.0,93520.0,99070.0,108228.0,226679.0,426084.0,0.2453,2.29,không có khuyết thiếu,—,"19755 nhóm — gộp nhóm hiếm trước, rồi mã hoá theo nhãn",gộp nhóm hiếm rồi mã hoá theo nhãn,—
fact_order_lines,distributor_key,bigint,phân loại (khoá ngoại),khoá ngoại — dùng như biến phân loại,0.0,27,-1.0,21.0,21.0,21.0,2597.0,2610.0,,123.67,không có khuyết thiếu,—,"mã hoá theo nhãn (target encoding), 27 nhóm — tính trong từng fold",mã hoá theo nhãn (target encoding),—
fact_order_lines,chain_key,bigint,phân loại (khoá ngoại),khoá ngoại — dùng như biến phân loại,45.26,21,2.0,26.0,30.0,30.0,34.0,7334.0,-1.0,1.13,"khuyết 45.26% — gộp vào nhóm ""(không rõ)"" VÀ thêm cờ khuyết",—,"mã hoá theo nhãn (target encoding), 21 nhóm — tính trong từng fold",mã hoá theo nhãn (target encoding),—
fact_order_lines,visit_key,bigint,số rời rạc,BỎ — rỗng hoàn toàn,100.0,0,,,,,,,,,bỏ cột,—,—,—,—
fact_order_lines,line_status_key,integer,phân loại (khoá ngoại),khoá ngoại — dùng như biến phân loại,0.0,8,1.0,2.0,5.0,5.0,8.0,9.0,-1.0,1.6,không có khuyết thiếu,—,one-hot (8 nhóm),one-hot,—
fact_order_lines,sub_inventory_key,bigint,phân loại (khoá ngoại),khoá ngoại — dùng như biến phân loại,0.0,48,-1.0,-1.0,-1.0,102.0,141.0,186.0,1.0,,không có khuyết thiếu,—,"mã hoá theo nhãn (target encoding), 48 nhóm — tính trong từng fold",mã hoá theo nhãn (target encoding),—
fact_order_lines,warehouse_key,bigint,phân loại (khoá ngoại),khoá ngoại — dùng như biến phân loại,0.0,35,-1.0,2.0,5.0,6.0,28.0,37.0,-0.5,5.6,không có khuyết thiếu,—,"mã hoá theo nhãn (target encoding), 35 nhóm — tính trong từng fold",mã hoá theo nhãn (target encoding),—
fact_order_lines,delivery_type_key,integer,số rời rạc,BỎ — hằng số,0.0,1,-1.0,-1.0,-1.0,-1.0,-1.0,-1.0,,,không có khuyết thiếu,—,—,—,—
fact_order_lines,order_type_key,integer,phân loại (khoá ngoại),khoá ngoại — dùng như biến phân loại,0.0,13,-1.0,-1.0,-1.0,1.0,5.0,12.0,1.0,,không có khuyết thiếu,—,one-hot (13 nhóm),one-hot,—
fact_order_lines,delivery_date_key,integer,phân loại (khoá ngoại),khoá ngoại — dùng như biến phân loại,65.969,486,20250401.0,20251028.0,20260526.0,20260708.0,20260826.0,20260828.0,-0.9624,1.0,"khuyết 65.969% — giữ CỜ có/không, đừng điền giá trị",—,"486 nhóm — gộp nhóm hiếm trước, rồi mã hoá theo nhãn",gộp nhóm hiếm rồi mã hoá theo nhãn,—
fact_order_lines,order_source,character varying,văn bản / phân loại,đặc trưng,0.0,2,3.0,,,,,3.0,,,không có khuyết thiếu,—,nhị phân 0/1,nhị phân 0/1,—
fact_order_lines,order_timestamp,timestamp without time zone,thời gian,thời gian — dẫn xuất đặc trưng,0.0,127099,,,,,,,,,không có khuyết thiếu,—,—,—,—
fact_order_lines,raw_created_at,timestamp without time zone,thời gian,thời gian — dẫn xuất đặc trưng,61.666,12057,,,,,,,,,"khuyết 61.666% — giữ CỜ có/không, đừng điền giá trị",—,—,—,—
fact_order_lines,delivery_date,timestamp without time zone,thời gian,thời gian — dẫn xuất đặc trưng,65.969,25944,,,,,,,,,"khuyết 65.969% — giữ CỜ có/không, đừng điền giá trị",—,—,—,—
fact_order_lines,schedule_ship_date,timestamp without time zone,thời gian,thời gian — dẫn xuất đặc trưng,50.221,26646,,,,,,,,,"khuyết 50.221% — gộp vào nhóm ""(không rõ)"" VÀ thêm cờ khuyết",—,—,—,—
fact_order_lines,sales_qty,numeric,số liên tục,đặc trưng,0.0,985,-755762.0,10.0,24.0,30.0,552.0,4363232.0,-0.4,23.0,không có khuyết thiếu,Yeo-Johnson (có giá trị âm nên không log được),—,—,chặn trên IQR = 60.0; giá trị lớn nhất vượt 72720.5×
fact_order_lines,shipped_qty,numeric,số liên tục,đặc trưng,0.0,937,-3600.0,7.0,20.0,25.0,500.0,4363232.0,-0.4444,25.0,không có khuyết thiếu,Yeo-Johnson (có giá trị âm nên không log được),—,—,chặn trên IQR = 52.0; giá trị lớn nhất vượt 83908.3×
fact_order_lines,cancelled_qty,numeric,số liên tục,đặc trưng,0.0,281,-1440.0,0.0,0.0,0.0,48.0,240000.0,,,không có khuyết thiếu,chuẩn hoá z,—,—,IQR bằng 0 — quá nửa số dòng cùng một giá trị
fact_order_lines,vat_percent,numeric,số rời rạc,đặc trưng,0.0,15,0.0,0.08,0.08,0.08,0.1,0.68,,1.25,không có khuyết thiếu,chuẩn hoá z,one-hot (15 nhóm),one-hot,IQR bằng 0 — quá nửa số dòng cùng một giá trị
fact_order_lines,unit_price_before_vat,numeric,số liên tục,đặc trưng,0.0,1572,-0.9259,6800.0,14545.0,23000.0,315000.0,1930000.0,0.0438,21.66,không có khuyết thiếu,Yeo-Johnson (có giá trị âm nên không log được),—,—,chặn trên IQR = 47300.0; giá trị lớn nhất vượt 40.8×
fact_order_lines,unit_price_after_discount_before_vat,numeric,số liên tục,đặc trưng,0.0,4820,-81647.25,6334.85,13742.1667,21818.0,315000.0,1930000.0,0.0432,22.92,không có khuyết thiếu,Yeo-Johnson (có giá trị âm nên không log được),—,—,chặn trên IQR = 45042.72; giá trị lớn nhất vượt 42.8×
fact_order_lines,unit_price_after_discount_after_vat,numeric,số liên tục,đặc trưng,0.0,5970,-88179.0,6841.638,14841.5417,23563.44,340200.0,2084400.0,0.0432,22.92,không có khuyết thiếu,Yeo-Johnson (có giá trị âm nên không log được),—,—,chặn trên IQR = 48646.14; giá trị lớn nhất vượt 42.8×
fact_order_lines,unit_price,numeric,số liên tục,đặc trưng,0.0,1376,-1.0,7344.0,15708.6,24840.0,340200.0,2084400.0,0.0438,21.66,không có khuyết thiếu,Yeo-Johnson (có giá trị âm nên không log được),—,—,chặn trên IQR = 51084.0; giá trị lớn nhất vượt 40.8×
fact_order_lines,discount_percent,numeric,số liên tục,đặc trưng,0.0,296,-21.43,0.0,0.0,0.0,36.67,100.0,,,không có khuyết thiếu,chuẩn hoá z,—,—,IQR bằng 0 — quá nửa số dòng cùng một giá trị
fact_order_lines,amount_before_discount_before_vat,numeric,số liên tục,đặc trưng,0.0,9869,-110400000.0,109090.0,288200.0,545450.0,6981600.0,854574912.0,0.1791,24.22,không có khuyết thiếu,Yeo-Johnson (có giá trị âm nên không log được),—,—,chặn trên IQR = 1199990.0; giá trị lớn nhất vượt 712.2×
fact_order_lines,amount_before_discount,numeric,số liên tục,đặc trưng,0.0,9171,-119232000.0,117817.2,311256.0,589086.0,7540128.0,922940904.96,0.1791,24.22,không có khuyết thiếu,Yeo-Johnson (có giá trị âm nên không log được),—,—,chặn trên IQR = 1295989.2; giá trị lớn nhất vượt 712.2×
fact_order_lines,discount_amount_before_vat,numeric,số liên tục,đặc trưng,0.0,6682,-38473100.0,0.0,0.0,3819.0,465393.78,754574912.01,1.0,,không có khuyết thiếu,Yeo-Johnson (có giá trị âm nên không log được),—,—,chặn trên IQR = 9547.5; giá trị lớn nhất vượt 79033.8×
fact_order_lines,discount_amount,numeric,số liên tục,đặc trưng,0.0,6992,-41550948.0,0.0,0.0,4124.2,502625.28,754574911.97,1.0,,không có khuyết thiếu,Yeo-Johnson (có giá trị âm nên không log được),—,—,chặn trên IQR = 10310.5; giá trị lớn nhất vượt 73185.1×
fact_order_lines,amount_incl_vat,numeric,số liên tục,đặc trưng,0.0,14689,-110885760.0,114534.0,291304.5,565471.0,7257600.0,671760000.0,0.216,24.91,không có khuyết thiếu,Yeo-Johnson (có giá trị âm nên không log được),—,—,chặn trên IQR = 1241876.5; giá trị lớn nhất vượt 540.9×
fact_order_lines,net_revenue,numeric,số liên tục,đặc trưng,0.0,14121,-102672000.0,106050.0,269453.0,523584.0,6720000.0,622000000.0,0.2173,24.94,không có khuyết thiếu,Yeo-Johnson (có giá trị âm nên không log được),—,—,chặn trên IQR = 1149885.0; giá trị lớn nhất vượt 540.9×
fact_order_lines,vat_amount,numeric,số liên tục,đặc trưng,0.0,14164,-8213760.0,8484.0,21600.0,41887.0,537600.0,68365993.0,0.2147,24.89,không có khuyết thiếu,Yeo-Johnson (có giá trị âm nên không log được),—,—,chặn trên IQR = 91991.5; giá trị lớn nhất vượt 743.2×
fact_order_lines,is_return,boolean,nhị phân,đặc trưng,0.0,2,,,,,,,,,không có khuyết thiếu,—,nhị phân 0/1,nhị phân 0/1,—
fact_order_lines,is_free_order,boolean,nhị phân,đặc trưng,0.0,2,,,,,,,,,không có khuyết thiếu,—,nhị phân 0/1,nhị phân 0/1,—
fact_order_lines,order_line_type,character varying,văn bản / phân loại,đặc trưng,61.666,6,3.0,,,,,7.0,,,"khuyết 61.666% — giữ CỜ có/không, đừng điền giá trị",—,one-hot (6 nhóm),one-hot,—
fact_order_lines,order_code,character varying,phân loại (khoá ngoại),khoá ngoại — dùng như biến phân loại,0.0,127932,5.0,,,,,29.0,,,không có khuyết thiếu,—,"127932 nhóm — gộp nhóm hiếm trước, rồi mã hoá theo nhãn",gộp nhóm hiếm rồi mã hoá theo nhãn,—
fact_order_lines,ora_order_no,character varying,phân loại (khoá ngoại),khoá ngoại — dùng như biến phân loại,78.365,27830,6.0,,,,,6.0,,,"khuyết 78.365% — giữ CỜ có/không, đừng điền giá trị",—,"27830 nhóm — gộp nhóm hiếm trước, rồi mã hoá theo nhãn",gộp nhóm hiếm rồi mã hoá theo nhãn,—
fact_order_lines,invoice_no,character varying,phân loại (khoá ngoại),khoá ngoại — dùng như biến phân loại,83.571,21575,21.0,,,,,21.0,,,"khuyết 83.571% — giữ CỜ có/không, đừng điền giá trị",—,"21575 nhóm — gộp nhóm hiếm trước, rồi mã hoá theo nhãn",gộp nhóm hiếm rồi mã hoá theo nhãn,—
fact_order_lines,delivery_days_sla,integer,số liên tục,đặc trưng,93.835,46,-3651.0,0.0,1.0,2.0,8.0,90.0,0.0,8.0,"khuyết 93.835% — giữ CỜ có/không, đừng điền giá trị",chuẩn hoá z,—,—,chặn trên IQR = 5.0; giá trị lớn nhất vượt 18.0×
fact_order_lines,ar_doc_no,character varying,phân loại (khoá ngoại),khoá ngoại — dùng như biến phân loại,82.43,23127,8.0,,,,,8.0,,,"khuyết 82.43% — giữ CỜ có/không, đừng điền giá trị",—,"23127 nhóm — gộp nhóm hiếm trước, rồi mã hoá theo nhãn",gộp nhóm hiếm rồi mã hoá theo nhãn,—
fact_order_lines,goods_receipt_no,character varying,phân loại (khoá ngoại),khoá ngoại — dùng như biến phân loại,82.714,22617,20.0,,,,,20.0,,,"khuyết 82.714% — giữ CỜ có/không, đừng điền giá trị",—,"22617 nhóm — gộp nhóm hiếm trước, rồi mã hoá theo nhãn",gộp nhóm hiếm rồi mã hoá theo nhãn,—
fact_order_lines,billing_address,text,văn bản / phân loại,đặc trưng,81.933,7271,25.0,,,,,364.0,,,"khuyết 81.933% — giữ CỜ có/không, đừng điền giá trị",—,"7271 nhóm — gộp nhóm hiếm trước, rồi mã hoá theo nhãn",gộp nhóm hiếm rồi mã hoá theo nhãn,—
fact_order_lines,shipping_address,text,văn bản / phân loại,đặc trưng,81.936,7138,1.0,,,,,201.0,,,"khuyết 81.936% — giữ CỜ có/không, đừng điền giá trị",—,"7138 nhóm — gộp nhóm hiếm trước, rồi mã hoá theo nhãn",gộp nhóm hiếm rồi mã hoá theo nhãn,—
fact_order_lines,supervisor_employee_id,bigint,phân loại (khoá ngoại),khoá ngoại — dùng như biến phân loại,89.927,88,7.0,431.0,4725.0,4797.0,5264.0,6731.0,-0.967,1.11,"khuyết 89.927% — giữ CỜ có/không, đừng điền giá trị",—,"mã hoá theo nhãn (target encoding), 88 nhóm — tính trong từng fold",mã hoá theo nhãn (target encoding),—
fact_order_lines,asm_employee_id,bigint,phân loại (khoá ngoại),khoá ngoại — dùng như biến phân loại,92.324,38,29.0,492.0,4627.0,4803.0,6731.0,6731.0,-0.9183,1.45,"khuyết 92.324% — giữ CỜ có/không, đừng điền giá trị",—,"mã hoá theo nhãn (target encoding), 38 nhóm — tính trong từng fold",mã hoá theo nhãn (target encoding),—
fact_order_lines,category_id,bigint,số rời rạc,BỎ — rỗng hoàn toàn,100.0,0,,,,,,,,,bỏ cột,—,—,—,—
fact_order_lines,row_hash,character,văn bản / phân loại,cột kỹ thuật — không phải đặc trưng,5.466,242773,64.0,,,,,64.0,,,"khuyết 5.466% — gộp vào nhóm ""(không rõ)"" VÀ thêm cờ khuyết",—,—,—,—
fact_order_lines,sales_flow,character varying,văn bản / phân loại,đặc trưng,0.0,2,7.0,,,,,8.0,,,không có khuyết thiếu,—,nhị phân 0/1,nhị phân 0/1,—
fact_order_lines,id,bigint,số liên tục,cột kỹ thuật — không phải đặc trưng,0.0,297238,14979658.0,33199399.25,33787970.5,34372754.75,41753331.39,42058330.0,-0.0032,1.24,không có khuyết thiếu,—,—,—,—
fact_order_lines,source_refs,jsonb,jsonb,cột kỹ thuật — không phải đặc trưng,0.0,,,,,,,,,,không có khuyết thiếu,—,—,—,—
fact_order_lines,batch_id,bigint,số liên tục,cột kỹ thuật — không phải đặc trưng,0.0,1241,25163.0,66647.0,66647.0,66647.0,239092.0,241721.0,,3.59,không có khuyết thiếu,—,—,—,—
fact_order_lines,created_at,timestamp with time zone,thời gian,cột kỹ thuật — không phải đặc trưng,0.0,5593,,,,,,,,,không có khuyết thiếu,—,—,—,—
fact_order_lines,updated_at,timestamp with time zone,thời gian,cột kỹ thuật — không phải đặc trưng,0.0,4423,,,,,,,,,không có khuyết thiếu,—,—,—,—
fact_order_lines,eco_flag,integer,số rời rạc,đặc trưng,0.0,2,0.0,1.0,1.0,1.0,1.0,1.0,,1.0,không có khuyết thiếu,chuẩn hoá z,nhị phân 0/1,nhị phân 0/1,IQR bằng 0 — quá nửa số dòng cùng một giá trị
fact_order_lines,sales_qty_carton,numeric,số liên tục,đặc trưng,0.469,1253,-150.0,0.4583,1.0,1.0,20.0,23000.0,-1.0,20.0,điền trung vị,Yeo-Johnson (có giá trị âm nên không log được),—,—,chặn trên IQR = 1.81; giá trị lớn nhất vượt 12689.3×
fact_order_lines,reason_code,character varying,văn bản / phân loại,BỎ — rỗng hoàn toàn,100.0,0,,,,,,,,,bỏ cột,—,—,—,—
fact_order_lines,delivery_date_source,character varying,văn bản / phân loại,đặc trưng,61.757,3,5.0,,,,,12.0,,,"khuyết 61.757% — giữ CỜ có/không, đừng điền giá trị",—,one-hot (3 nhóm),one-hot,—
fact_order_lines,warehouse_out_at,timestamp without time zone,thời gian,thời gian — dẫn xuất đặc trưng,82.314,21139,,,,,,,,,"khuyết 82.314% — giữ CỜ có/không, đừng điền giá trị",—,—,—,—
fact_order_lines,canceled_reason_line,character varying,văn bản / phân loại,đặc trưng,97.825,19,11.0,,,,,40.0,,,"khuyết 97.825% — giữ CỜ có/không, đừng điền giá trị",—,"mã hoá theo nhãn (target encoding), 19 nhóm — tính trong từng fold",mã hoá theo nhãn (target encoding),—
fact_order_lines,canceled_note,character varying,văn bản / phân loại,đặc trưng,98.144,316,3.0,,,,,86.0,,,"khuyết 98.144% — giữ CỜ có/không, đừng điền giá trị",—,"316 nhóm — gộp nhóm hiếm trước, rồi mã hoá theo nhãn",gộp nhóm hiếm rồi mã hoá theo nhãn,—
fact_order_lines,product_code,character varying,phân loại (khoá ngoại),khoá ngoại — dùng như biến phân loại,0.0,512,12.0,,,,,12.0,,,không có khuyết thiếu,—,"512 nhóm — gộp nhóm hiếm trước, rồi mã hoá theo nhãn",gộp nhóm hiếm rồi mã hoá theo nhãn,—
fact_order_lines,is_admin_cancel,boolean,nhị phân,đặc trưng,98.339,2,,,,,,,,,"khuyết 98.339% — giữ CỜ có/không, đừng điền giá trị",—,nhị phân 0/1,nhị phân 0/1,—
fact_order_lines,erp_status,character varying,văn bản / phân loại,đặc trưng,89.269,9,6.0,,,,,21.0,,,"khuyết 89.269% — giữ CỜ có/không, đừng điền giá trị",—,one-hot (9 nhóm),one-hot,—
fact_order_lines,dms_status,character varying,văn bản / phân loại,đặc trưng,1.494,7,3.0,,,,,9.0,,,"gộp vào nhóm ""(không rõ)""",—,one-hot (7 nhóm),one-hot,—
fact_order_lines,dms_order_code,character varying,phân loại (khoá ngoại),khoá ngoại — dùng như biến phân loại,3.965,122091,4.0,,,,,29.0,,,"gộp vào nhóm ""(không rõ)""",—,"122091 nhóm — gộp nhóm hiếm trước, rồi mã hoá theo nhãn",gộp nhóm hiếm rồi mã hoá theo nhãn,—
fact_order_lines,uom,character varying,văn bản / phân loại,đặc trưng,0.004,19,2.0,,,,,10.0,,,"gộp vào nhóm ""(không rõ)""",—,"mã hoá theo nhãn (target encoding), 19 nhóm — tính trong từng fold",mã hoá theo nhãn (target encoding),—
fact_order_lines,is_erp_deleted,boolean,nhị phân,đặc trưng,0.0,2,,,,,,,,,không có khuyết thiếu,—,nhị phân 0/1,nhị phân 0/1,—
fact_order_lines,erp_deleted_source,character varying,văn bản / phân loại,đặc trưng,99.944,2,6.0,,,,,8.0,,,"khuyết 99.944% — giữ CỜ có/không, đừng điền giá trị",—,nhị phân 0/1,nhị phân 0/1,—
fact_order_status_timeline,id,bigint,số liên tục,cột kỹ thuật — không phải đặc trưng,0.0,302887,2.0,127892.5,1702243.0,1880545.5,4875249.94,5091969.0,-0.7965,2.86,không có khuyết thiếu,—,—,—,—
fact_order_status_timeline,batch_id,bigint,số liên tục,cột kỹ thuật — không phải đặc trưng,0.0,1615,31.0,110949.0,110949.0,110949.0,239483.0,241727.0,,2.16,không có khuyết thiếu,—,—,—,—
fact_order_status_timeline,source_refs,jsonb,jsonb,BỎ — rỗng hoàn toàn,100.0,,,,,,,,,,bỏ cột,—,—,—,—
fact_order_status_timeline,order_code,character varying,văn bản / phân loại,khoá của dòng — không dùng làm đặc trưng,0.0,302887,5.0,,,,,29.0,,,không có khuyết thiếu,—,—,—,—
fact_order_status_timeline,pending_at,timestamp without time zone,thời gian,khoá của dòng — không dùng làm đặc trưng,0.0,299251,,,,,,,,,không có khuyết thiếu,—,—,—,—
fact_order_status_timeline,approved_at,timestamp without time zone,thời gian,khoá của dòng — không dùng làm đặc trưng,7.08,269363,,,,,,,,,"khuyết 7.08% — gộp vào nhóm ""(không rõ)"" VÀ thêm cờ khuyết",—,—,—,—
fact_order_status_timeline,picking_at,timestamp without time zone,thời gian,thời gian — dẫn xuất đặc trưng,98.664,104,,,,,,,,,"khuyết 98.664% — giữ CỜ có/không, đừng điền giá trị",—,—,—,—
fact_order_status_timeline,shipping_at,timestamp without time zone,thời gian,thời gian — dẫn xuất đặc trưng,51.574,74248,,,,,,,,,"khuyết 51.574% — gộp vào nhóm ""(không rõ)"" VÀ thêm cờ khuyết",—,—,—,—
fact_order_status_timeline,completed_full_at,timestamp without time zone,thời gian,thời gian — dẫn xuất đặc trưng,43.218,51446,,,,,,,,,"khuyết 43.218% — gộp vào nhóm ""(không rõ)"" VÀ thêm cờ khuyết",—,—,—,—
fact_order_status_timeline,completed_partial_at,timestamp without time zone,thời gian,thời gian — dẫn xuất đặc trưng,99.935,11,,,,,,,,,"khuyết 99.935% — giữ CỜ có/không, đừng điền giá trị",—,—,—,—
fact_order_status_timeline,returned_at,timestamp without time zone,thời gian,thời gian — dẫn xuất đặc trưng,99.902,10,,,,,,,,,"khuyết 99.902% — giữ CỜ có/không, đừng điền giá trị",—,—,—,—
fact_order_status_timeline,cancelled_at,timestamp without time zone,thời gian,thời gian — dẫn xuất đặc trưng,93.625,7266,,,,,,,,,"khuyết 93.625% — giữ CỜ có/không, đừng điền giá trị",—,—,—,—
fact_order_status_timeline,last_status_key,integer,phân loại (khoá ngoại),khoá ngoại — dùng như biến phân loại,0.0,8,1.0,2.0,5.0,5.0,8.0,8.0,-1.0,1.6,không có khuyết thiếu,—,one-hot (8 nhóm),one-hot,—
fact_order_status_timeline,last_status_at,timestamp without time zone,thời gian,thời gian — dẫn xuất đặc trưng,0.0,1513,,,,,,,,,không có khuyết thiếu,—,—,—,—
fact_order_status_timeline,created_at,timestamp with time zone,thời gian,cột kỹ thuật — không phải đặc trưng,0.0,1819,,,,,,,,,không có khuyết thiếu,—,—,—,—
fact_order_status_timeline,updated_at,timestamp with time zone,thời gian,cột kỹ thuật — không phải đặc trưng,0.0,1865,,,,,,,,,không có khuyết thiếu,—,—,—,—
fact_promo_budget_available,row_hash,character,văn bản / phân loại,cột kỹ thuật — không phải đặc trưng,0.0,139320,64.0,,,,,64.0,,,không có khuyết thiếu,—,—,—,—
fact_promo_budget_available,row_type,character varying,văn bản / phân loại,đặc trưng,0.0,2,11.0,,,,,12.0,,,không có khuyết thiếu,—,nhị phân 0/1,nhị phân 0/1,—
fact_promo_budget_available,promo_start_date_key,integer,phân loại (khoá ngoại),khoá ngoại — dùng như biến phân loại,0.0,127,20250101.0,20260527.0,20260605.0,20260703.0,20260814.0,20260828.0,0.1136,1.0,không có khuyết thiếu,—,"mã hoá theo nhãn (target encoding), 127 nhóm — tính trong từng fold",mã hoá theo nhãn (target encoding),—
fact_promo_budget_available,promo_end_date_key,integer,phân loại (khoá ngoại),khoá ngoại — dùng như biến phân loại,0.0,100,20251231.0,20260630.0,20260731.0,20260902.0,20261231.0,20261231.0,0.2574,1.0,không có khuyết thiếu,—,"mã hoá theo nhãn (target encoding), 100 nhóm — tính trong từng fold",mã hoá theo nhãn (target encoding),—
fact_promo_budget_available,order_date_key,integer,phân loại (khoá ngoại),khoá ngoại — dùng như biến phân loại,0.433,85,20260531.0,20260616.0,20260706.0,20260801.0,20260827.0,20260828.0,0.027,1.0,"gộp vào nhóm ""(không rõ)""",—,"mã hoá theo nhãn (target encoding), 85 nhóm — tính trong từng fold",mã hoá theo nhãn (target encoding),—
fact_promo_budget_available,invoice_date_key,integer,phân loại (khoá ngoại),khoá ngoại — dùng như biến phân loại,6.124,90,20260531.0,20260623.0,20260710.0,20260804.0,20260827.0,20260828.0,0.0387,1.0,"khuyết 6.124% — gộp vào nhóm ""(không rõ)"" VÀ thêm cờ khuyết",—,"mã hoá theo nhãn (target encoding), 90 nhóm — tính trong từng fold",mã hoá theo nhãn (target encoding),—
fact_promo_budget_available,region_site_domain_id,bigint,phân loại (khoá ngoại),khoá ngoại — dùng như biến phân loại,0.0,5,-1.0,10.0,34.0,55.0,55.0,55.0,-0.0667,1.62,không có khuyết thiếu,—,one-hot (5 nhóm),one-hot,—
fact_promo_budget_available,subregion_site_domain_id,bigint,phân loại (khoá ngoại),khoá ngoại — dùng như biến phân loại,0.0,12,-1.0,13.0,35.0,56.0,72.0,81.0,-0.0233,2.06,không có khuyết thiếu,—,one-hot (12 nhóm),one-hot,—
fact_promo_budget_available,region_name_raw,character varying,văn bản / phân loại,đặc trưng,0.433,4,8.0,,,,,14.0,,,"gộp vào nhóm ""(không rõ)""",—,one-hot (4 nhóm),one-hot,—
fact_promo_budget_available,subregion_name_raw,character varying,văn bản / phân loại,đặc trưng,0.433,11,6.0,,,,,19.0,,,"gộp vào nhóm ""(không rõ)""",—,one-hot (11 nhóm),one-hot,—
fact_promo_budget_available,promotion_code,character varying,phân loại (khoá ngoại),khoá ngoại — dùng như biến phân loại,0.0,504,8.0,,,,,22.0,,,không có khuyết thiếu,—,"504 nhóm — gộp nhóm hiếm trước, rồi mã hoá theo nhãn",gộp nhóm hiếm rồi mã hoá theo nhãn,—
fact_promo_budget_available,ctkm_type,character varying,văn bản / phân loại,đặc trưng,0.0,2,8.0,,,,,9.0,,,không có khuyết thiếu,—,nhị phân 0/1,nhị phân 0/1,—
fact_promo_budget_available,currency_code,character varying,văn bản / phân loại,BỎ — hằng số,54.29,1,3.0,,,,,3.0,,,"khuyết 54.29% — gộp vào nhóm ""(không rõ)"" VÀ thêm cờ khuyết",—,—,—,—
fact_promo_budget_available,foc_primary_uom,character varying,văn bản / phân loại,đặc trưng,45.71,9,2.0,,,,,3.0,,,"khuyết 45.71% — gộp vào nhóm ""(không rõ)"" VÀ thêm cờ khuyết",—,one-hot (9 nhóm),one-hot,—
fact_promo_budget_available,allocation_status,character varying,văn bản / phân loại,BỎ — rỗng hoàn toàn,100.0,0,,,,,,,,,bỏ cột,—,—,—,—
fact_promo_budget_available,promotion_name,character varying,văn bản / phân loại,đặc trưng,0.0,488,21.0,,,,,114.0,,,không có khuyết thiếu,—,"488 nhóm — gộp nhóm hiếm trước, rồi mã hoá theo nhãn",gộp nhóm hiếm rồi mã hoá theo nhãn,—
fact_promo_budget_available,promotion_description,character varying,văn bản / phân loại,đặc trưng,98.247,9,5.0,,,,,50.0,,,"khuyết 98.247% — giữ CỜ có/không, đừng điền giá trị",—,one-hot (9 nhóm),one-hot,—
fact_promo_budget_available,budget_total,double precision,số liên tục,đặc trưng,99.878,61,0.0,0.0,0.0,10204020.0,1555354665.1999927,2065879196.0,1.0,,"khuyết 99.878% — giữ CỜ có/không, đừng điền giá trị",log1p rồi chuẩn hoá z,—,—,chặn trên IQR = 25510050.0; giá trị lớn nhất vượt 81.0×
fact_promo_budget_available,budget_allocated,double precision,số liên tục,đặc trưng,99.567,61,0.0,0.0,0.0,0.0,369417319.200004,2065879196.0,,,"khuyết 99.567% — giữ CỜ có/không, đừng điền giá trị",chuẩn hoá z,—,—,IQR bằng 0 — quá nửa số dòng cùng một giá trị
fact_promo_budget_available,budget_used_total,double precision,số liên tục,đặc trưng,0.0,5890,-38473100.0,0.0,0.0,30720.0,1260000.0,3156148537.1274076,1.0,,không có khuyết thiếu,Yeo-Johnson (có giá trị âm nên không log được),—,—,chặn trên IQR = 76800.0; giá trị lớn nhất vượt 41095.7×
fact_promo_budget_available,budget_remaining,double precision,số liên tục,đặc trưng,99.567,222,-3156148537.1274076,0.0,0.0,0.0,341093959.60000473,1833519291.0,,,"khuyết 99.567% — giữ CỜ có/không, đừng điền giá trị",chuẩn hoá z,—,—,IQR bằng 0 — quá nửa số dòng cùng một giá trị
fact_promo_budget_available,foc_budget_total,double precision,số liên tục,đặc trưng,99.688,69,0.0,0.0,0.0,0.0,11695.68000000011,31200.0,,,"khuyết 99.688% — giữ CỜ có/không, đừng điền giá trị",chuẩn hoá z,—,—,IQR bằng 0 — quá nửa số dòng cùng một giá trị
fact_promo_budget_available,foc_budget_allocated,double precision,số liên tục,đặc trưng,99.567,69,0.0,0.0,0.0,0.0,9140.000000000033,31200.0,,,"khuyết 99.567% — giữ CỜ có/không, đừng điền giá trị",chuẩn hoá z,—,—,IQR bằng 0 — quá nửa số dòng cùng một giá trị
fact_promo_budget_available,foc_used_total,double precision,số liên tục,đặc trưng,0.0,580,-2400.0,0.0,1.0,12.0,90.0,85356.0,0.8333,90.0,không có khuyết thiếu,Yeo-Johnson (có giá trị âm nên không log được),—,—,chặn trên IQR = 30.0; giá trị lớn nhất vượt 2845.2×
fact_promo_budget_available,foc_remaining,double precision,số liên tục,đặc trưng,99.567,418,-85356.0,-474.0,-27.0,0.0,5565.00000000007,31208.0,-0.8861,,"khuyết 99.567% — giữ CỜ có/không, đừng điền giá trị",chuẩn hoá z,—,—,chặn trên IQR = 711.0; giá trị lớn nhất vượt 43.9×
fact_promo_budget_available,order_no,character varying,phân loại (khoá ngoại),khoá ngoại — dùng như biến phân loại,0.433,46469,6.0,,,,,6.0,,,"gộp vào nhóm ""(không rõ)""",—,"46469 nhóm — gộp nhóm hiếm trước, rồi mã hoá theo nhãn",gộp nhóm hiếm rồi mã hoá theo nhãn,—
fact_promo_budget_available,invoice_no,character varying,phân loại (khoá ngoại),khoá ngoại — dùng như biến phân loại,6.124,46379,8.0,,,,,21.0,,,"khuyết 6.124% — gộp vào nhóm ""(không rõ)"" VÀ thêm cờ khuyết",—,"46379 nhóm — gộp nhóm hiếm trước, rồi mã hoá theo nhãn",gộp nhóm hiếm rồi mã hoá theo nhãn,—
fact_promo_budget_available,invoice_status,character varying,văn bản / phân loại,đặc trưng,14.772,6,11.0,,,,,21.0,,,"khuyết 14.772% — gộp vào nhóm ""(không rõ)"" VÀ thêm cờ khuyết",—,one-hot (6 nhóm),one-hot,—
fact_promo_budget_available,entered_amount,double precision,số liên tục,đặc trưng,99.542,49,0.0,0.0,0.0,0.0,52232663.03999991,597786039.04,,,"khuyết 99.542% — giữ CỜ có/không, đừng điền giá trị",chuẩn hoá z,—,—,IQR bằng 0 — quá nửa số dòng cùng một giá trị
fact_promo_budget_available,uninvoiced_amount,double precision,số liên tục,đặc trưng,98.839,454,-353191.48148148146,0.0,63936.0,148368.0,23454419.120000165,900106213.0133333,0.1381,366.84,"khuyết 98.839% — giữ CỜ có/không, đừng điền giá trị",Yeo-Johnson (có giá trị âm nên không log được),—,—,chặn trên IQR = 370920.0; giá trị lớn nhất vượt 2426.7×
fact_promo_budget_available,ar_interface_amount,double precision,số liên tục,đặc trưng,98.851,468,-6070747.222222222,0.0,19839.814814814814,118127.77777777778,1745444.4444444445,61420414.81481481,0.6641,87.98,"khuyết 98.851% — giữ CỜ có/không, đừng điền giá trị",Yeo-Johnson (có giá trị âm nên không log được),—,—,chặn trên IQR = 295319.44; giá trị lớn nhất vượt 208.0×
fact_promo_budget_available,invoiced_amount,double precision,số liên tục,đặc trưng,55.446,5341,-38473100.0,10472.0,40206.0,139635.0,2398359.999999986,1651898911.0,0.5396,59.65,khuyết 55.446% — điền trung vị VÀ thêm cờ khuyết,Yeo-Johnson (có giá trị âm nên không log được),—,—,chặn trên IQR = 333379.5; giá trị lớn nhất vượt 4955.0×
fact_promo_budget_available,entered_qty,double precision,số liên tục,đặc trưng,99.523,27,0.0,0.0,0.0,0.0,38.59999999999991,232.0,,,"khuyết 99.523% — giữ CỜ có/không, đừng điền giá trị",chuẩn hoá z,—,—,IQR bằng 0 — quá nửa số dòng cùng một giá trị
fact_promo_budget_available,uninvoiced_qty,double precision,số liên tục,đặc trưng,96.882,120,0.0,10.0,12.0,20.0,150.0,19813.0,0.6,12.5,"khuyết 96.882% — giữ CỜ có/không, đừng điền giá trị",log1p rồi chuẩn hoá z,—,—,chặn trên IQR = 35.0; giá trị lớn nhất vượt 566.1×
fact_promo_budget_available,ar_interface_qty,double precision,số liên tục,đặc trưng,98.073,124,-144.0,0.0,9.0,20.0,196.40000000000327,7386.0,0.1,21.82,"khuyết 98.073% — giữ CỜ có/không, đừng điền giá trị",Yeo-Johnson (có giá trị âm nên không log được),—,—,chặn trên IQR = 50.0; giá trị lớn nhất vượt 147.7×
fact_promo_budget_available,invoiced_qty,double precision,số liên tục,đặc trưng,49.811,562,-2400.0,3.0,10.0,16.0,144.0,77970.0,-0.0769,14.4,khuyết 49.811% — điền trung vị VÀ thêm cờ khuyết,Yeo-Johnson (có giá trị âm nên không log được),—,—,chặn trên IQR = 35.5; giá trị lớn nhất vượt 2196.3×
fact_promo_budget_available,id,bigint,số liên tục,cột kỹ thuật — không phải đặc trưng,0.0,182571,1.0,45643.5,91286.0,136928.5,180745.3,182571.0,0.0,1.98,không có khuyết thiếu,—,—,—,—
fact_promo_budget_available,source_refs,jsonb,jsonb,cột kỹ thuật — không phải đặc trưng,0.0,,,,,,,,,,không có khuyết thiếu,—,—,—,—
fact_promo_budget_available,batch_id,bigint,số rời rạc,BỎ — hằng số,0.0,1,240893.0,240893.0,240893.0,240893.0,240893.0,240893.0,,1.0,không có khuyết thiếu,—,—,—,—
fact_promo_budget_available,created_at,timestamp with time zone,thời gian,BỎ — hằng số,0.0,1,,,,,,,,,không có khuyết thiếu,—,—,—,—
fact_promo_budget_available,updated_at,timestamp with time zone,thời gian,cột kỹ thuật — không phải đặc trưng,0.0,2,,,,,,,,,không có khuyết thiếu,—,—,—,—
fact_promo_budget_available,sub_inventory_key,bigint,phân loại (khoá ngoại),khoá ngoại — dùng như biến phân loại,0.0,42,-1.0,94.0,106.0,121.0,141.0,186.0,0.1111,1.33,không có khuyết thiếu,—,"mã hoá theo nhãn (target encoding), 42 nhóm — tính trong từng fold",mã hoá theo nhãn (target encoding),—
fact_roadmap_stores,roadmap_code,character varying,phân loại (khoá ngoại),khoá ngoại — dùng như biến phân loại,0.0,263,5.0,,,,,15.0,,,không có khuyết thiếu,—,"263 nhóm — gộp nhóm hiếm trước, rồi mã hoá theo nhãn",gộp nhóm hiếm rồi mã hoá theo nhãn,—
fact_roadmap_stores,employee_id,bigint,phân loại (khoá ngoại),khoá ngoại — dùng như biến phân loại,0.0,209,-1.0,-1.0,4737.0,4789.0,6669.0,6726.0,-0.9783,1.41,không có khuyết thiếu,—,"209 nhóm — gộp nhóm hiếm trước, rồi mã hoá theo nhãn",gộp nhóm hiếm rồi mã hoá theo nhãn,—
fact_roadmap_stores,store_id,bigint,số liên tục,khoá của dòng — không dùng làm đặc trưng,0.0,17942,77496.0,98554.75,107655.5,144088.75,425669.13,426087.0,0.6003,3.95,không có khuyết thiếu,—,—,—,—
fact_roadmap_stores,source_store_code,character varying,văn bản / phân loại,khoá của dòng — không dùng làm đặc trưng,0.0,17942,7.0,,,,,21.0,,,không có khuyết thiếu,—,—,—,—
fact_roadmap_stores,id,bigint,số liên tục,cột kỹ thuật — không phải đặc trưng,0.0,17942,46272377.0,46276862.25,46281347.5,46285832.75,46290138.59,46290318.0,0.0,1.0,không có khuyết thiếu,—,—,—,—
fact_roadmap_stores,batch_id,bigint,số rời rạc,BỎ — hằng số,0.0,1,241723.0,241723.0,241723.0,241723.0,241723.0,241723.0,,1.0,không có khuyết thiếu,—,—,—,—
fact_roadmap_stores,source_refs,jsonb,jsonb,cột kỹ thuật — không phải đặc trưng,0.0,,,,,,,,,,không có khuyết thiếu,—,—,—,—
fact_roadmap_stores,created_at,timestamp with time zone,thời gian,BỎ — hằng số,0.0,1,,,,,,,,,không có khuyết thiếu,—,—,—,—
fact_roadmap_stores,updated_at,timestamp with time zone,thời gian,BỎ — hằng số,0.0,1,,,,,,,,,không có khuyết thiếu,—,—,—,—
fact_roadmap_stores,route_manager_employee_id,bigint,phân loại (khoá ngoại),khoá ngoại — dùng như biến phân loại,0.072,45,4627.0,4750.0,4801.0,4834.0,6731.0,6731.0,-0.2143,1.4,"gộp vào nhóm ""(không rõ)""",—,"mã hoá theo nhãn (target encoding), 45 nhóm — tính trong từng fold",mã hoá theo nhãn (target encoding),—
fact_roadmaps,code,character varying,văn bản / phân loại,đặc trưng,0.0,268,5.0,,,,,15.0,,,không có khuyết thiếu,—,"gần như không trùng — không mã hoá được, chỉ dùng làm khoá",không mã hoá được — chỉ dùng làm khoá,—
fact_roadmaps,name,character varying,văn bản / phân loại,đặc trưng,0.0,262,6.0,,,,,49.0,,,không có khuyết thiếu,—,"gần như không trùng — không mã hoá được, chỉ dùng làm khoá",không mã hoá được — chỉ dùng làm khoá,—
fact_roadmaps,employee_id,bigint,phân loại (khoá ngoại),khoá ngoại — dùng như biến phân loại,0.0,211,-1.0,4616.75,4758.0,4852.25,6724.33,6730.0,-0.1996,1.41,không có khuyết thiếu,—,"211 nhóm — gộp nhóm hiếm trước, rồi mã hoá theo nhãn",gộp nhóm hiếm rồi mã hoá theo nhãn,—
fact_roadmaps,store_count,integer,số liên tục,đặc trưng,0.0,125,0.0,6.0,66.0,105.25,243.84999999999928,504.0,-0.2091,3.69,không có khuyết thiếu,chuẩn hoá z,—,—,chặn trên IQR = 254.12; giá trị lớn nhất vượt 2.0×
fact_roadmaps,id,bigint,số liên tục,cột kỹ thuật — không phải đặc trưng,0.0,268,1.0,83.75,156.5,469758.5,485398.66,503593.0,0.9997,3101.59,không có khuyết thiếu,—,—,—,—
fact_roadmaps,batch_id,bigint,số rời rạc,BỎ — hằng số,0.0,1,241723.0,241723.0,241723.0,241723.0,241723.0,241723.0,,1.0,không có khuyết thiếu,—,—,—,—
fact_roadmaps,source_refs,jsonb,jsonb,cột kỹ thuật — không phải đặc trưng,0.0,,,,,,,,,,không có khuyết thiếu,—,—,—,—
fact_roadmaps,created_at,timestamp with time zone,thời gian,cột kỹ thuật — không phải đặc trưng,0.0,21,,,,,,,,,không có khuyết thiếu,—,—,—,—
fact_roadmaps,updated_at,timestamp with time zone,thời gian,BỎ — hằng số,0.0,1,,,,,,,,,không có khuyết thiếu,—,—,—,—
fact_roadmaps,distributor_code,character varying,phân loại (khoá ngoại),khoá ngoại — dùng như biến phân loại,0.0,21,3.0,,,,,8.0,,,không có khuyết thiếu,—,"mã hoá theo nhãn (target encoding), 21 nhóm — tính trong từng fold",mã hoá theo nhãn (target encoding),—
fact_roadmaps,distributor_name,character varying,văn bản / phân loại,đặc trưng,0.0,21,8.0,,,,,60.0,,,không có khuyết thiếu,—,"mã hoá theo nhãn (target encoding), 21 nhóm — tính trong từng fold",mã hoá theo nhãn (target encoding),—
fact_roadmaps,channel_code,character varying,phân loại (khoá ngoại),khoá ngoại — dùng như biến phân loại,0.0,4,2.0,,,,,5.0,,,không có khuyết thiếu,—,one-hot (4 nhóm),one-hot,—
fact_roadmaps,channel_name,character varying,văn bản / phân loại,đặc trưng,0.0,4,7.0,,,,,30.0,,,không có khuyết thiếu,—,one-hot (4 nhóm),one-hot,—
fact_roadmaps,region_code,character varying,phân loại (khoá ngoại),khoá ngoại — dùng như biến phân loại,0.0,7,7.0,,,,,7.0,,,không có khuyết thiếu,—,one-hot (7 nhóm),one-hot,—
fact_roadmaps,region_name,character varying,văn bản / phân loại,đặc trưng,0.0,7,8.0,,,,,14.0,,,không có khuyết thiếu,—,one-hot (7 nhóm),one-hot,—
fact_roadmaps,route_manager_employee_id,bigint,phân loại (khoá ngoại),khoá ngoại — dùng như biến phân loại,0.746,45,4627.0,4792.0,4812.0,5262.0,6731.0,6731.0,0.9149,1.4,"gộp vào nhóm ""(không rõ)""",—,"mã hoá theo nhãn (target encoding), 45 nhóm — tính trong từng fold",mã hoá theo nhãn (target encoding),—
fact_sales_targets,salesman_id,bigint,số rời rạc,BỎ — hằng số,0.0,1,-1.0,-1.0,-1.0,-1.0,-1.0,-1.0,,,không có khuyết thiếu,—,—,—,—
fact_sales_targets,target_date_id,integer,phân loại (khoá ngoại),khoá ngoại — dùng như biến phân loại,0.0,270,20251201.0,20260207.25,20260417.5,20260624.75,20260828.31,20260831.0,-0.0072,1.0,không có khuyết thiếu,—,"gần như không trùng — không mã hoá được, chỉ dùng làm khoá",không mã hoá được — chỉ dùng làm khoá,—
fact_sales_targets,target_revenue,numeric,số rời rạc,BỎ — hằng số,0.0,1,0.0,0.0,0.0,0.0,0.0,0.0,,,không có khuyết thiếu,—,—,—,—
fact_sales_targets,target_visit_count,integer,số liên tục,đặc trưng,0.0,187,1.0,10.0,1569.0,1983.75,2738.55,2780.0,-0.5797,1.75,không có khuyết thiếu,lệch trái — cân nhắc bình phương hoặc để nguyên,—,—,chặn trên IQR = 4944.38; không có giá trị vượt
fact_sales_targets,target_order_count,integer,số rời rạc,BỎ — hằng số,0.0,1,0.0,0.0,0.0,0.0,0.0,0.0,,,không có khuyết thiếu,—,—,—,—
fact_sales_targets,target_new_store,integer,số rời rạc,BỎ — hằng số,0.0,1,0.0,0.0,0.0,0.0,0.0,0.0,,,không có khuyết thiếu,—,—,—,—
fact_sales_targets,id,bigint,số liên tục,cột kỹ thuật — không phải đặc trưng,0.0,270,1.0,68.25,135.5,927.75,3879.93,3884.0,0.8435,28.63,không có khuyết thiếu,—,—,—,—
fact_sales_targets,source_refs,jsonb,jsonb,cột kỹ thuật — không phải đặc trưng,0.0,,,,,,,,,,không có khuyết thiếu,—,—,—,—
fact_sales_targets,batch_id,bigint,số liên tục,cột kỹ thuật — không phải đặc trưng,0.0,81,23.0,23.0,23.0,40104.0,240585.88,241724.0,1.0,10460.26,không có khuyết thiếu,—,—,—,—
fact_sales_targets,created_at,timestamp with time zone,thời gian,cột kỹ thuật — không phải đặc trưng,0.0,270,,,,,,,,,không có khuyết thiếu,—,—,—,—
fact_sales_targets,updated_at,timestamp with time zone,thời gian,cột kỹ thuật — không phải đặc trưng,0.0,270,,,,,,,,,không có khuyết thiếu,—,—,—,—
fact_trade_promo,id,bigint,số rời rạc,BỎ — hằng số,,0,,,,,,,,,—,—,—,—,—
fact_trade_promo,promotion_id,bigint,số rời rạc,BỎ — hằng số,,0,,,,,,,,,—,—,—,—,—
fact_trade_promo,store_key,bigint,số rời rạc,BỎ — hằng số,,0,,,,,,,,,—,—,—,—,—
fact_trade_promo,product_key,bigint,số rời rạc,BỎ — hằng số,,0,,,,,,,,,—,—,—,—,—
fact_trade_promo,distributor_key,bigint,số rời rạc,BỎ — hằng số,,0,,,,,,,,,—,—,—,—,—
fact_trade_promo,period_year,integer,số rời rạc,BỎ — hằng số,,0,,,,,,,,,—,—,—,—,—
fact_trade_promo,period_month,integer,số rời rạc,BỎ — hằng số,,0,,,,,,,,,—,—,—,—,—
fact_trade_promo,ns_allocated,numeric,số rời rạc,BỎ — hằng số,,0,,,,,,,,,—,—,—,—,—
fact_trade_promo,ns_used,numeric,số rời rạc,BỎ — hằng số,,0,,,,,,,,,—,—,—,—,—
fact_trade_promo,foc_value,numeric,số rời rạc,BỎ — hằng số,,0,,,,,,,,,—,—,—,—,—
fact_trade_promo,foc_qty_carton,numeric,số rời rạc,BỎ — hằng số,,0,,,,,,,,,—,—,—,—,—
fact_trade_promo,cnt_entered,integer,số rời rạc,BỎ — hằng số,,0,,,,,,,,,—,—,—,—,—
fact_trade_promo,cnt_uninvoiced,integer,số rời rạc,BỎ — hằng số,,0,,,,,,,,,—,—,—,—,—
fact_trade_promo,cnt_ar_interface,integer,số rời rạc,BỎ — hằng số,,0,,,,,,,,,—,—,—,—,—
fact_trade_promo,cnt_invoiced,integer,số rời rạc,BỎ — hằng số,,0,,,,,,,,,—,—,—,—,—
fact_trade_promo,batch_id,bigint,số rời rạc,BỎ — hằng số,,0,,,,,,,,,—,—,—,—,—
fact_trade_promo,source_refs,jsonb,jsonb,cột kỹ thuật — không phải đặc trưng,,,,,,,,,,,—,—,—,—,—
fact_trade_promo,created_at,timestamp without time zone,thời gian,BỎ — hằng số,,0,,,,,,,,,—,—,—,—,—
fact_trade_promo,updated_at,timestamp without time zone,thời gian,BỎ — hằng số,,0,,,,,,,,,—,—,—,—,—
fact_visits,salesman_id,bigint,phân loại (khoá ngoại),khoá ngoại — dùng như biến phân loại,0.0,594,7.0,135.0,295.0,502.0,4843.0,6731.0,0.1281,16.42,không có khuyết thiếu,—,"594 nhóm — gộp nhóm hiếm trước, rồi mã hoá theo nhãn",gộp nhóm hiếm rồi mã hoá theo nhãn,—
fact_visits,shop_id,bigint,phân loại (khoá ngoại),khoá ngoại — dùng như biến phân loại,0.0,20934,-1.0,94871.0,101958.0,109216.0,273017.0,426085.0,0.0119,2.68,không có khuyết thiếu,—,"20934 nhóm — gộp nhóm hiếm trước, rồi mã hoá theo nhãn",gộp nhóm hiếm rồi mã hoá theo nhãn,—
fact_visits,distributor_id,bigint,phân loại (khoá ngoại),khoá ngoại — dùng như biến phân loại,63.05,23,2.0,4.0,9.0,20.0,2597.0,2610.0,0.375,288.56,"khuyết 63.05% — giữ CỜ có/không, đừng điền giá trị",—,"mã hoá theo nhãn (target encoding), 23 nhóm — tính trong từng fold",mã hoá theo nhãn (target encoding),—
fact_visits,date_key,integer,phân loại (khoá ngoại),khoá ngoại — dùng như biến phân loại,0.0,265,20251201.0,20260212.0,20260415.0,20260623.0,20260827.0,20260831.0,0.0122,1.0,không có khuyết thiếu,—,"265 nhóm — gộp nhóm hiếm trước, rồi mã hoá theo nhãn",gộp nhóm hiếm rồi mã hoá theo nhãn,—
fact_visits,plan_type,integer,số rời rạc,đặc trưng,0.0,3,0.0,0.0,0.0,0.0,1.0,2.0,,,không có khuyết thiếu,chuẩn hoá z,one-hot (3 nhóm),one-hot,IQR bằng 0 — quá nửa số dòng cùng một giá trị
fact_visits,plan_status,character varying,văn bản / phân loại,đặc trưng,0.0,2,7.0,,,,,9.0,,,không có khuyết thiếu,—,nhị phân 0/1,nhị phân 0/1,—
fact_visits,is_visited,boolean,nhị phân,đặc trưng,0.0,2,,,,,,,,,không có khuyết thiếu,—,nhị phân 0/1,nhị phân 0/1,—
fact_visits,planned_start_date,timestamp without time zone,thời gian,thời gian — dẫn xuất đặc trưng,0.0,265,,,,,,,,,không có khuyết thiếu,—,—,—,—
fact_visits,planned_end_date,timestamp without time zone,thời gian,thời gian — dẫn xuất đặc trưng,0.0,265,,,,,,,,,không có khuyết thiếu,—,—,—,—
fact_visits,checkin_at,timestamp without time zone,thời gian,khoá của dòng — không dùng làm đặc trưng,10.827,264987,,,,,,,,,"khuyết 10.827% — gộp vào nhóm ""(không rõ)"" VÀ thêm cờ khuyết",—,—,—,—
fact_visits,checkout_at,timestamp without time zone,thời gian,khoá của dòng — không dùng làm đặc trưng,11.01,263652,,,,,,,,,"khuyết 11.01% — gộp vào nhóm ""(không rõ)"" VÀ thêm cờ khuyết",—,—,—,—
fact_visits,scan_serials,text,văn bản / phân loại,đặc trưng,56.104,11513,10.0,,,,,611.0,,,"khuyết 56.104% — gộp vào nhóm ""(không rõ)"" VÀ thêm cờ khuyết",—,"11513 nhóm — gộp nhóm hiếm trước, rồi mã hoá theo nhãn",gộp nhóm hiếm rồi mã hoá theo nhãn,—
fact_visits,travel_distance_km,numeric,số liên tục,đặc trưng,0.0,4173,0.0,0.05,0.71,2.11,24.29460000000021,521.87,0.3592,34.22,không có khuyết thiếu,log1p rồi chuẩn hoá z,—,—,chặn trên IQR = 5.2; giá trị lớn nhất vượt 100.4×
fact_visits,travel_duration_minutes,numeric,số liên tục,đặc trưng,0.0,7852,0.0,0.15,1.65,4.38,63.02920000000042,2385.23,0.2908,38.2,không có khuyết thiếu,log1p rồi chuẩn hoá z,—,—,chặn trên IQR = 10.72; giá trị lớn nhất vượt 222.4×
fact_visits,working_time_minutes,numeric,số liên tục,đặc trưng,11.01,15265,0.03,3.53,10.1,21.35,278.92,949.88,0.2626,27.62,khuyết 11.01% — điền trung vị VÀ thêm cờ khuyết,log1p rồi chuẩn hoá z,—,—,chặn trên IQR = 48.08; giá trị lớn nhất vượt 19.8×
fact_visits,is_compliance,boolean,nhị phân,đặc trưng,0.0,2,,,,,,,,,không có khuyết thiếu,—,nhị phân 0/1,nhị phân 0/1,—
fact_visits,source_id,bigint,số liên tục,khoá của dòng — không dùng làm đặc trưng,0.0,302926,1704408.0,2108251.5,2363041.0,2672135.0,2985237.46,2990362.0,0.0963,1.26,không có khuyết thiếu,—,—,—,—
fact_visits,id,bigint,số liên tục,cột kỹ thuật — không phải đặc trưng,0.0,302926,449308.0,558946.5,673088.0,821799.0,1491000.3,1564105.0,0.1315,2.22,không có khuyết thiếu,—,—,—,—
fact_visits,source_refs,jsonb,jsonb,cột kỹ thuật — không phải đặc trưng,0.0,,,,,,,,,,không có khuyết thiếu,—,—,—,—
fact_visits,batch_id,bigint,số liên tục,cột kỹ thuật — không phải đặc trưng,0.0,1973,25162.0,25162.0,25162.0,30056.0,234206.0,241725.0,1.0,9.31,không có khuyết thiếu,—,—,—,—
fact_visits,created_at,timestamp with time zone,thời gian,cột kỹ thuật — không phải đặc trưng,0.0,265,,,,,,,,,không có khuyết thiếu,—,—,—,—
fact_visits,updated_at,timestamp with time zone,thời gian,cột kỹ thuật — không phải đặc trưng,0.0,302926,,,,,,,,,không có khuyết thiếu,—,—,—,—
fact_weather_forecast,latitude,double precision,số liên tục,đặc trưng,0.0,62,9.1769,10.95,16.0544,21.0285,22.8233,22.8233,-0.0129,1.42,không có khuyết thiếu,chuẩn hoá z,—,—,chặn trên IQR = 36.15; không có giá trị vượt
fact_weather_forecast,longitude,double precision,số liên tục,đặc trưng,0.0,60,103.0189,105.69,106.1834,107.1833,109.3,109.3,0.3392,1.03,không có khuyết thiếu,log1p rồi chuẩn hoá z,—,—,chặn trên IQR = 109.42; không có giá trị vượt
fact_weather_forecast,date,date,thời gian,thời gian — dẫn xuất đặc trưng,0.0,2447,,,,,,,,,không có khuyết thiếu,—,—,—,—
fact_weather_forecast,location_id,bigint,phân loại (khoá ngoại),khoá ngoại — dùng như biến phân loại,0.0,63,1.0,16.0,32.0,48.0,63.0,63.0,0.0,1.97,không có khuyết thiếu,—,"mã hoá theo nhãn (target encoding), 63 nhóm — tính trong từng fold",mã hoá theo nhãn (target encoding),—
fact_weather_forecast,temperature_max,double precision,số liên tục,đặc trưng,0.0,343,5.6,26.8,30.2,32.2,37.5,43.0,-0.2593,1.24,không có khuyết thiếu,chuẩn hoá z,—,—,chặn trên IQR = 40.3; giá trị lớn nhất vượt 1.1×
fact_weather_forecast,temperature_min,double precision,số liên tục,đặc trưng,0.0,283,2.6,20.0,23.4,24.9,28.5,32.7,-0.3878,1.22,không có khuyết thiếu,lệch trái — cân nhắc bình phương hoặc để nguyên,—,—,chặn trên IQR = 32.25; giá trị lớn nhất vượt 1.0×
fact_weather_forecast,precipitation_day_sum,double precision,số liên tục,đặc trưng,0.0,1948,0.0,0.0,0.8,4.500000000000001,28.900000000000006,354.19999999999993,0.6444,36.13,không có khuyết thiếu,log1p rồi chuẩn hoá z,—,—,chặn trên IQR = 11.25; giá trị lớn nhất vượt 31.5×
fact_weather_forecast,precipitation_night_sum,double precision,số liên tục,đặc trưng,0.0,1806,0.0,0.0,0.1,2.0,27.500000000000004,287.69999999999993,0.9,275.0,không có khuyết thiếu,log1p rồi chuẩn hoá z,—,—,chặn trên IQR = 5.0; giá trị lớn nhất vượt 57.5×
fact_weather_forecast,id,bigint,số liên tục,cột kỹ thuật — không phải đặc trưng,0.0,154161,1.0,38541.0,77081.0,115621.0,3482817.4,4434014.0,0.0,45.18,không có khuyết thiếu,—,—,—,—
fact_weather_forecast,source_refs,jsonb,jsonb,cột kỹ thuật — không phải đặc trưng,0.0,,,,,,,,,,không có khuyết thiếu,—,—,—,—
fact_weather_forecast,batch_id,bigint,số liên tục,cột kỹ thuật — không phải đặc trưng,0.0,82,24.0,24.0,24.0,24.0,241726.0,241726.0,,10071.92,không có khuyết thiếu,—,—,—,—
fact_weather_forecast,created_at,timestamp with time zone,thời gian,cột kỹ thuật — không phải đặc trưng,0.0,79,,,,,,,,,không có khuyết thiếu,—,—,—,—
fact_weather_forecast,updated_at,timestamp with time zone,thời gian,cột kỹ thuật — không phải đặc trưng,0.0,82,,,,,,,,,không có khuyết thiếu,—,—,—,—
zz_archive_om_orphans_20260804,salesman_id,bigint,phân loại (khoá ngoại),khoá ngoại — dùng như biến phân loại,0.0,46,-1.0,30.0,297.0,473.0,694.6000000000015,754.0,-0.2054,2.34,không có khuyết thiếu,—,"mã hoá theo nhãn (target encoding), 46 nhóm — tính trong từng fold",mã hoá theo nhãn (target encoding),—
zz_archive_om_orphans_20260804,product_key,bigint,phân loại (khoá ngoại),khoá ngoại — dùng như biến phân loại,0.0,149,10.0,639.0,991.0,1140.0,2420.3500000000004,2518.0,-0.4052,2.44,không có khuyết thiếu,—,"mã hoá theo nhãn (target encoding), 149 nhóm — tính trong từng fold",mã hoá theo nhãn (target encoding),—
zz_archive_om_orphans_20260804,order_date_key,integer,phân loại (khoá ngoại),khoá ngoại — dùng như biến phân loại,0.0,23,20260511.0,20260609.0,20260622.0,20260625.0,20260703.75,20260713.0,-0.625,1.0,không có khuyết thiếu,—,"mã hoá theo nhãn (target encoding), 23 nhóm — tính trong từng fold",mã hoá theo nhãn (target encoding),—
zz_archive_om_orphans_20260804,store_key,bigint,phân loại (khoá ngoại),khoá ngoại — dùng như biến phân loại,0.0,84,-1.0,89555.5,99806.0,109458.0,134774.0,135642.0,-0.0301,1.35,không có khuyết thiếu,—,"mã hoá theo nhãn (target encoding), 84 nhóm — tính trong từng fold",mã hoá theo nhãn (target encoding),—
zz_archive_om_orphans_20260804,distributor_key,bigint,số rời rạc,BỎ — hằng số,0.0,1,-1.0,-1.0,-1.0,-1.0,-1.0,-1.0,,,không có khuyết thiếu,—,—,—,—
zz_archive_om_orphans_20260804,chain_key,bigint,số rời rạc,BỎ — rỗng hoàn toàn,100.0,0,,,,,,,,,bỏ cột,—,—,—,—
zz_archive_om_orphans_20260804,visit_key,bigint,số rời rạc,BỎ — rỗng hoàn toàn,100.0,0,,,,,,,,,bỏ cột,—,—,—,—
zz_archive_om_orphans_20260804,line_status_key,integer,số rời rạc,BỎ — hằng số,0.0,1,-1.0,-1.0,-1.0,-1.0,-1.0,-1.0,,,không có khuyết thiếu,—,—,—,—
zz_archive_om_orphans_20260804,sub_inventory_key,bigint,phân loại (khoá ngoại),khoá ngoại — dùng như biến phân loại,0.0,21,74.0,94.0,102.0,122.0,141.0,141.0,0.4286,1.38,không có khuyết thiếu,—,"mã hoá theo nhãn (target encoding), 21 nhóm — tính trong từng fold",mã hoá theo nhãn (target encoding),—
zz_archive_om_orphans_20260804,warehouse_key,bigint,phân loại (khoá ngoại),khoá ngoại — dùng như biến phân loại,0.0,5,2.0,2.0,3.0,5.0,7.0,7.0,0.3333,2.33,không có khuyết thiếu,—,one-hot (5 nhóm),one-hot,—
zz_archive_om_orphans_20260804,delivery_type_key,integer,số rời rạc,BỎ — hằng số,0.0,1,-1.0,-1.0,-1.0,-1.0,-1.0,-1.0,,,không có khuyết thiếu,—,—,—,—
zz_archive_om_orphans_20260804,order_type_key,integer,phân loại (khoá ngoại),khoá ngoại — dùng như biến phân loại,0.0,4,-1.0,-1.0,-1.0,-1.0,6.0,7.0,,,không có khuyết thiếu,—,one-hot (4 nhóm),one-hot,—
zz_archive_om_orphans_20260804,delivery_date_key,integer,phân loại (khoá ngoại),khoá ngoại — dùng như biến phân loại,95.516,3,20260609.0,20260609.0,20260609.0,20260624.0,20260713.0,20260713.0,1.0,1.0,"khuyết 95.516% — giữ CỜ có/không, đừng điền giá trị",—,one-hot (3 nhóm),one-hot,—
zz_archive_om_orphans_20260804,order_source,character varying,văn bản / phân loại,đặc trưng,0.0,2,9.0,,,,,9.0,,,không có khuyết thiếu,—,nhị phân 0/1,nhị phân 0/1,—
zz_archive_om_orphans_20260804,order_timestamp,timestamp without time zone,thời gian,BỎ — rỗng hoàn toàn,100.0,0,,,,,,,,,bỏ cột,—,—,—,—
zz_archive_om_orphans_20260804,raw_created_at,timestamp without time zone,thời gian,BỎ — rỗng hoàn toàn,100.0,0,,,,,,,,,bỏ cột,—,—,—,—
zz_archive_om_orphans_20260804,delivery_date,timestamp without time zone,thời gian,thời gian — dẫn xuất đặc trưng,95.516,3,,,,,,,,,"khuyết 95.516% — giữ CỜ có/không, đừng điền giá trị",—,—,—,—
zz_archive_om_orphans_20260804,schedule_ship_date,timestamp without time zone,thời gian,BỎ — rỗng hoàn toàn,100.0,0,,,,,,,,,bỏ cột,—,—,—,—
zz_archive_om_orphans_20260804,sales_qty,numeric,số liên tục,đặc trưng,0.0,79,-1.0,11.0,24.0,48.0,1310.0000000000023,2400.0,0.2973,54.58,không có khuyết thiếu,Yeo-Johnson (có giá trị âm nên không log được),—,—,chặn trên IQR = 103.5; giá trị lớn nhất vượt 23.2×
zz_archive_om_orphans_20260804,shipped_qty,numeric,số liên tục,đặc trưng,0.0,30,0.0,0.0,0.0,0.0,240.0,504.0,,,không có khuyết thiếu,chuẩn hoá z,—,—,IQR bằng 0 — quá nửa số dòng cùng một giá trị
zz_archive_om_orphans_20260804,cancelled_qty,numeric,số rời rạc,đặc trưng,0.0,2,-1.0,0.0,0.0,0.0,0.0,0.0,,,không có khuyết thiếu,chuẩn hoá z,nhị phân 0/1,nhị phân 0/1,IQR bằng 0 — quá nửa số dòng cùng một giá trị
zz_archive_om_orphans_20260804,vat_percent,numeric,số rời rạc,BỎ — rỗng hoàn toàn,100.0,0,,,,,,,,,bỏ cột,—,—,—,—
zz_archive_om_orphans_20260804,unit_price_before_vat,numeric,số liên tục,đặc trưng,0.0,116,0.0,12364.0,18900.0,27583.5,125000.0,288000.0,0.1411,6.61,không có khuyết thiếu,chuẩn hoá z,—,—,chặn trên IQR = 50412.75; giá trị lớn nhất vượt 5.7×
zz_archive_om_orphans_20260804,unit_price_after_discount_before_vat,numeric,số rời rạc,BỎ — rỗng hoàn toàn,100.0,0,,,,,,,,,bỏ cột,—,—,—,—
zz_archive_om_orphans_20260804,unit_price_after_discount_after_vat,numeric,số rời rạc,BỎ — rỗng hoàn toàn,100.0,0,,,,,,,,,bỏ cột,—,—,—,—
zz_archive_om_orphans_20260804,unit_price,numeric,số rời rạc,BỎ — rỗng hoàn toàn,100.0,0,,,,,,,,,bỏ cột,—,—,—,—
zz_archive_om_orphans_20260804,discount_percent,numeric,số rời rạc,BỎ — rỗng hoàn toàn,100.0,0,,,,,,,,,bỏ cột,—,—,—,—
zz_archive_om_orphans_20260804,amount_before_discount_before_vat,numeric,số liên tục,đặc trưng,0.0,204,0.0,246139.75,534818.0,1020847.0,18796296.0,55855200.0,0.2547,35.15,không có khuyết thiếu,log1p rồi chuẩn hoá z,—,—,chặn trên IQR = 2182907.88; giá trị lớn nhất vượt 25.6×
zz_archive_om_orphans_20260804,amount_before_discount,numeric,số rời rạc,BỎ — rỗng hoàn toàn,100.0,0,,,,,,,,,bỏ cột,—,—,—,—
zz_archive_om_orphans_20260804,discount_amount_before_vat,numeric,số rời rạc,BỎ — rỗng hoàn toàn,100.0,0,,,,,,,,,bỏ cột,—,—,—,—
zz_archive_om_orphans_20260804,discount_amount,numeric,số rời rạc,đặc trưng,99.552,2,16178.43,18425.4325,20672.434999999998,22919.4375,25076.5599,25166.44,0.0,1.21,"khuyết 99.552% — giữ CỜ có/không, đừng điền giá trị",chuẩn hoá z,"gần như không trùng — không mã hoá được, chỉ dùng làm khoá",không mã hoá được — chỉ dùng làm khoá,chặn trên IQR = 29660.44; không có giá trị vượt
zz_archive_om_orphans_20260804,amount_incl_vat,numeric,số liên tục,đặc trưng,0.0,204,0.0,265830.75,577603.0,1102515.0,20300000.0,60323616.0,0.2547,35.15,không có khuyết thiếu,log1p rồi chuẩn hoá z,—,—,chặn trên IQR = 2357541.38; giá trị lớn nhất vượt 25.6×
zz_archive_om_orphans_20260804,net_revenue,numeric,số rời rạc,BỎ — rỗng hoàn toàn,100.0,0,,,,,,,,,bỏ cột,—,—,—,—
zz_archive_om_orphans_20260804,vat_amount,numeric,số liên tục,đặc trưng,0.0,202,0.0,19691.0,42785.0,81668.0,1503704.0,4468416.0,0.2548,35.15,không có khuyết thiếu,log1p rồi chuẩn hoá z,—,—,chặn trên IQR = 174633.5; giá trị lớn nhất vượt 25.6×
zz_archive_om_orphans_20260804,is_return,boolean,nhị phân,BỎ — hằng số,0.0,1,,,,,,,,,không có khuyết thiếu,—,—,—,—
zz_archive_om_orphans_20260804,is_free_order,boolean,nhị phân,BỎ — hằng số,0.0,1,,,,,,,,,không có khuyết thiếu,—,—,—,—
zz_archive_om_orphans_20260804,order_line_type,character varying,văn bản / phân loại,BỎ — rỗng hoàn toàn,100.0,0,,,,,,,,,bỏ cột,—,—,—,—
zz_archive_om_orphans_20260804,order_code,character varying,phân loại (khoá ngoại),khoá ngoại — dùng như biến phân loại,0.0,99,6.0,,,,,6.0,,,không có khuyết thiếu,—,"mã hoá theo nhãn (target encoding), 99 nhóm — tính trong từng fold",mã hoá theo nhãn (target encoding),—
zz_archive_om_orphans_20260804,ora_order_no,character varying,phân loại (khoá ngoại),khoá ngoại — dùng như biến phân loại,0.0,99,6.0,,,,,6.0,,,không có khuyết thiếu,—,"mã hoá theo nhãn (target encoding), 99 nhóm — tính trong từng fold",mã hoá theo nhãn (target encoding),—
zz_archive_om_orphans_20260804,invoice_no,character varying,phân loại (khoá ngoại),khoá ngoại — dùng như biến phân loại,85.65,11,21.0,,,,,21.0,,,"khuyết 85.65% — giữ CỜ có/không, đừng điền giá trị",—,one-hot (11 nhóm),one-hot,—
zz_archive_om_orphans_20260804,delivery_days_sla,integer,số rời rạc,BỎ — hằng số,98.879,1,1.0,1.0,1.0,1.0,1.0,1.0,,1.0,"khuyết 98.879% — giữ CỜ có/không, đừng điền giá trị",—,—,—,—
zz_archive_om_orphans_20260804,ar_doc_no,character varying,phân loại (khoá ngoại),khoá ngoại — dùng như biến phân loại,85.65,11,8.0,,,,,8.0,,,"khuyết 85.65% — giữ CỜ có/không, đừng điền giá trị",—,one-hot (11 nhóm),one-hot,—
zz_archive_om_orphans_20260804,goods_receipt_no,character varying,phân loại (khoá ngoại),khoá ngoại — dùng như biến phân loại,95.516,4,20.0,,,,,20.0,,,"khuyết 95.516% — giữ CỜ có/không, đừng điền giá trị",—,one-hot (4 nhóm),one-hot,—
zz_archive_om_orphans_20260804,billing_address,text,văn bản / phân loại,đặc trưng,95.516,4,60.0,,,,,113.0,,,"khuyết 95.516% — giữ CỜ có/không, đừng điền giá trị",—,one-hot (4 nhóm),one-hot,—
zz_archive_om_orphans_20260804,shipping_address,text,văn bản / phân loại,đặc trưng,95.516,4,38.0,,,,,87.0,,,"khuyết 95.516% — giữ CỜ có/không, đừng điền giá trị",—,one-hot (4 nhóm),one-hot,—
zz_archive_om_orphans_20260804,supervisor_employee_id,bigint,số rời rạc,BỎ — rỗng hoàn toàn,100.0,0,,,,,,,,,bỏ cột,—,—,—,—
zz_archive_om_orphans_20260804,asm_employee_id,bigint,số rời rạc,BỎ — rỗng hoàn toàn,100.0,0,,,,,,,,,bỏ cột,—,—,—,—
zz_archive_om_orphans_20260804,category_id,bigint,số rời rạc,BỎ — rỗng hoàn toàn,100.0,0,,,,,,,,,bỏ cột,—,—,—,—
zz_archive_om_orphans_20260804,row_hash,character,văn bản / phân loại,BỎ — rỗng hoàn toàn,100.0,0,,,,,,,,,bỏ cột,—,—,—,—
zz_archive_om_orphans_20260804,sales_flow,character varying,văn bản / phân loại,BỎ — rỗng hoàn toàn,100.0,0,,,,,,,,,bỏ cột,—,—,—,—
zz_archive_om_orphans_20260804,id,bigint,số liên tục,cột kỹ thuật — không phải đặc trưng,0.0,446,15570319.0,15700355.25,15836630.5,18831578.75,32637447.800000075,36328351.0,0.913,2.06,không có khuyết thiếu,—,—,—,—
zz_archive_om_orphans_20260804,source_refs,jsonb,jsonb,BỎ — rỗng hoàn toàn,100.0,,,,,,,,,,bỏ cột,—,—,—,—
zz_archive_om_orphans_20260804,batch_id,bigint,số rời rạc,BỎ — rỗng hoàn toàn,100.0,0,,,,,,,,,bỏ cột,—,—,—,—
zz_archive_om_orphans_20260804,created_at,timestamp with time zone,thời gian,cột kỹ thuật — không phải đặc trưng,0.0,11,,,,,,,,,không có khuyết thiếu,—,—,—,—
zz_archive_om_orphans_20260804,updated_at,timestamp with time zone,thời gian,cột kỹ thuật — không phải đặc trưng,0.0,18,,,,,,,,,không có khuyết thiếu,—,—,—,—
zz_archive_om_orphans_20260804,eco_flag,integer,số rời rạc,đặc trưng,0.0,2,0.0,0.0,0.0,0.0,1.0,1.0,,,không có khuyết thiếu,chuẩn hoá z,nhị phân 0/1,nhị phân 0/1,IQR bằng 0 — quá nửa số dòng cùng một giá trị
zz_archive_om_orphans_20260804,sales_qty_carton,numeric,số liên tục,đặc trưng,1.57,83,0.0,1.0,1.0,2.0,58.3333,100.0,1.0,58.33,điền trung vị,log1p rồi chuẩn hoá z,—,—,chặn trên IQR = 3.5; giá trị lớn nhất vượt 28.6×
zz_archive_om_orphans_20260804,reason_code,character varying,văn bản / phân loại,BỎ — rỗng hoàn toàn,100.0,0,,,,,,,,,bỏ cột,—,—,—,—
zz_archive_om_orphans_20260804,delivery_date_source,character varying,văn bản / phân loại,đặc trưng,0.0,2,5.0,,,,,7.0,,,không có khuyết thiếu,—,nhị phân 0/1,nhị phân 0/1,—
zz_archive_om_orphans_20260804,warehouse_out_at,timestamp without time zone,thời gian,thời gian — dẫn xuất đặc trưng,85.65,7,,,,,,,,,"khuyết 85.65% — giữ CỜ có/không, đừng điền giá trị",—,—,—,—
zz_archive_om_orphans_20260804,canceled_reason_line,character varying,văn bản / phân loại,BỎ — hằng số,99.552,1,15.0,,,,,15.0,,,"khuyết 99.552% — giữ CỜ có/không, đừng điền giá trị",—,—,—,—
zz_archive_om_orphans_20260804,canceled_note,character varying,văn bản / phân loại,BỎ — rỗng hoàn toàn,100.0,0,,,,,,,,,bỏ cột,—,—,—,—
zz_archive_om_orphans_20260804,product_code,character varying,phân loại (khoá ngoại),khoá ngoại — dùng như biến phân loại,0.0,110,12.0,,,,,12.0,,,không có khuyết thiếu,—,"mã hoá theo nhãn (target encoding), 110 nhóm — tính trong từng fold",mã hoá theo nhãn (target encoding),—
zz_archive_om_orphans_20260804,is_admin_cancel,boolean,nhị phân,BỎ — rỗng hoàn toàn,100.0,0,,,,,,,,,bỏ cột,—,—,—,—
zz_archive_om_orphans_20260804,erp_status,character varying,văn bản / phân loại,BỎ — rỗng hoàn toàn,100.0,0,,,,,,,,,bỏ cột,—,—,—,—
zz_archive_om_orphans_20260804,dms_status,character varying,văn bản / phân loại,BỎ — rỗng hoàn toàn,100.0,0,,,,,,,,,bỏ cột,—,—,—,—
zz_archive_om_orphans_20260804,dms_order_code,character varying,văn bản / phân loại,BỎ — rỗng hoàn toàn,100.0,0,,,,,,,,,bỏ cột,—,—,—,—
zz_archive_om_orphans_20260804,uom,character varying,văn bản / phân loại,BỎ — hằng số,99.552,1,3.0,,,,,3.0,,,"khuyết 99.552% — giữ CỜ có/không, đừng điền giá trị",—,—,—,—
