nguon,la_bang_fact,bang,cot,dang,vai_tro,khuyet_pct,so_gia_tri,luc_luong_pct,hang_so,mo_coi_pct,tre_ngay,diem_thong_tin,danh_gia,tac_dung,muc_bang_chung,cong_vo_dung,can_cu_tac_dung,day_du,cong_thieu,he_qua_neu_bo_qua,quyet_dinh_panel,phan_loai,vao_panel,viec_phai_lam
bảng phẳng,true,panel_mt,dlv_received_qty,số,đặc trưng,95.042,895.0,,false,,,0.1269,,CẦN THIẾT,ĐO ĐƯỢC,—,7/8 thước đo xếp vào nửa trên,THIẾU,C2 Khuyết ≥ 95%,"Phần quan sát còn lại quá mỏng để ước lượng ổn định. Chỉ nên giữ lại dưới dạng cờ có/không, không giữ giá trị.",CHUYỂN THÀNH LAG,NHIỀU TÁC DỤNG · THIẾU DỮ LIỆU,true,"VẪN ĐƯA VÀO bảng phẳng, kèm cờ khuyết — rồi đi sửa nguồn. Thiếu dữ liệu là việc của nguồn, không phải lý do loại một cột có ích."
bảng phẳng,true,panel_mt,dlv_ordered_qty,số,đặc trưng,95.042,881.0,,false,,,0.125,,CẦN THIẾT,ĐO ĐƯỢC,—,7/8 thước đo xếp vào nửa trên,THIẾU,C2 Khuyết ≥ 95%,"Phần quan sát còn lại quá mỏng để ước lượng ổn định. Chỉ nên giữ lại dưới dạng cờ có/không, không giữ giá trị.",CHUYỂN THÀNH LAG,NHIỀU TÁC DỤNG · THIẾU DỮ LIỆU,true,"VẪN ĐƯA VÀO bảng phẳng, kèm cờ khuyết — rồi đi sửa nguồn. Thiếu dữ liệu là việc của nguồn, không phải lý do loại một cột có ích."
bảng phẳng,true,panel_mt,dlv_shipped_qty,số,đặc trưng,95.042,841.0,,false,,,0.1181,,CẦN THIẾT,ĐO ĐƯỢC,—,7/8 thước đo xếp vào nửa trên,THIẾU,C2 Khuyết ≥ 95%,"Phần quan sát còn lại quá mỏng để ước lượng ổn định. Chỉ nên giữ lại dưới dạng cờ có/không, không giữ giá trị.",CHUYỂN THÀNH LAG,NHIỀU TÁC DỤNG · THIẾU DỮ LIỆU,true,"VẪN ĐƯA VÀO bảng phẳng, kèm cờ khuyết — rồi đi sửa nguồn. Thiếu dữ liệu là việc của nguồn, không phải lý do loại một cột có ích."
bảng phẳng,true,panel_mt,supervisor_id,số,đặc trưng,96.843,77.0,,false,,,0.0392,,CẦN THIẾT,CÓ ĐƯỜNG TỚI,—,bảng `panel_mt` nối được về hạt; entropy: chưa đo,THIẾU,C2 Khuyết ≥ 95%,"Phần quan sát còn lại quá mỏng để ước lượng ổn định. Chỉ nên giữ lại dưới dạng cờ có/không, không giữ giá trị.",BỎ,NHIỀU TÁC DỤNG · THIẾU DỮ LIỆU,true,"VẪN ĐƯA VÀO bảng phẳng, kèm cờ khuyết — rồi đi sửa nguồn. Thiếu dữ liệu là việc của nguồn, không phải lý do loại một cột có ích."
bảng phẳng,true,panel_mt,dlv_line_count,số,đặc trưng,95.042,69.0,,false,,,0.0359,,CẦN THIẾT,ĐO ĐƯỢC,—,4/8 thước đo xếp vào nửa trên,THIẾU,C2 Khuyết ≥ 95%,"Phần quan sát còn lại quá mỏng để ước lượng ổn định. Chỉ nên giữ lại dưới dạng cờ có/không, không giữ giá trị.",CHUYỂN THÀNH LAG,NHIỀU TÁC DỤNG · THIẾU DỮ LIỆU,true,"VẪN ĐƯA VÀO bảng phẳng, kèm cờ khuyết — rồi đi sửa nguồn. Thiếu dữ liệu là việc của nguồn, không phải lý do loại một cột có ích."
bảng phẳng,true,panel_mt,asm_id,số,đặc trưng,97.413,36.0,,false,,,0.0293,,CẦN THIẾT,CÓ ĐƯỜNG TỚI,—,bảng `panel_mt` nối được về hạt; entropy: chưa đo,THIẾU,C2 Khuyết ≥ 95%,"Phần quan sát còn lại quá mỏng để ước lượng ổn định. Chỉ nên giữ lại dưới dạng cờ có/không, không giữ giá trị.",BỎ,NHIỀU TÁC DỤNG · THIẾU DỮ LIỆU,true,"VẪN ĐƯA VÀO bảng phẳng, kèm cờ khuyết — rồi đi sửa nguồn. Thiếu dữ liệu là việc của nguồn, không phải lý do loại một cột có ích."
bảng phẳng,true,panel_mt,dlv_shipper_count,số,đặc trưng,95.042,24.0,,false,,,0.0131,,CẦN THIẾT,ĐO ĐƯỢC,—,4/8 thước đo xếp vào nửa trên,THIẾU,C2 Khuyết ≥ 95%,"Phần quan sát còn lại quá mỏng để ước lượng ổn định. Chỉ nên giữ lại dưới dạng cờ có/không, không giữ giá trị.",CHUYỂN THÀNH LAG,NHIỀU TÁC DỤNG · THIẾU DỮ LIỆU,true,"VẪN ĐƯA VÀO bảng phẳng, kèm cờ khuyết — rồi đi sửa nguồn. Thiếu dữ liệu là việc của nguồn, không phải lý do loại một cột có ích."
file CTKM người dùng nạp,true,ctkm_dong,status_evidence,phân loại,đặc trưng,98.901,16.0,0.251,false,,,,,CẦN THIẾT,CÓ ĐƯỜNG TỚI,—,bảng `ctkm_dong` nối được về hạt; entropy: chưa đo,THIẾU,C2 Khuyết ≥ 95%,"Phần quan sát còn lại quá mỏng để ước lượng ổn định. Chỉ nên giữ lại dưới dạng cờ có/không, không giữ giá trị.",,NHIỀU TÁC DỤNG · THIẾU DỮ LIỆU,true,"VẪN ĐƯA VÀO bảng phẳng, kèm cờ khuyết — rồi đi sửa nguồn. Thiếu dữ liệu là việc của nguồn, không phải lý do loại một cột có ích."
lược đồ dwh,false,dim_stores,store_code,phân loại,khoá ngoại — dùng như biến phân loại,0.0,56390.0,18.71,false,,,2.2829,thông tin phong phú,CẦN THIẾT,CÓ ĐƯỜNG TỚI,—,bảng `dim_stores` nối được về hạt; entropy: thông tin phong phú,ĐỦ,—,Không vướng cổng nào.,,NHIỀU TÁC DỤNG · ĐỦ DỮ LIỆU,true,"Đưa vào bảng phẳng, dùng được ngay."
lược đồ dwh,true,fact_order_lines,order_code,phân loại,khoá ngoại — dùng như biến phân loại,0.0,127932.0,43.04,false,,0.0,2.1591,thông tin phong phú,CẦN THIẾT,CÓ ĐƯỜNG TỚI,—,bảng `fact_order_lines` nối được về hạt; entropy: thông tin phong phú,ĐỦ,—,Không vướng cổng nào.,,NHIỀU TÁC DỤNG · ĐỦ DỮ LIỆU,true,"Đưa vào bảng phẳng, dùng được ngay."
lược đồ dwh,true,fact_order_lines,order_timestamp,phân loại,thời gian — dẫn xuất đặc trưng,0.0,127099.0,42.76,false,,0.0,2.1583,thông tin phong phú,CẦN THIẾT,CÓ ĐƯỜNG TỚI,—,bảng `fact_order_lines` nối được về hạt; entropy: thông tin phong phú,ĐỦ,—,Không vướng cổng nào.,,NHIỀU TÁC DỤNG · ĐỦ DỮ LIỆU,true,"Đưa vào bảng phẳng, dùng được ngay."
lược đồ dwh,true,fact_order_lines,dms_order_code,phân loại,khoá ngoại — dùng như biến phân loại,3.965,122091.0,42.771,false,,0.0,2.0592,thông tin phong phú,CẦN THIẾT,CÓ ĐƯỜNG TỚI,—,bảng `fact_order_lines` nối được về hạt; entropy: thông tin phong phú,ĐỦ,—,Không vướng cổng nào.,,NHIỀU TÁC DỤNG · ĐỦ DỮ LIỆU,true,"Đưa vào bảng phẳng, dùng được ngay."
lược đồ dwh,false,dim_stores,store_name,phân loại,đặc trưng,0.0,44612.0,14.802,false,,,2.05,thông tin phong phú,CẦN THIẾT,CÓ ĐƯỜNG TỚI,—,bảng `dim_stores` nối được về hạt; entropy: thông tin phong phú,ĐỦ,—,Không vướng cổng nào.,DÙNG,NHIỀU TÁC DỤNG · ĐỦ DỮ LIỆU,true,"Đưa vào bảng phẳng, dùng được ngay."
lược đồ dwh,true,fact_delivery_details,delivery_note_code,phân loại,khoá ngoại — dùng như biến phân loại,0.0,80365.0,26.68,false,,-1446.0,2.0308,thông tin phong phú,CẦN THIẾT,CÓ ĐƯỜNG TỚI,—,bảng `fact_delivery_details` nối được về hạt; entropy: thông tin phong phú,ĐỦ,—,Không vướng cổng nào.,,NHIỀU TÁC DỤNG · ĐỦ DỮ LIỆU,true,"Đưa vào bảng phẳng, dùng được ngay."
lược đồ dwh,true,fact_delivery_details,so_number,phân loại,đặc trưng,0.0,78281.0,25.988,false,,-1446.0,2.0302,thông tin phong phú,CẦN THIẾT,CÓ ĐƯỜNG TỚI,—,bảng `fact_delivery_details` nối được về hạt; entropy: thông tin phong phú,ĐỦ,—,Không vướng cổng nào.,,NHIỀU TÁC DỤNG · ĐỦ DỮ LIỆU,true,"Đưa vào bảng phẳng, dùng được ngay."
lược đồ dwh,false,dim_products,product_code,phân loại,khoá ngoại — dùng như biến phân loại,0.0,1275.0,50.138,false,,,1.7188,thông tin phong phú,CẦN THIẾT,CÓ ĐƯỜNG TỚI,—,bảng `dim_products` nối được về hạt; entropy: thông tin phong phú,ĐỦ,—,Không vướng cổng nào.,,NHIỀU TÁC DỤNG · ĐỦ DỮ LIỆU,true,"Đưa vào bảng phẳng, dùng được ngay."
lược đồ dwh,false,dim_products,product_name,phân loại,đặc trưng,0.0,1259.0,49.508,false,,,1.7146,thông tin phong phú,CẦN THIẾT,CÓ ĐƯỜNG TỚI,—,bảng `dim_products` nối được về hạt; entropy: thông tin phong phú,ĐỦ,—,Không vướng cổng nào.,DÙNG,NHIỀU TÁC DỤNG · ĐỦ DỮ LIỆU,true,"Đưa vào bảng phẳng, dùng được ngay."
lược đồ dwh,true,fact_inventory_lot_snapshot,lot_code,phân loại,khoá ngoại — dùng như biến phân loại,0.0,7920.0,2.625,false,,0.0,1.6739,thông tin phong phú,CẦN THIẾT,CÓ ĐƯỜNG TỚI,—,bảng `fact_inventory_lot_snapshot` nối được về hạt; entropy: thông tin phong phú,ĐỦ,—,Không vướng cổng nào.,,NHIỀU TÁC DỤNG · ĐỦ DỮ LIỆU,true,"Đưa vào bảng phẳng, dùng được ngay."
lược đồ dwh,true,fact_delivery_details,trip_code,phân loại,khoá ngoại — dùng như biến phân loại,1.195,4512.0,1.516,false,,-1446.0,1.5534,thông tin phong phú,CẦN THIẾT,CÓ ĐƯỜNG TỚI,—,bảng `fact_delivery_details` nối được về hạt; entropy: thông tin phong phú,ĐỦ,—,Không vướng cổng nào.,,NHIỀU TÁC DỤNG · ĐỦ DỮ LIỆU,true,"Đưa vào bảng phẳng, dùng được ngay."
bảng phẳng,true,panel_mt,shipped_qty,số,đặc trưng,0.0,1721.0,,false,,,1.5373,,CẦN THIẾT,ĐO ĐƯỢC,—,8/8 thước đo xếp vào nửa trên,ĐỦ,—,Không vướng cổng nào.,CHUYỂN THÀNH LAG,NHIỀU TÁC DỤNG · ĐỦ DỮ LIỆU,true,"Đưa vào bảng phẳng, dùng được ngay."
lược đồ dwh,false,dim_employees,employee_name,phân loại,đặc trưng,0.0,767.0,11.449,false,,,1.528,thông tin phong phú,CẦN THIẾT,CÓ ĐƯỜNG TỚI,—,bảng `dim_employees` nối được về hạt; entropy: thông tin phong phú,ĐỦ,—,Không vướng cổng nào.,,NHIỀU TÁC DỤNG · ĐỦ DỮ LIỆU,true,"Đưa vào bảng phẳng, dùng được ngay."
lược đồ dwh,false,dim_employees,employee_code,phân loại,khoá ngoại — dùng như biến phân loại,0.0,749.0,11.181,false,,,1.5271,thông tin phong phú,CẦN THIẾT,CÓ ĐƯỜNG TỚI,—,bảng `dim_employees` nối được về hạt; entropy: thông tin phong phú,ĐỦ,—,Không vướng cổng nào.,,NHIỀU TÁC DỤNG · ĐỦ DỮ LIỆU,true,"Đưa vào bảng phẳng, dùng được ngay."
bảng phẳng,true,panel_mt,amount_incl_vat,số,đặc trưng,0.0,27362.0,,false,,,1.4498,,CẦN THIẾT,ĐO ĐƯỢC,—,8/8 thước đo xếp vào nửa trên,ĐỦ,—,Không vướng cổng nào.,CHUYỂN THÀNH LAG,NHIỀU TÁC DỤNG · ĐỦ DỮ LIỆU,true,"Đưa vào bảng phẳng, dùng được ngay."
lược đồ dwh,false,dim_stores,address,phân loại,đặc trưng,32.502,36787.0,18.083,false,,,1.4286,thông tin phong phú,CẦN THIẾT,CÓ ĐƯỜNG TỚI,—,bảng `dim_stores` nối được về hạt; entropy: thông tin phong phú,ĐỦ,—,Không vướng cổng nào.,,NHIỀU TÁC DỤNG · ĐỦ DỮ LIỆU,true,"Đưa vào bảng phẳng, dùng được ngay."
bảng phẳng,true,panel_mt,vat_amount,số,đặc trưng,0.0,26913.0,,false,,,1.4263,,CẦN THIẾT,ĐO ĐƯỢC,—,8/8 thước đo xếp vào nửa trên,ĐỦ,—,Không vướng cổng nào.,CHUYỂN THÀNH LAG,NHIỀU TÁC DỤNG · ĐỦ DỮ LIỆU,true,"Đưa vào bảng phẳng, dùng được ngay."
lược đồ dwh,false,dim_locators,locator_code,phân loại,khoá ngoại — dùng như biến phân loại,0.0,315.0,100.0,false,,,1.3832,thông tin phong phú,CẦN THIẾT,CÓ ĐƯỜNG TỚI,—,bảng `dim_locators` nối được về hạt; entropy: thông tin phong phú,ĐỦ,—,Không vướng cổng nào.,,NHIỀU TÁC DỤNG · ĐỦ DỮ LIỆU,true,"Đưa vào bảng phẳng, dùng được ngay."
lược đồ dwh,false,dim_locators,locator_name,phân loại,đặc trưng,0.0,314.0,99.683,false,,,1.3821,thông tin phong phú,CẦN THIẾT,CÓ ĐƯỜNG TỚI,—,bảng `dim_locators` nối được về hạt; entropy: thông tin phong phú,ĐỦ,—,Không vướng cổng nào.,,NHIỀU TÁC DỤNG · ĐỦ DỮ LIỆU,true,"Đưa vào bảng phẳng, dùng được ngay."
lược đồ dwh,false,dim_categories,category_code,phân loại,khoá ngoại — dùng như biến phân loại,0.0,277.0,100.0,false,,,1.3523,thông tin phong phú,CẦN THIẾT,CÓ ĐƯỜNG TỚI,—,bảng `dim_categories` nối được về hạt; entropy: thông tin phong phú,ĐỦ,—,Không vướng cổng nào.,DÙNG,NHIỀU TÁC DỤNG · ĐỦ DỮ LIỆU,true,"Đưa vào bảng phẳng, dùng được ngay."
lược đồ dwh,false,dim_categories,category_name,phân loại,đặc trưng,0.0,276.0,99.639,false,,,1.3511,thông tin phong phú,CẦN THIẾT,CÓ ĐƯỜNG TỚI,—,bảng `dim_categories` nối được về hạt; entropy: thông tin phong phú,ĐỦ,—,Không vướng cổng nào.,,NHIỀU TÁC DỤNG · ĐỦ DỮ LIỆU,true,"Đưa vào bảng phẳng, dùng được ngay."
lược đồ dwh,true,fact_inventory_lot_snapshot,product_code_raw,phân loại,đặc trưng,0.0,691.0,0.229,false,,0.0,1.3511,thông tin phong phú,CẦN THIẾT,CÓ ĐƯỜNG TỚI,—,bảng `fact_inventory_lot_snapshot` nối được về hạt; entropy: thông tin phong phú,ĐỦ,—,Không vướng cổng nào.,,NHIỀU TÁC DỤNG · ĐỦ DỮ LIỆU,true,"Đưa vào bảng phẳng, dùng được ngay."
lược đồ dwh,true,fact_order_fulfillment,delivery_date,phân loại,thời gian — dẫn xuất đặc trưng,43.617,32359.0,19.115,false,,0.0,1.3135,thông tin phong phú,CẦN THIẾT,CÓ ĐƯỜNG TỚI,—,bảng `fact_order_fulfillment` nối được về hạt; entropy: thông tin phong phú,ĐỦ,—,Không vướng cổng nào.,,NHIỀU TÁC DỤNG · ĐỦ DỮ LIỆU,true,"Đưa vào bảng phẳng, dùng được ngay."
bảng phẳng,true,panel_mt,sales_qty_carton,số,đặc trưng,0.0,2346.0,,false,,,1.2924,,CẦN THIẾT,ĐO ĐƯỢC,—,8/8 thước đo xếp vào nửa trên,ĐỦ,—,Không vướng cổng nào.,NHÃN,NHIỀU TÁC DỤNG · ĐỦ DỮ LIỆU,true,"Đưa vào bảng phẳng, dùng được ngay."
lược đồ dwh,true,fact_visits,planned_start_date,phân loại,thời gian — dẫn xuất đặc trưng,0.0,265.0,0.087,false,,-3.0,1.2447,thông tin phong phú,CẦN THIẾT,CÓ ĐƯỜNG TỚI,—,bảng `fact_visits` nối được về hạt; entropy: thông tin phong phú,ĐỦ,—,Không vướng cổng nào.,,NHIỀU TÁC DỤNG · ĐỦ DỮ LIỆU,true,"Đưa vào bảng phẳng, dùng được ngay."
lược đồ dwh,true,fact_visits,planned_end_date,phân loại,thời gian — dẫn xuất đặc trưng,0.0,265.0,0.087,false,,-3.0,1.2447,thông tin phong phú,CẦN THIẾT,CÓ ĐƯỜNG TỚI,—,bảng `fact_visits` nối được về hạt; entropy: thông tin phong phú,ĐỦ,—,Không vướng cổng nào.,,NHIỀU TÁC DỤNG · ĐỦ DỮ LIỆU,true,"Đưa vào bảng phẳng, dùng được ngay."
lược đồ dwh,false,dim_sub_inventories,sub_inventory_name,phân loại,đặc trưng,1.064,186.0,100.0,false,,,1.2432,thông tin phong phú,CẦN THIẾT,CÓ ĐƯỜNG TỚI,—,bảng `dim_sub_inventories` nối được về hạt; entropy: thông tin phong phú,ĐỦ,—,Không vướng cổng nào.,,NHIỀU TÁC DỤNG · ĐỦ DỮ LIỆU,true,"Đưa vào bảng phẳng, dùng được ngay."
lược đồ dwh,false,dim_product_brands,brand_name,phân loại,đặc trưng,0.0,222.0,0.074,false,,,1.1832,thông tin phong phú,CẦN THIẾT,CÓ ĐƯỜNG TỚI,—,bảng `dim_product_brands` nối được về hạt; entropy: thông tin phong phú,ĐỦ,—,Không vướng cổng nào.,,NHIỀU TÁC DỤNG · ĐỦ DỮ LIỆU,true,"Đưa vào bảng phẳng, dùng được ngay."
lược đồ dwh,false,dim_site_domains,site_domain_code,phân loại,khoá ngoại — dùng như biến phân loại,0.0,137.0,100.0,false,,,1.183,thông tin phong phú,CẦN THIẾT,CÓ ĐƯỜNG TỚI,—,bảng `dim_site_domains` nối được về hạt; entropy: thông tin phong phú,ĐỦ,—,Không vướng cổng nào.,,NHIỀU TÁC DỤNG · ĐỦ DỮ LIỆU,true,"Đưa vào bảng phẳng, dùng được ngay."
lược đồ dwh,false,dim_site_domains,site_domain_path,phân loại,đặc trưng,0.0,137.0,100.0,false,,,1.183,thông tin phong phú,CẦN THIẾT,CÓ ĐƯỜNG TỚI,—,bảng `dim_site_domains` nối được về hạt; entropy: thông tin phong phú,ĐỦ,—,Không vướng cổng nào.,DÙNG,NHIỀU TÁC DỤNG · ĐỦ DỮ LIỆU,true,"Đưa vào bảng phẳng, dùng được ngay."
lược đồ dwh,false,dim_site_domains,site_domain_name,phân loại,đặc trưng,0.0,136.0,99.27,false,,,1.1806,thông tin phong phú,CẦN THIẾT,CÓ ĐƯỜNG TỚI,—,bảng `dim_site_domains` nối được về hạt; entropy: thông tin phong phú,ĐỦ,—,Không vướng cổng nào.,,NHIỀU TÁC DỤNG · ĐỦ DỮ LIỆU,true,"Đưa vào bảng phẳng, dùng được ngay."
lược đồ dwh,false,dim_locators,sub_inventory_code,phân loại,khoá ngoại — dùng như biến phân loại,0.635,167.0,53.355,false,,,1.1673,thông tin phong phú,CẦN THIẾT,CÓ ĐƯỜNG TỚI,—,bảng `dim_locators` nối được về hạt; entropy: thông tin phong phú,ĐỦ,—,Không vướng cổng nào.,,NHIỀU TÁC DỤNG · ĐỦ DỮ LIỆU,true,"Đưa vào bảng phẳng, dùng được ngay."
lược đồ dwh,false,dim_account_channels,channel_code,phân loại,khoá ngoại — dùng như biến phân loại,0.0,127.0,100.0,false,,,1.1648,thông tin phong phú,CẦN THIẾT,CÓ ĐƯỜNG TỚI,—,bảng `dim_account_channels` nối được về hạt; entropy: thông tin phong phú,ĐỦ,—,Không vướng cổng nào.,DÙNG,NHIỀU TÁC DỤNG · ĐỦ DỮ LIỆU,true,"Đưa vào bảng phẳng, dùng được ngay."
lược đồ dwh,false,dim_account_channels,channel_path,phân loại,đặc trưng,0.0,127.0,100.0,false,,,1.1648,thông tin phong phú,CẦN THIẾT,CÓ ĐƯỜNG TỚI,—,bảng `dim_account_channels` nối được về hạt; entropy: thông tin phong phú,ĐỦ,—,Không vướng cổng nào.,,NHIỀU TÁC DỤNG · ĐỦ DỮ LIỆU,true,"Đưa vào bảng phẳng, dùng được ngay."
lược đồ dwh,false,dim_sub_inventories,sub_inventory_code,phân loại,khoá ngoại — dùng như biến phân loại,0.0,117.0,62.234,false,,,1.1319,thông tin phong phú,CẦN THIẾT,CÓ ĐƯỜNG TỚI,—,bảng `dim_sub_inventories` nối được về hạt; entropy: thông tin phong phú,ĐỦ,—,Không vướng cổng nào.,,NHIỀU TÁC DỤNG · ĐỦ DỮ LIỆU,true,"Đưa vào bảng phẳng, dùng được ngay."
lược đồ dwh,true,fact_order_lines,product_code,phân loại,khoá ngoại — dùng như biến phân loại,0.0,512.0,0.172,false,,0.0,1.0912,thông tin phong phú,CẦN THIẾT,CÓ ĐƯỜNG TỚI,—,bảng `fact_order_lines` nối được về hạt; entropy: thông tin phong phú,ĐỦ,—,Không vướng cổng nào.,,NHIỀU TÁC DỤNG · ĐỦ DỮ LIỆU,true,"Đưa vào bảng phẳng, dùng được ngay."
lược đồ dwh,false,dim_account_channels,channel_name,phân loại,đặc trưng,0.0,94.0,74.016,false,,,1.0782,thông tin phong phú,CẦN THIẾT,CÓ ĐƯỜNG TỚI,—,bảng `dim_account_channels` nối được về hạt; entropy: thông tin phong phú,ĐỦ,—,Không vướng cổng nào.,DÙNG,NHIỀU TÁC DỤNG · ĐỦ DỮ LIỆU,true,"Đưa vào bảng phẳng, dùng được ngay."
lược đồ dwh,true,fact_inventory_lot_snapshot,expiry_date,phân loại,thời gian — dẫn xuất đặc trưng,36.087,961.0,0.498,false,,0.0,1.0626,thông tin phong phú,CẦN THIẾT,CÓ ĐƯỜNG TỚI,—,bảng `fact_inventory_lot_snapshot` nối được về hạt; entropy: thông tin phong phú,ĐỦ,—,Không vướng cổng nào.,,NHIỀU TÁC DỤNG · ĐỦ DỮ LIỆU,true,"Đưa vào bảng phẳng, dùng được ngay."
lược đồ dwh,false,dim_shippers,shipper_code,phân loại,khoá ngoại — dùng như biến phân loại,0.0,99.0,0.173,false,,,1.013,thông tin phong phú,CẦN THIẾT,CÓ ĐƯỜNG TỚI,—,bảng `dim_shippers` nối được về hạt; entropy: thông tin phong phú,ĐỦ,—,Không vướng cổng nào.,,NHIỀU TÁC DỤNG · ĐỦ DỮ LIỆU,true,"Đưa vào bảng phẳng, dùng được ngay."
lược đồ dwh,false,dim_shippers,shipper_name,phân loại,đặc trưng,0.0,100.0,0.175,false,,,1.013,thông tin phong phú,CẦN THIẾT,CÓ ĐƯỜNG TỚI,—,bảng `dim_shippers` nối được về hạt; entropy: thông tin phong phú,ĐỦ,—,Không vướng cổng nào.,,NHIỀU TÁC DỤNG · ĐỦ DỮ LIỆU,true,"Đưa vào bảng phẳng, dùng được ngay."
lược đồ dwh,false,dim_product_brands,brand_code,phân loại,khoá ngoại — dùng như biến phân loại,0.0,203.0,0.068,false,,,1.0057,thông tin phong phú,CẦN THIẾT,CÓ ĐƯỜNG TỚI,—,bảng `dim_product_brands` nối được về hạt; entropy: thông tin phong phú,ĐỦ,—,Không vướng cổng nào.,,NHIỀU TÁC DỤNG · ĐỦ DỮ LIỆU,true,"Đưa vào bảng phẳng, dùng được ngay."
lược đồ dwh,false,dim_delivery_types,delivery_type_code,phân loại,khoá ngoại — dùng như biến phân loại,0.0,5.0,100.0,false,,,1.0,thông tin phong phú,CẦN THIẾT,CÓ ĐƯỜNG TỚI,—,bảng `dim_delivery_types` nối được về hạt; entropy: thông tin phong phú,ĐỦ,—,Không vướng cổng nào.,,NHIỀU TÁC DỤNG · ĐỦ DỮ LIỆU,true,"Đưa vào bảng phẳng, dùng được ngay."
lược đồ dwh,false,dim_delivery_types,delivery_type_name,phân loại,đặc trưng,0.0,5.0,100.0,false,,,1.0,thông tin phong phú,CẦN THIẾT,CÓ ĐƯỜNG TỚI,—,bảng `dim_delivery_types` nối được về hạt; entropy: thông tin phong phú,ĐỦ,—,Không vướng cổng nào.,,NHIỀU TÁC DỤNG · ĐỦ DỮ LIỆU,true,"Đưa vào bảng phẳng, dùng được ngay."
lược đồ dwh,false,dim_order_types,order_type_code,phân loại,khoá ngoại — dùng như biến phân loại,0.0,15.0,100.0,false,,,1.0,thông tin phong phú,CẦN THIẾT,CÓ ĐƯỜNG TỚI,—,bảng `dim_order_types` nối được về hạt; entropy: thông tin phong phú,ĐỦ,—,Không vướng cổng nào.,,NHIỀU TÁC DỤNG · ĐỦ DỮ LIỆU,true,"Đưa vào bảng phẳng, dùng được ngay."
lược đồ dwh,false,dim_order_types,order_type_name,phân loại,đặc trưng,0.0,15.0,100.0,false,,,1.0,thông tin phong phú,CẦN THIẾT,CÓ ĐƯỜNG TỚI,—,bảng `dim_order_types` nối được về hạt; entropy: thông tin phong phú,ĐỦ,—,Không vướng cổng nào.,,NHIỀU TÁC DỤNG · ĐỦ DỮ LIỆU,true,"Đưa vào bảng phẳng, dùng được ngay."
lược đồ dwh,false,dim_order_types,description,phân loại,đặc trưng,0.0,15.0,100.0,false,,,1.0,thông tin phong phú,CẦN THIẾT,CÓ ĐƯỜNG TỚI,—,bảng `dim_order_types` nối được về hạt; entropy: thông tin phong phú,ĐỦ,—,Không vướng cổng nào.,,NHIỀU TÁC DỤNG · ĐỦ DỮ LIỆU,true,"Đưa vào bảng phẳng, dùng được ngay."
lược đồ dwh,false,dim_order_types,sort_order,số,đặc trưng,0.0,15.0,100.0,false,,,1.0,thông tin phong phú,CẦN THIẾT,CÓ ĐƯỜNG TỚI,—,bảng `dim_order_types` nối được về hạt; entropy: thông tin phong phú,ĐỦ,—,Không vướng cổng nào.,,NHIỀU TÁC DỤNG · ĐỦ DỮ LIỆU,true,"Đưa vào bảng phẳng, dùng được ngay."
lược đồ dwh,false,dim_site_accounts,site_account_code,phân loại,khoá ngoại — dùng như biến phân loại,0.0,7.0,100.0,false,,,1.0,thông tin phong phú,CẦN THIẾT,CÓ ĐƯỜNG TỚI,—,bảng `dim_site_accounts` nối được về hạt; entropy: thông tin phong phú,ĐỦ,—,Không vướng cổng nào.,,NHIỀU TÁC DỤNG · ĐỦ DỮ LIỆU,true,"Đưa vào bảng phẳng, dùng được ngay."
lược đồ dwh,false,dim_site_accounts,site_account_name,phân loại,đặc trưng,0.0,7.0,100.0,false,,,1.0,thông tin phong phú,CẦN THIẾT,CÓ ĐƯỜNG TỚI,—,bảng `dim_site_accounts` nối được về hạt; entropy: thông tin phong phú,ĐỦ,—,Không vướng cổng nào.,,NHIỀU TÁC DỤNG · ĐỦ DỮ LIỆU,true,"Đưa vào bảng phẳng, dùng được ngay."
lược đồ dwh,false,dim_suppliers,supplier_code,phân loại,khoá ngoại — dùng như biến phân loại,0.0,63.0,100.0,false,,,1.0,thông tin phong phú,CẦN THIẾT,CÓ ĐƯỜNG TỚI,—,bảng `dim_suppliers` nối được về hạt; entropy: thông tin phong phú,ĐỦ,—,Không vướng cổng nào.,,NHIỀU TÁC DỤNG · ĐỦ DỮ LIỆU,true,"Đưa vào bảng phẳng, dùng được ngay."
lược đồ dwh,false,dim_suppliers,supplier_name,phân loại,đặc trưng,0.0,63.0,100.0,false,,,1.0,thông tin phong phú,CẦN THIẾT,CÓ ĐƯỜNG TỚI,—,bảng `dim_suppliers` nối được về hạt; entropy: thông tin phong phú,ĐỦ,—,Không vướng cổng nào.,,NHIỀU TÁC DỤNG · ĐỦ DỮ LIỆU,true,"Đưa vào bảng phẳng, dùng được ngay."
lược đồ dwh,false,dim_warehouses,warehouse_code,phân loại,khoá ngoại — dùng như biến phân loại,0.0,39.0,100.0,false,,,1.0,thông tin phong phú,CẦN THIẾT,CÓ ĐƯỜNG TỚI,—,bảng `dim_warehouses` nối được về hạt; entropy: thông tin phong phú,ĐỦ,—,Không vướng cổng nào.,,NHIỀU TÁC DỤNG · ĐỦ DỮ LIỆU,true,"Đưa vào bảng phẳng, dùng được ngay."
lược đồ dwh,false,dim_warehouses,warehouse_name,phân loại,đặc trưng,0.0,39.0,100.0,false,,,1.0,thông tin phong phú,CẦN THIẾT,CÓ ĐƯỜNG TỚI,—,bảng `dim_warehouses` nối được về hạt; entropy: thông tin phong phú,ĐỦ,—,Không vướng cổng nào.,,NHIỀU TÁC DỤNG · ĐỦ DỮ LIỆU,true,"Đưa vào bảng phẳng, dùng được ngay."
lược đồ dwh,true,fact_order_fulfillment,store_key,số,khoá ngoại — dùng như biến phân loại,0.0,24846.0,8.275,false,0.0,0.0,1.0,thông tin phong phú,CẦN THIẾT,CÓ ĐƯỜNG TỚI,—,bảng `fact_order_fulfillment` nối được về hạt; entropy: thông tin phong phú,ĐỦ,—,Không vướng cổng nào.,,NHIỀU TÁC DỤNG · ĐỦ DỮ LIỆU,true,"Đưa vào bảng phẳng, dùng được ngay."
lược đồ dwh,true,fact_order_fulfillment,order_source,phân loại,đặc trưng,0.0,2.0,0.001,false,,0.0,1.0,thông tin phong phú,CẦN THIẾT,CÓ ĐƯỜNG TỚI,—,bảng `fact_order_fulfillment` nối được về hạt; entropy: thông tin phong phú,ĐỦ,—,Không vướng cổng nào.,,NHIỀU TÁC DỤNG · ĐỦ DỮ LIỆU,true,"Đưa vào bảng phẳng, dùng được ngay."
lược đồ dwh,false,dim_locators,is_priced,phân loại,đặc trưng,0.0,2.0,0.635,false,,,0.9998,thông tin phong phú,CẦN THIẾT,CÓ ĐƯỜNG TỚI,—,bảng `dim_locators` nối được về hạt; entropy: thông tin phong phú,ĐỦ,—,Không vướng cổng nào.,,NHIỀU TÁC DỤNG · ĐỦ DỮ LIỆU,true,"Đưa vào bảng phẳng, dùng được ngay."
lược đồ dwh,true,fact_order_fulfillment,total_net_revenue,số,đặc trưng,0.001,116785.0,38.897,false,,0.0,0.9998,thông tin phong phú,CẦN THIẾT,CÓ ĐƯỜNG TỚI,—,bảng `fact_order_fulfillment` nối được về hạt; entropy: thông tin phong phú,ĐỦ,—,Không vướng cổng nào.,,NHIỀU TÁC DỤNG · ĐỦ DỮ LIỆU,true,"Đưa vào bảng phẳng, dùng được ngay."
lược đồ dwh,true,fact_order_lines,store_key,số,khoá ngoại — dùng như biến phân loại,0.0,19755.0,6.646,false,0.0,0.0,0.9997,thông tin phong phú,CẦN THIẾT,CÓ ĐƯỜNG TỚI,—,bảng `fact_order_lines` nối được về hạt; entropy: thông tin phong phú,ĐỦ,—,Không vướng cổng nào.,,NHIỀU TÁC DỤNG · ĐỦ DỮ LIỆU,true,"Đưa vào bảng phẳng, dùng được ngay."
lược đồ dwh,true,fact_order_fulfillment,total_vat,số,đặc trưng,0.001,94324.0,31.416,false,,0.0,0.9996,thông tin phong phú,CẦN THIẾT,CÓ ĐƯỜNG TỚI,—,bảng `fact_order_fulfillment` nối được về hạt; entropy: thông tin phong phú,ĐỦ,—,Không vướng cổng nào.,,NHIỀU TÁC DỤNG · ĐỦ DỮ LIỆU,true,"Đưa vào bảng phẳng, dùng được ngay."
lược đồ dwh,true,fact_delivery_details,store_key,số,khoá ngoại — dùng như biến phân loại,0.0,11355.0,3.77,false,0.0,-1446.0,0.9994,thông tin phong phú,CẦN THIẾT,CÓ ĐƯỜNG TỚI,—,bảng `fact_delivery_details` nối được về hạt; entropy: thông tin phong phú,ĐỦ,—,Không vướng cổng nào.,,NHIỀU TÁC DỤNG · ĐỦ DỮ LIỆU,true,"Đưa vào bảng phẳng, dùng được ngay."
lược đồ dwh,true,fact_order_fulfillment,total_amount,số,đặc trưng,0.0,115315.0,38.407,false,,0.0,0.9993,thông tin phong phú,CẦN THIẾT,CÓ ĐƯỜNG TỚI,—,bảng `fact_order_fulfillment` nối được về hạt; entropy: thông tin phong phú,ĐỦ,—,Không vướng cổng nào.,,NHIỀU TÁC DỤNG · ĐỦ DỮ LIỆU,true,"Đưa vào bảng phẳng, dùng được ngay."
lược đồ dwh,true,fact_order_fulfillment,total_before_discount,số,đặc trưng,0.001,109027.0,36.313,false,,0.0,0.9988,thông tin phong phú,CẦN THIẾT,CÓ ĐƯỜNG TỚI,—,bảng `fact_order_fulfillment` nối được về hạt; entropy: thông tin phong phú,ĐỦ,—,Không vướng cổng nào.,,NHIỀU TÁC DỤNG · ĐỦ DỮ LIỆU,true,"Đưa vào bảng phẳng, dùng được ngay."
lược đồ dwh,true,fact_order_lines,order_date_key,số,khoá ngoại — dùng như biến phân loại,0.0,556.0,0.187,false,,0.0,0.9986,thông tin phong phú,CẦN THIẾT,CÓ ĐƯỜNG TỚI,—,bảng `fact_order_lines` nối được về hạt; entropy: thông tin phong phú,ĐỦ,—,Không vướng cổng nào.,,NHIỀU TÁC DỤNG · ĐỦ DỮ LIỆU,true,"Đưa vào bảng phẳng, dùng được ngay."
lược đồ dwh,true,fact_inventory_lot_snapshot,product_id,số,khoá ngoại — dùng như biến phân loại,0.0,1332.0,0.441,false,0.0,0.0,0.9983,thông tin phong phú,CẦN THIẾT,CÓ ĐƯỜNG TỚI,—,bảng `fact_inventory_lot_snapshot` nối được về hạt; entropy: thông tin phong phú,ĐỦ,—,Không vướng cổng nào.,,NHIỀU TÁC DỤNG · ĐỦ DỮ LIỆU,true,"Đưa vào bảng phẳng, dùng được ngay."
lược đồ dwh,true,fact_order_fulfillment,order_date_key,số,khoá ngoại — dùng như biến phân loại,0.0,558.0,0.186,false,,0.0,0.9982,thông tin phong phú,CẦN THIẾT,CÓ ĐƯỜNG TỚI,—,bảng `fact_order_fulfillment` nối được về hạt; entropy: thông tin phong phú,ĐỦ,—,Không vướng cổng nào.,,NHIỀU TÁC DỤNG · ĐỦ DỮ LIỆU,true,"Đưa vào bảng phẳng, dùng được ngay."
lược đồ dwh,true,fact_visits,salesman_id,số,khoá ngoại — dùng như biến phân loại,0.0,594.0,0.196,false,0.0,-3.0,0.9961,thông tin phong phú,CẦN THIẾT,CÓ ĐƯỜNG TỚI,—,bảng `fact_visits` nối được về hạt; entropy: thông tin phong phú,ĐỦ,—,Không vướng cổng nào.,BỎ,NHIỀU TÁC DỤNG · ĐỦ DỮ LIỆU,true,"Đưa vào bảng phẳng, dùng được ngay."
lược đồ dwh,false,dim_shippers,license_plate,phân loại,đặc trưng,0.024,168.0,0.293,false,,,0.996,thông tin phong phú,CẦN THIẾT,CÓ ĐƯỜNG TỚI,—,bảng `dim_shippers` nối được về hạt; entropy: thông tin phong phú,ĐỦ,—,Không vướng cổng nào.,,NHIỀU TÁC DỤNG · ĐỦ DỮ LIỆU,true,"Đưa vào bảng phẳng, dùng được ngay."
lược đồ dwh,true,fact_visits,shop_id,số,khoá ngoại — dùng như biến phân loại,0.0,20934.0,6.911,false,0.0,-3.0,0.9952,thông tin phong phú,CẦN THIẾT,CÓ ĐƯỜNG TỚI,—,bảng `fact_visits` nối được về hạt; entropy: thông tin phong phú,ĐỦ,—,Không vướng cổng nào.,,NHIỀU TÁC DỤNG · ĐỦ DỮ LIỆU,true,"Đưa vào bảng phẳng, dùng được ngay."
lược đồ dwh,true,fact_visits,date_key,số,khoá ngoại — dùng như biến phân loại,0.0,265.0,0.087,false,,-3.0,0.9942,thông tin phong phú,CẦN THIẾT,CÓ ĐƯỜNG TỚI,—,bảng `fact_visits` nối được về hạt; entropy: thông tin phong phú,ĐỦ,—,Không vướng cổng nào.,,NHIỀU TÁC DỤNG · ĐỦ DỮ LIỆU,true,"Đưa vào bảng phẳng, dùng được ngay."
lược đồ dwh,true,fact_inventory_daily_balances,product_id,số,khoá ngoại — dùng như biến phân loại,0.0,245.0,0.21,false,0.0,0.0,0.9917,thông tin phong phú,CẦN THIẾT,CÓ ĐƯỜNG TỚI,—,bảng `fact_inventory_daily_balances` nối được về hạt; entropy: thông tin phong phú,ĐỦ,—,Không vướng cổng nào.,,NHIỀU TÁC DỤNG · ĐỦ DỮ LIỆU,true,"Đưa vào bảng phẳng, dùng được ngay."
lược đồ dwh,true,fact_delivery_details,shipper_key,số,khoá ngoại — dùng như biến phân loại,0.0,4610.0,1.53,false,0.0,-1446.0,0.9903,thông tin phong phú,CẦN THIẾT,CÓ ĐƯỜNG TỚI,—,bảng `fact_delivery_details` nối được về hạt; entropy: thông tin phong phú,ĐỦ,—,Không vướng cổng nào.,,NHIỀU TÁC DỤNG · ĐỦ DỮ LIỆU,true,"Đưa vào bảng phẳng, dùng được ngay."
lược đồ dwh,true,fact_delivery_details,created_date_key,số,khoá ngoại — dùng như biến phân loại,0.0,160.0,0.053,false,,-1446.0,0.9903,thông tin phong phú,CẦN THIẾT,CÓ ĐƯỜNG TỚI,—,bảng `fact_delivery_details` nối được về hạt; entropy: thông tin phong phú,ĐỦ,—,Không vướng cổng nào.,,NHIỀU TÁC DỤNG · ĐỦ DỮ LIỆU,true,"Đưa vào bảng phẳng, dùng được ngay."
lược đồ dwh,true,fact_delivery_details,date_key,số,khoá ngoại — dùng như biến phân loại,0.006,171.0,0.057,false,,-1446.0,0.9901,thông tin phong phú,CẦN THIẾT,CÓ ĐƯỜNG TỚI,—,bảng `fact_delivery_details` nối được về hạt; entropy: thông tin phong phú,ĐỦ,—,Không vướng cổng nào.,,NHIỀU TÁC DỤNG · ĐỦ DỮ LIỆU,true,"Đưa vào bảng phẳng, dùng được ngay."
lược đồ dwh,true,fact_inventory_daily_balances,date_key,số,khoá ngoại — dùng như biến phân loại,0.0,57.0,0.049,false,,0.0,0.9884,thông tin phong phú,CẦN THIẾT,CÓ ĐƯỜNG TỚI,—,bảng `fact_inventory_daily_balances` nối được về hạt; entropy: thông tin phong phú,ĐỦ,—,Không vướng cổng nào.,,NHIỀU TÁC DỤNG · ĐỦ DỮ LIỆU,true,"Đưa vào bảng phẳng, dùng được ngay."
lược đồ dwh,true,fact_inventory_lot_snapshot,date_key,số,khoá ngoại — dùng như biến phân loại,0.0,79.0,0.026,false,,0.0,0.9881,thông tin phong phú,CẦN THIẾT,CÓ ĐƯỜNG TỚI,—,bảng `fact_inventory_lot_snapshot` nối được về hạt; entropy: thông tin phong phú,ĐỦ,—,Không vướng cổng nào.,,NHIỀU TÁC DỤNG · ĐỦ DỮ LIỆU,true,"Đưa vào bảng phẳng, dùng được ngay."
lược đồ dwh,true,fact_order_lines,product_key,số,khoá ngoại — dùng như biến phân loại,0.0,855.0,0.288,false,0.0,0.0,0.9842,thông tin phong phú,CẦN THIẾT,CÓ ĐƯỜNG TỚI,—,bảng `fact_order_lines` nối được về hạt; entropy: thông tin phong phú,ĐỦ,—,Không vướng cổng nào.,,NHIỀU TÁC DỤNG · ĐỦ DỮ LIỆU,true,"Đưa vào bảng phẳng, dùng được ngay."
lược đồ dwh,true,fact_order_fulfillment,salesman_id,số,khoá ngoại — dùng như biến phân loại,0.0,743.0,0.247,false,0.0,0.0,0.9833,thông tin phong phú,CẦN THIẾT,CÓ ĐƯỜNG TỚI,—,bảng `fact_order_fulfillment` nối được về hạt; entropy: thông tin phong phú,ĐỦ,—,Không vướng cổng nào.,BỎ,NHIỀU TÁC DỤNG · ĐỦ DỮ LIỆU,true,"Đưa vào bảng phẳng, dùng được ngay."
lược đồ dwh,true,fact_order_fulfillment,raw_created_at,phân loại,thời gian — dẫn xuất đặc trưng,63.447,15388.0,14.021,false,,0.0,0.9815,thông tin phong phú,CẦN THIẾT,CÓ ĐƯỜNG TỚI,—,bảng `fact_order_fulfillment` nối được về hạt; entropy: thông tin phong phú,ĐỦ,—,Không vướng cổng nào.,,NHIỀU TÁC DỤNG · ĐỦ DỮ LIỆU,true,"Đưa vào bảng phẳng, dùng được ngay."
lược đồ dwh,true,fact_inventory_lot_snapshot,brand_id,phân loại,khoá ngoại — dùng như biến phân loại,0.0,2217.0,0.735,false,0.0,0.0,0.9784,thông tin phong phú,CẦN THIẾT,CÓ ĐƯỜNG TỚI,—,bảng `fact_inventory_lot_snapshot` nối được về hạt; entropy: thông tin phong phú,ĐỦ,—,Không vướng cổng nào.,DÙNG — mã hoá phân loại,NHIỀU TÁC DỤNG · ĐỦ DỮ LIỆU,true,"Đưa vào bảng phẳng, dùng được ngay."
lược đồ dwh,true,fact_inventory_daily_balances,warehouse_id,số,khoá ngoại — dùng như biến phân loại,0.0,26.0,0.022,false,0.0,0.0,0.9729,thông tin phong phú,CẦN THIẾT,CÓ ĐƯỜNG TỚI,—,bảng `fact_inventory_daily_balances` nối được về hạt; entropy: thông tin phong phú,ĐỦ,—,Không vướng cổng nào.,,NHIỀU TÁC DỤNG · ĐỦ DỮ LIỆU,true,"Đưa vào bảng phẳng, dùng được ngay."
lược đồ dwh,true,fact_order_lines,salesman_id,số,khoá ngoại — dùng như biến phân loại,0.0,731.0,0.246,false,0.0,0.0,0.9725,thông tin phong phú,CẦN THIẾT,CÓ ĐƯỜNG TỚI,—,bảng `fact_order_lines` nối được về hạt; entropy: thông tin phong phú,ĐỦ,—,Không vướng cổng nào.,BỎ,NHIỀU TÁC DỤNG · ĐỦ DỮ LIỆU,true,"Đưa vào bảng phẳng, dùng được ngay."
lược đồ dwh,true,fact_delivery_details,product_key,số,khoá ngoại — dùng như biến phân loại,0.0,569.0,0.189,false,0.0,-1446.0,0.9709,thông tin phong phú,CẦN THIẾT,CÓ ĐƯỜNG TỚI,—,bảng `fact_delivery_details` nối được về hạt; entropy: thông tin phong phú,ĐỦ,—,Không vướng cổng nào.,,NHIỀU TÁC DỤNG · ĐỦ DỮ LIỆU,true,"Đưa vào bảng phẳng, dùng được ngay."
lược đồ dwh,false,zz_archive_om_orphans_20260804,amount_incl_vat,số,đặc trưng,0.0,204.0,45.74,false,,,0.9605,thông tin phong phú,CẦN THIẾT,ĐO ĐƯỢC,—,8/8 thước đo xếp vào nửa trên,ĐỦ,—,Không vướng cổng nào.,CHUYỂN THÀNH LAG,NHIỀU TÁC DỤNG · ĐỦ DỮ LIỆU,true,"Đưa vào bảng phẳng, dùng được ngay."
lược đồ dwh,false,zz_archive_om_orphans_20260804,vat_amount,số,đặc trưng,0.0,202.0,45.291,false,,,0.9605,thông tin phong phú,CẦN THIẾT,ĐO ĐƯỢC,—,8/8 thước đo xếp vào nửa trên,ĐỦ,—,Không vướng cổng nào.,CHUYỂN THÀNH LAG,NHIỀU TÁC DỤNG · ĐỦ DỮ LIỆU,true,"Đưa vào bảng phẳng, dùng được ngay."
lược đồ dwh,true,fact_order_lines,order_source,phân loại,đặc trưng,0.0,2.0,0.001,false,,0.0,0.9604,thông tin phong phú,CẦN THIẾT,CÓ ĐƯỜNG TỚI,—,bảng `fact_order_lines` nối được về hạt; entropy: thông tin phong phú,ĐỦ,—,Không vướng cổng nào.,,NHIỀU TÁC DỤNG · ĐỦ DỮ LIỆU,true,"Đưa vào bảng phẳng, dùng được ngay."
lược đồ dwh,true,fact_delivery_details,employee_key,số,khoá ngoại — dùng như biến phân loại,0.0,375.0,0.124,false,0.0,-1446.0,0.96,thông tin phong phú,CẦN THIẾT,CÓ ĐƯỜNG TỚI,—,bảng `fact_delivery_details` nối được về hạt; entropy: thông tin phong phú,ĐỦ,—,Không vướng cổng nào.,,NHIỀU TÁC DỤNG · ĐỦ DỮ LIỆU,true,"Đưa vào bảng phẳng, dùng được ngay."
lược đồ dwh,true,fact_inventory_lot_snapshot,qty_primary,số,đặc trưng,0.0,7154.0,2.371,false,,0.0,0.9595,thông tin phong phú,CẦN THIẾT,CÓ ĐƯỜNG TỚI,—,bảng `fact_inventory_lot_snapshot` nối được về hạt; entropy: thông tin phong phú,ĐỦ,—,Không vướng cổng nào.,,NHIỀU TÁC DỤNG · ĐỦ DỮ LIỆU,true,"Đưa vào bảng phẳng, dùng được ngay."
lược đồ dwh,true,fact_delivery_details,docs_status,phân loại,đặc trưng,0.0,2.0,0.001,false,,-1446.0,0.9541,thông tin phong phú,CẦN THIẾT,CÓ ĐƯỜNG TỚI,—,bảng `fact_delivery_details` nối được về hạt; entropy: thông tin phong phú,ĐỦ,—,Không vướng cổng nào.,,NHIỀU TÁC DỤNG · ĐỦ DỮ LIỆU,true,"Đưa vào bảng phẳng, dùng được ngay."
lược đồ dwh,false,dim_products,brand_id,phân loại,khoá ngoại — dùng như biến phân loại,0.118,217.0,8.543,false,0.0,,0.9492,thông tin phong phú,CẦN THIẾT,CÓ ĐƯỜNG TỚI,—,bảng `dim_products` nối được về hạt; entropy: thông tin phong phú,ĐỦ,—,Không vướng cổng nào.,DÙNG — mã hoá phân loại,NHIỀU TÁC DỤNG · ĐỦ DỮ LIỆU,true,"Đưa vào bảng phẳng, dùng được ngay."
lược đồ dwh,true,fact_delivery_details,license_plate,phân loại,đặc trưng,0.008,394.0,0.131,false,,-1446.0,0.935,thông tin phong phú,CẦN THIẾT,CÓ ĐƯỜNG TỚI,—,bảng `fact_delivery_details` nối được về hạt; entropy: thông tin phong phú,ĐỦ,—,Không vướng cổng nào.,,NHIỀU TÁC DỤNG · ĐỦ DỮ LIỆU,true,"Đưa vào bảng phẳng, dùng được ngay."
lược đồ dwh,false,dim_product_brands,parent_brand_id,số,khoá ngoại — dùng như biến phân loại,1.464,54.0,0.018,false,,,0.9338,thông tin phong phú,CẦN THIẾT,CÓ ĐƯỜNG TỚI,—,bảng `dim_product_brands` nối được về hạt; entropy: thông tin phong phú,ĐỦ,—,Không vướng cổng nào.,,NHIỀU TÁC DỤNG · ĐỦ DỮ LIỆU,true,"Đưa vào bảng phẳng, dùng được ngay."
lược đồ dwh,false,dim_site_domains,parent_code,phân loại,khoá ngoại — dùng như biến phân loại,0.73,28.0,20.588,false,,,0.9205,thông tin phong phú,CẦN THIẾT,CÓ ĐƯỜNG TỚI,—,bảng `dim_site_domains` nối được về hạt; entropy: thông tin phong phú,ĐỦ,—,Không vướng cổng nào.,,NHIỀU TÁC DỤNG · ĐỦ DỮ LIỆU,true,"Đưa vào bảng phẳng, dùng được ngay."
lược đồ dwh,false,dim_order_types,is_free_order,phân loại,đặc trưng,0.0,2.0,13.333,false,,,0.9183,thông tin phong phú,CẦN THIẾT,CÓ ĐƯỜNG TỚI,—,bảng `dim_order_types` nối được về hạt; entropy: thông tin phong phú,ĐỦ,—,Không vướng cổng nào.,,NHIỀU TÁC DỤNG · ĐỦ DỮ LIỆU,true,"Đưa vào bảng phẳng, dùng được ngay."
lược đồ dwh,true,fact_order_fulfillment,total_delivered_revenue,số,đặc trưng,0.0,69809.0,23.251,false,,0.0,0.9177,thông tin phong phú,CẦN THIẾT,CÓ ĐƯỜNG TỚI,—,bảng `fact_order_fulfillment` nối được về hạt; entropy: thông tin phong phú,ĐỦ,—,Không vướng cổng nào.,,NHIỀU TÁC DỤNG · ĐỦ DỮ LIỆU,true,"Đưa vào bảng phẳng, dùng được ngay."
lược đồ dwh,true,fact_order_lines,amount_incl_vat,số,đặc trưng,0.0,14689.0,4.942,false,,0.0,0.9171,thông tin phong phú,CẦN THIẾT,ĐO ĐƯỢC,—,8/8 thước đo xếp vào nửa trên,ĐỦ,—,Không vướng cổng nào.,CHUYỂN THÀNH LAG,NHIỀU TÁC DỤNG · ĐỦ DỮ LIỆU,true,"Đưa vào bảng phẳng, dùng được ngay."
lược đồ dwh,true,fact_order_lines,vat_amount,số,đặc trưng,0.0,14164.0,4.765,false,,0.0,0.9167,thông tin phong phú,CẦN THIẾT,ĐO ĐƯỢC,—,8/8 thước đo xếp vào nửa trên,ĐỦ,—,Không vướng cổng nào.,CHUYỂN THÀNH LAG,NHIỀU TÁC DỤNG · ĐỦ DỮ LIỆU,true,"Đưa vào bảng phẳng, dùng được ngay."
lược đồ dwh,true,fact_order_lines,amount_before_discount,số,đặc trưng,0.0,9171.0,3.085,false,,0.0,0.9093,thông tin phong phú,CẦN THIẾT,CÓ ĐƯỜNG TỚI,—,bảng `fact_order_lines` nối được về hạt; entropy: thông tin phong phú,ĐỦ,—,Không vướng cổng nào.,,NHIỀU TÁC DỤNG · ĐỦ DỮ LIỆU,true,"Đưa vào bảng phẳng, dùng được ngay."
lược đồ dwh,true,fact_order_lines,amount_before_discount_before_vat,số,đặc trưng,0.0,9869.0,3.32,false,,0.0,0.909,thông tin phong phú,CẦN THIẾT,CÓ ĐƯỜNG TỚI,—,bảng `fact_order_lines` nối được về hạt; entropy: thông tin phong phú,ĐỦ,—,Không vướng cổng nào.,,NHIỀU TÁC DỤNG · ĐỦ DỮ LIỆU,true,"Đưa vào bảng phẳng, dùng được ngay."
lược đồ dwh,true,fact_order_lines,unit_price_after_discount_after_vat,số,đặc trưng,0.0,5970.0,2.008,false,,0.0,0.9065,thông tin phong phú,CẦN THIẾT,CÓ ĐƯỜNG TỚI,—,bảng `fact_order_lines` nối được về hạt; entropy: thông tin phong phú,ĐỦ,—,Không vướng cổng nào.,,NHIỀU TÁC DỤNG · ĐỦ DỮ LIỆU,true,"Đưa vào bảng phẳng, dùng được ngay."
lược đồ dwh,true,fact_order_lines,unit_price_after_discount_before_vat,số,đặc trưng,0.0,4820.0,1.622,false,,0.0,0.9044,thông tin phong phú,CẦN THIẾT,CÓ ĐƯỜNG TỚI,—,bảng `fact_order_lines` nối được về hạt; entropy: thông tin phong phú,ĐỦ,—,Không vướng cổng nào.,,NHIỀU TÁC DỤNG · ĐỦ DỮ LIỆU,true,"Đưa vào bảng phẳng, dùng được ngay."
lược đồ dwh,true,fact_inventory_lot_snapshot,locator_id,số,khoá ngoại — dùng như biến phân loại,0.0,94.0,0.031,false,0.0,0.0,0.9035,thông tin phong phú,CẦN THIẾT,CÓ ĐƯỜNG TỚI,—,bảng `fact_inventory_lot_snapshot` nối được về hạt; entropy: thông tin phong phú,ĐỦ,—,Không vướng cổng nào.,,NHIỀU TÁC DỤNG · ĐỦ DỮ LIỆU,true,"Đưa vào bảng phẳng, dùng được ngay."
lược đồ dwh,true,fact_delivery_details,completed_date_key,số,khoá ngoại — dùng như biến phân loại,9.545,153.0,0.056,false,,-1446.0,0.9026,thông tin phong phú,CẦN THIẾT,CÓ ĐƯỜNG TỚI,—,bảng `fact_delivery_details` nối được về hạt; entropy: thông tin phong phú,ĐỦ,—,Không vướng cổng nào.,,NHIỀU TÁC DỤNG · ĐỦ DỮ LIỆU,true,"Đưa vào bảng phẳng, dùng được ngay."
lược đồ dwh,true,fact_visits,travel_duration_minutes,số,đặc trưng,0.0,7852.0,2.592,false,,-3.0,0.9013,thông tin phong phú,CẦN THIẾT,CÓ ĐƯỜNG TỚI,—,bảng `fact_visits` nối được về hạt; entropy: thông tin phong phú,ĐỦ,—,Không vướng cổng nào.,,NHIỀU TÁC DỤNG · ĐỦ DỮ LIỆU,true,"Đưa vào bảng phẳng, dùng được ngay."
lược đồ dwh,true,fact_visits,travel_distance_km,số,đặc trưng,0.0,4173.0,1.378,false,,-3.0,0.8995,thông tin phong phú,CẦN THIẾT,CÓ ĐƯỜNG TỚI,—,bảng `fact_visits` nối được về hạt; entropy: thông tin phong phú,ĐỦ,—,Không vướng cổng nào.,,NHIỀU TÁC DỤNG · ĐỦ DỮ LIỆU,true,"Đưa vào bảng phẳng, dùng được ngay."
lược đồ dwh,false,dim_locators,is_sellable_stock,phân loại,đặc trưng,0.0,2.0,0.635,false,,,0.8945,thông tin phong phú,CẦN THIẾT,CÓ ĐƯỜNG TỚI,—,bảng `dim_locators` nối được về hạt; entropy: thông tin phong phú,ĐỦ,—,Không vướng cổng nào.,,NHIỀU TÁC DỤNG · ĐỦ DỮ LIỆU,true,"Đưa vào bảng phẳng, dùng được ngay."
lược đồ dwh,true,fact_delivery_details,qty_delivered,số,đặc trưng,0.0,967.0,0.321,false,,-1446.0,0.8941,thông tin phong phú,CẦN THIẾT,CÓ ĐƯỜNG TỚI,—,bảng `fact_delivery_details` nối được về hạt; entropy: thông tin phong phú,ĐỦ,—,Không vướng cổng nào.,,NHIỀU TÁC DỤNG · ĐỦ DỮ LIỆU,true,"Đưa vào bảng phẳng, dùng được ngay."
lược đồ dwh,true,fact_order_lines,shipped_qty,số,đặc trưng,0.0,937.0,0.315,false,,0.0,0.8893,thông tin phong phú,CẦN THIẾT,ĐO ĐƯỢC,—,8/8 thước đo xếp vào nửa trên,ĐỦ,—,Không vướng cổng nào.,CHUYỂN THÀNH LAG,NHIỀU TÁC DỤNG · ĐỦ DỮ LIỆU,true,"Đưa vào bảng phẳng, dùng được ngay."
lược đồ dwh,false,dim_stores,is_legal_entity,phân loại,đặc trưng,0.0,2.0,0.001,false,,,0.8864,thông tin phong phú,CẦN THIẾT,CÓ ĐƯỜNG TỚI,—,bảng `dim_stores` nối được về hạt; entropy: thông tin phong phú,ĐỦ,—,Không vướng cổng nào.,DÙNG,NHIỀU TÁC DỤNG · ĐỦ DỮ LIỆU,true,"Đưa vào bảng phẳng, dùng được ngay."
lược đồ dwh,true,fact_visits,working_time_minutes,số,đặc trưng,11.01,15265.0,5.663,false,,-3.0,0.8842,thông tin phong phú,CẦN THIẾT,CÓ ĐƯỜNG TỚI,—,bảng `fact_visits` nối được về hạt; entropy: thông tin phong phú,ĐỦ,—,Không vướng cổng nào.,,NHIỀU TÁC DỤNG · ĐỦ DỮ LIỆU,true,"Đưa vào bảng phẳng, dùng được ngay."
lược đồ dwh,true,fact_order_lines,unit_price,số,đặc trưng,0.0,1376.0,0.463,false,,0.0,0.8812,thông tin phong phú,CẦN THIẾT,CÓ ĐƯỜNG TỚI,—,bảng `fact_order_lines` nối được về hạt; entropy: thông tin phong phú,ĐỦ,—,Không vướng cổng nào.,,NHIỀU TÁC DỤNG · ĐỦ DỮ LIỆU,true,"Đưa vào bảng phẳng, dùng được ngay."
lược đồ dwh,true,fact_order_lines,unit_price_before_vat,số,đặc trưng,0.0,1572.0,0.529,false,,0.0,0.8811,thông tin phong phú,CẦN THIẾT,CÓ ĐƯỜNG TỚI,—,bảng `fact_order_lines` nối được về hạt; entropy: thông tin phong phú,ĐỦ,—,Không vướng cổng nào.,,NHIỀU TÁC DỤNG · ĐỦ DỮ LIỆU,true,"Đưa vào bảng phẳng, dùng được ngay."
lược đồ dwh,true,fact_delivery_details,qty_so,số,đặc trưng,0.0,1019.0,0.338,false,,-1446.0,0.8805,thông tin phong phú,CẦN THIẾT,CÓ ĐƯỜNG TỚI,—,bảng `fact_delivery_details` nối được về hạt; entropy: thông tin phong phú,ĐỦ,—,Không vướng cổng nào.,,NHIỀU TÁC DỤNG · ĐỦ DỮ LIỆU,true,"Đưa vào bảng phẳng, dùng được ngay."
lược đồ dwh,true,fact_inventory_lot_snapshot,barcode,phân loại,đặc trưng,36.066,351.0,0.182,false,,0.0,0.8772,thông tin phong phú,CẦN THIẾT,CÓ ĐƯỜNG TỚI,—,bảng `fact_inventory_lot_snapshot` nối được về hạt; entropy: thông tin phong phú,ĐỦ,—,Không vướng cổng nào.,,NHIỀU TÁC DỤNG · ĐỦ DỮ LIỆU,true,"Đưa vào bảng phẳng, dùng được ngay."
lược đồ dwh,true,fact_delivery_details,qty_received,số,đặc trưng,0.0,1027.0,0.341,false,,-1446.0,0.8763,thông tin phong phú,CẦN THIẾT,CÓ ĐƯỜNG TỚI,—,bảng `fact_delivery_details` nối được về hạt; entropy: thông tin phong phú,ĐỦ,—,Không vướng cổng nào.,,NHIỀU TÁC DỤNG · ĐỦ DỮ LIỆU,true,"Đưa vào bảng phẳng, dùng được ngay."
lược đồ dwh,true,fact_order_lines,sales_qty,số,đặc trưng,0.0,985.0,0.331,false,,0.0,0.8749,thông tin phong phú,CẦN THIẾT,CÓ ĐƯỜNG TỚI,—,bảng `fact_order_lines` nối được về hạt; entropy: thông tin phong phú,ĐỦ,—,Không vướng cổng nào.,,NHIỀU TÁC DỤNG · ĐỦ DỮ LIỆU,true,"Đưa vào bảng phẳng, dùng được ngay."
lược đồ dwh,false,dim_locators,location_code,phân loại,khoá ngoại — dùng như biến phân loại,12.698,77.0,28.0,false,,,0.8567,thông tin phong phú,CẦN THIẾT,CÓ ĐƯỜNG TỚI,—,bảng `dim_locators` nối được về hạt; entropy: thông tin phong phú,ĐỦ,—,Không vướng cổng nào.,,NHIỀU TÁC DỤNG · ĐỦ DỮ LIỆU,true,"Đưa vào bảng phẳng, dùng được ngay."
lược đồ dwh,false,dim_locators,location_address,phân loại,đặc trưng,12.698,77.0,28.0,false,,,0.8567,thông tin phong phú,CẦN THIẾT,CÓ ĐƯỜNG TỚI,—,bảng `dim_locators` nối được về hạt; entropy: thông tin phong phú,ĐỦ,—,Không vướng cổng nào.,,NHIỀU TÁC DỤNG · ĐỦ DỮ LIỆU,true,"Đưa vào bảng phẳng, dùng được ngay."
lược đồ dwh,false,dim_account_channels,channel_level,số,đặc trưng,0.0,3.0,2.362,false,,,0.8559,thông tin phong phú,CẦN THIẾT,CÓ ĐƯỜNG TỚI,—,bảng `dim_account_channels` nối được về hạt; entropy: thông tin phong phú,ĐỦ,—,Không vướng cổng nào.,,NHIỀU TÁC DỤNG · ĐỦ DỮ LIỆU,true,"Đưa vào bảng phẳng, dùng được ngay."
lược đồ dwh,false,dim_delivery_status,delivery_status,phân loại,đặc trưng,0.0,5.0,4.854,false,,,0.8494,thông tin phong phú,CẦN THIẾT,CÓ ĐƯỜNG TỚI,—,bảng `dim_delivery_status` nối được về hạt; entropy: thông tin phong phú,ĐỦ,—,Không vướng cổng nào.,,NHIỀU TÁC DỤNG · ĐỦ DỮ LIỆU,true,"Đưa vào bảng phẳng, dùng được ngay."
lược đồ dwh,true,fact_delivery_details,sub_inventory_key,số,khoá ngoại — dùng như biến phân loại,0.0,66.0,0.022,false,0.0,-1446.0,0.8492,thông tin phong phú,CẦN THIẾT,CÓ ĐƯỜNG TỚI,—,bảng `fact_delivery_details` nối được về hạt; entropy: thông tin phong phú,ĐỦ,—,Không vướng cổng nào.,,NHIỀU TÁC DỤNG · ĐỦ DỮ LIỆU,true,"Đưa vào bảng phẳng, dùng được ngay."
lược đồ dwh,true,fact_order_lines,schedule_ship_date,phân loại,thời gian — dẫn xuất đặc trưng,50.221,26646.0,18.009,false,,0.0,0.8482,thông tin phong phú,CẦN THIẾT,CÓ ĐƯỜNG TỚI,—,bảng `fact_order_lines` nối được về hạt; entropy: thông tin phong phú,ĐỦ,—,Không vướng cổng nào.,,NHIỀU TÁC DỤNG · ĐỦ DỮ LIỆU,true,"Đưa vào bảng phẳng, dùng được ngay."
lược đồ dwh,true,fact_inventory_lot_snapshot,sub_inventory_id,số,khoá ngoại — dùng như biến phân loại,0.0,90.0,0.03,false,0.0,0.0,0.8438,thông tin phong phú,CẦN THIẾT,CÓ ĐƯỜNG TỚI,—,bảng `fact_inventory_lot_snapshot` nối được về hạt; entropy: thông tin phong phú,ĐỦ,—,Không vướng cổng nào.,,NHIỀU TÁC DỤNG · ĐỦ DỮ LIỆU,true,"Đưa vào bảng phẳng, dùng được ngay."
lược đồ dwh,true,fact_order_fulfillment,total_discount,số,đặc trưng,0.001,93050.0,30.992,false,,0.0,0.8424,thông tin phong phú,CẦN THIẾT,CÓ ĐƯỜNG TỚI,—,bảng `fact_order_fulfillment` nối được về hạt; entropy: thông tin phong phú,ĐỦ,—,Không vướng cổng nào.,,NHIỀU TÁC DỤNG · ĐỦ DỮ LIỆU,true,"Đưa vào bảng phẳng, dùng được ngay."
lược đồ dwh,true,fact_order_fulfillment,item_count,số,đặc trưng,0.0,77.0,0.026,false,,0.0,0.842,thông tin phong phú,CẦN THIẾT,CÓ ĐƯỜNG TỚI,—,bảng `fact_order_fulfillment` nối được về hạt; entropy: thông tin phong phú,ĐỦ,—,Không vướng cổng nào.,,NHIỀU TÁC DỤNG · ĐỦ DỮ LIỆU,true,"Đưa vào bảng phẳng, dùng được ngay."
lược đồ dwh,false,dim_distributors,distributor_code,phân loại,khoá ngoại — dùng như biến phân loại,0.0,35.0,39.326,false,,,0.841,thông tin phong phú,CẦN THIẾT,CÓ ĐƯỜNG TỚI,—,bảng `dim_distributors` nối được về hạt; entropy: thông tin phong phú,ĐỦ,—,Không vướng cổng nào.,,NHIỀU TÁC DỤNG · ĐỦ DỮ LIỆU,true,"Đưa vào bảng phẳng, dùng được ngay."
lược đồ dwh,false,dim_distributors,distributor_name,phân loại,đặc trưng,0.0,35.0,39.326,false,,,0.841,thông tin phong phú,CẦN THIẾT,CÓ ĐƯỜNG TỚI,—,bảng `dim_distributors` nối được về hạt; entropy: thông tin phong phú,ĐỦ,—,Không vướng cổng nào.,,NHIỀU TÁC DỤNG · ĐỦ DỮ LIỆU,true,"Đưa vào bảng phẳng, dùng được ngay."
lược đồ dwh,false,dim_products,category_id,phân loại,khoá ngoại — dùng như biến phân loại,7.039,75.0,3.173,false,0.0,,0.824,thông tin phong phú,CẦN THIẾT,CÓ ĐƯỜNG TỚI,—,bảng `dim_products` nối được về hạt; entropy: thông tin phong phú,ĐỦ,—,Không vướng cổng nào.,DÙNG — mã hoá phân loại,NHIỀU TÁC DỤNG · ĐỦ DỮ LIỆU,true,"Đưa vào bảng phẳng, dùng được ngay."
lược đồ dwh,false,dim_locators,organization_code,phân loại,khoá ngoại — dùng như biến phân loại,8.889,6.0,2.091,false,,,0.8151,thông tin phong phú,CẦN THIẾT,CÓ ĐƯỜNG TỚI,—,bảng `dim_locators` nối được về hạt; entropy: thông tin phong phú,ĐỦ,—,Không vướng cổng nào.,,NHIỀU TÁC DỤNG · ĐỦ DỮ LIỆU,true,"Đưa vào bảng phẳng, dùng được ngay."
lược đồ dwh,false,dim_products,category_code,phân loại,khoá ngoại — dùng như biến phân loại,0.039,77.0,3.029,false,,,0.8134,thông tin phong phú,CẦN THIẾT,CÓ ĐƯỜNG TỚI,—,bảng `dim_products` nối được về hạt; entropy: thông tin phong phú,ĐỦ,—,Không vướng cổng nào.,DÙNG,NHIỀU TÁC DỤNG · ĐỦ DỮ LIỆU,true,"Đưa vào bảng phẳng, dùng được ngay."
lược đồ dwh,false,dim_locators,purpose_code,phân loại,khoá ngoại — dùng như biến phân loại,0.0,9.0,2.857,false,,,0.805,thông tin phong phú,CẦN THIẾT,CÓ ĐƯỜNG TỚI,—,bảng `dim_locators` nối được về hạt; entropy: thông tin phong phú,ĐỦ,—,Không vướng cổng nào.,,NHIỀU TÁC DỤNG · ĐỦ DỮ LIỆU,true,"Đưa vào bảng phẳng, dùng được ngay."
lược đồ dwh,false,dim_locators,purpose_name,phân loại,đặc trưng,0.0,9.0,2.857,false,,,0.805,thông tin phong phú,CẦN THIẾT,CÓ ĐƯỜNG TỚI,—,bảng `dim_locators` nối được về hạt; entropy: thông tin phong phú,ĐỦ,—,Không vướng cổng nào.,,NHIỀU TÁC DỤNG · ĐỦ DỮ LIỆU,true,"Đưa vào bảng phẳng, dùng được ngay."
lược đồ dwh,true,fact_delivery_details,dispatcher_name,phân loại,đặc trưng,1.196,29.0,0.01,false,,-1446.0,0.7993,thông tin phong phú,CẦN THIẾT,CÓ ĐƯỜNG TỚI,—,bảng `fact_delivery_details` nối được về hạt; entropy: thông tin phong phú,ĐỦ,—,Không vướng cổng nào.,,NHIỀU TÁC DỤNG · ĐỦ DỮ LIỆU,true,"Đưa vào bảng phẳng, dùng được ngay."
lược đồ dwh,true,fact_inventory_daily_balances,closing_quantity,số,đặc trưng,0.0,2993.0,2.563,false,,0.0,0.795,thông tin phong phú,CẦN THIẾT,CÓ ĐƯỜNG TỚI,—,bảng `fact_inventory_daily_balances` nối được về hạt; entropy: thông tin phong phú,ĐỦ,—,Không vướng cổng nào.,,NHIỀU TÁC DỤNG · ĐỦ DỮ LIỆU,true,"Đưa vào bảng phẳng, dùng được ngay."
lược đồ dwh,true,fact_visits,scan_serials,phân loại,đặc trưng,56.104,11513.0,8.658,false,,-3.0,0.791,thông tin phong phú,CẦN THIẾT,CÓ ĐƯỜNG TỚI,—,bảng `fact_visits` nối được về hạt; entropy: thông tin phong phú,ĐỦ,—,Không vướng cổng nào.,,NHIỀU TÁC DỤNG · ĐỦ DỮ LIỆU,true,"Đưa vào bảng phẳng, dùng được ngay."
lược đồ dwh,true,fact_inventory_daily_balances,opening_quantity,số,đặc trưng,0.0,2968.0,2.541,false,,0.0,0.7905,thông tin phong phú,CẦN THIẾT,CÓ ĐƯỜNG TỚI,—,bảng `fact_inventory_daily_balances` nối được về hạt; entropy: thông tin phong phú,ĐỦ,—,Không vướng cổng nào.,,NHIỀU TÁC DỤNG · ĐỦ DỮ LIỆU,true,"Đưa vào bảng phẳng, dùng được ngay."
lược đồ dwh,false,dim_account_channels,level_1_code,phân loại,khoá ngoại — dùng như biến phân loại,7.874,6.0,5.128,false,,,0.7891,thông tin phong phú,CẦN THIẾT,CÓ ĐƯỜNG TỚI,—,bảng `dim_account_channels` nối được về hạt; entropy: thông tin phong phú,ĐỦ,—,Không vướng cổng nào.,,NHIỀU TÁC DỤNG · ĐỦ DỮ LIỆU,true,"Đưa vào bảng phẳng, dùng được ngay."
lược đồ dwh,true,fact_inventory_lot_snapshot,available_primary,số,đặc trưng,13.223,6728.0,2.569,false,,0.0,0.788,thông tin phong phú,CẦN THIẾT,CÓ ĐƯỜNG TỚI,—,bảng `fact_inventory_lot_snapshot` nối được về hạt; entropy: thông tin phong phú,ĐỦ,—,Không vướng cổng nào.,,NHIỀU TÁC DỤNG · ĐỦ DỮ LIỆU,true,"Đưa vào bảng phẳng, dùng được ngay."
lược đồ dwh,true,fact_order_fulfillment,delivery_date_key,số,khoá ngoại — dùng như biến phân loại,43.617,530.0,0.313,false,,0.0,0.7849,thông tin phong phú,CẦN THIẾT,CÓ ĐƯỜNG TỚI,—,bảng `fact_order_fulfillment` nối được về hạt; entropy: thông tin phong phú,ĐỦ,—,Không vướng cổng nào.,,NHIỀU TÁC DỤNG · ĐỦ DỮ LIỆU,true,"Đưa vào bảng phẳng, dùng được ngay."
lược đồ dwh,true,fact_order_fulfillment,warehouse_key,số,khoá ngoại — dùng như biến phân loại,0.0,35.0,0.012,false,0.0,0.0,0.7812,thông tin phong phú,CẦN THIẾT,CÓ ĐƯỜNG TỚI,—,bảng `fact_order_fulfillment` nối được về hạt; entropy: thông tin phong phú,ĐỦ,—,Không vướng cổng nào.,,NHIỀU TÁC DỤNG · ĐỦ DỮ LIỆU,true,"Đưa vào bảng phẳng, dùng được ngay."
lược đồ dwh,true,fact_inventory_lot_snapshot,volume_primary,số,đặc trưng,19.519,19612.0,8.075,false,,0.0,0.7673,thông tin phong phú,CẦN THIẾT,CÓ ĐƯỜNG TỚI,—,bảng `fact_inventory_lot_snapshot` nối được về hạt; entropy: thông tin phong phú,ĐỦ,—,Không vướng cổng nào.,,NHIỀU TÁC DỤNG · ĐỦ DỮ LIỆU,true,"Đưa vào bảng phẳng, dùng được ngay."
lược đồ dwh,false,zz_archive_om_orphans_20260804,sales_qty_carton,số,đặc trưng,1.57,83.0,18.907,false,,,0.759,thông tin phong phú,CẦN THIẾT,ĐO ĐƯỢC,—,8/8 thước đo xếp vào nửa trên,ĐỦ,—,Không vướng cổng nào.,NHÃN,NHIỀU TÁC DỤNG · ĐỦ DỮ LIỆU,true,"Đưa vào bảng phẳng, dùng được ngay."
lược đồ dwh,true,fact_order_lines,warehouse_key,số,khoá ngoại — dùng như biến phân loại,0.0,35.0,0.012,false,0.0,0.0,0.7565,thông tin phong phú,CẦN THIẾT,CÓ ĐƯỜNG TỚI,—,bảng `fact_order_lines` nối được về hạt; entropy: thông tin phong phú,ĐỦ,—,Không vướng cổng nào.,,NHIỀU TÁC DỤNG · ĐỦ DỮ LIỆU,true,"Đưa vào bảng phẳng, dùng được ngay."
lược đồ dwh,true,fact_order_lines,sales_qty_carton,số,đặc trưng,0.469,1253.0,0.424,false,,0.0,0.7505,thông tin phong phú,CẦN THIẾT,ĐO ĐƯỢC,—,8/8 thước đo xếp vào nửa trên,ĐỦ,—,Không vướng cổng nào.,NHÃN,NHIỀU TÁC DỤNG · ĐỦ DỮ LIỆU,true,"Đưa vào bảng phẳng, dùng được ngay."
lược đồ dwh,false,dim_sub_inventories,warehouse_key,số,khoá ngoại — dùng như biến phân loại,0.0,7.0,3.723,false,0.0,,0.7472,thông tin phong phú,CẦN THIẾT,CÓ ĐƯỜNG TỚI,—,bảng `dim_sub_inventories` nối được về hạt; entropy: thông tin phong phú,ĐỦ,—,Không vướng cổng nào.,,NHIỀU TÁC DỤNG · ĐỦ DỮ LIỆU,true,"Đưa vào bảng phẳng, dùng được ngay."
lược đồ dwh,true,fact_delivery_details,warehouse_key,số,khoá ngoại — dùng như biến phân loại,0.0,7.0,0.002,false,0.0,-1446.0,0.7463,thông tin phong phú,CẦN THIẾT,CÓ ĐƯỜNG TỚI,—,bảng `fact_delivery_details` nối được về hạt; entropy: thông tin phong phú,ĐỦ,—,Không vướng cổng nào.,,NHIỀU TÁC DỤNG · ĐỦ DỮ LIỆU,true,"Đưa vào bảng phẳng, dùng được ngay."
bảng phẳng,true,panel_mt,order_count,số,đặc trưng,0.0,42.0,,false,,,0.7377,,CẦN THIẾT,ĐO ĐƯỢC,—,8/8 thước đo xếp vào nửa trên,ĐỦ,—,Không vướng cổng nào.,CHUYỂN THÀNH LAG,NHIỀU TÁC DỤNG · ĐỦ DỮ LIỆU,true,"Đưa vào bảng phẳng, dùng được ngay."
lược đồ dwh,true,fact_inventory_lot_snapshot,brand_code_raw,phân loại,đặc trưng,13.223,101.0,0.039,false,,0.0,0.7268,thông tin phong phú,CẦN THIẾT,CÓ ĐƯỜNG TỚI,—,bảng `fact_inventory_lot_snapshot` nối được về hạt; entropy: thông tin phong phú,ĐỦ,—,Không vướng cổng nào.,,NHIỀU TÁC DỤNG · ĐỦ DỮ LIỆU,true,"Đưa vào bảng phẳng, dùng được ngay."
lược đồ dwh,true,fact_inventory_lot_snapshot,volume_package,số,đặc trưng,33.866,21631.0,10.839,false,,0.0,0.725,thông tin phong phú,CẦN THIẾT,CÓ ĐƯỜNG TỚI,—,bảng `fact_inventory_lot_snapshot` nối được về hạt; entropy: thông tin phong phú,ĐỦ,—,Không vướng cổng nào.,,NHIỀU TÁC DỤNG · ĐỦ DỮ LIỆU,true,"Đưa vào bảng phẳng, dùng được ngay."
lược đồ dwh,true,fact_inventory_lot_snapshot,locator,phân loại,đặc trưng,13.71,95.0,0.036,false,,0.0,0.7184,thông tin phong phú,CẦN THIẾT,CÓ ĐƯỜNG TỚI,—,bảng `fact_inventory_lot_snapshot` nối được về hạt; entropy: thông tin phong phú,ĐỦ,—,Không vướng cổng nào.,,NHIỀU TÁC DỤNG · ĐỦ DỮ LIỆU,true,"Đưa vào bảng phẳng, dùng được ngay."
lược đồ dwh,true,fact_inventory_lot_snapshot,qty_package,số,đặc trưng,32.458,8335.0,4.089,false,,0.0,0.7082,thông tin phong phú,CẦN THIẾT,CÓ ĐƯỜNG TỚI,—,bảng `fact_inventory_lot_snapshot` nối được về hạt; entropy: thông tin phong phú,ĐỦ,—,Không vướng cổng nào.,,NHIỀU TÁC DỤNG · ĐỦ DỮ LIỆU,true,"Đưa vào bảng phẳng, dùng được ngay."
lược đồ dwh,false,dim_distributors,site_domain_id,số,khoá ngoại — dùng như biến phân loại,1.124,19.0,21.591,false,0.0,,0.7071,thông tin phong phú,CẦN THIẾT,CÓ ĐƯỜNG TỚI,—,bảng `dim_distributors` nối được về hạt; entropy: thông tin phong phú,ĐỦ,—,Không vướng cổng nào.,,NHIỀU TÁC DỤNG · ĐỦ DỮ LIỆU,true,"Đưa vào bảng phẳng, dùng được ngay."
lược đồ dwh,true,fact_inventory_lot_snapshot,expiry_warning_days,số,đặc trưng,36.087,1418.0,0.735,false,,0.0,0.6998,thông tin phong phú,CẦN THIẾT,CÓ ĐƯỜNG TỚI,—,bảng `fact_inventory_lot_snapshot` nối được về hạt; entropy: thông tin phong phú,ĐỦ,—,Không vướng cổng nào.,,NHIỀU TÁC DỤNG · ĐỦ DỮ LIỆU,true,"Đưa vào bảng phẳng, dùng được ngay."
lược đồ dwh,true,fact_inventory_lot_snapshot,available_package,số,đặc trưng,32.458,8421.0,4.132,false,,0.0,0.6953,thông tin phong phú,CẦN THIẾT,CÓ ĐƯỜNG TỚI,—,bảng `fact_inventory_lot_snapshot` nối được về hạt; entropy: thông tin phong phú,ĐỦ,—,Không vướng cổng nào.,,NHIỀU TÁC DỤNG · ĐỦ DỮ LIỆU,true,"Đưa vào bảng phẳng, dùng được ngay."
lược đồ dwh,true,fact_order_lines,dms_status,phân loại,đặc trưng,1.494,7.0,0.002,false,,0.0,0.6901,thông tin phong phú,CẦN THIẾT,CÓ ĐƯỜNG TỚI,—,bảng `fact_order_lines` nối được về hạt; entropy: thông tin phong phú,ĐỦ,—,Không vướng cổng nào.,,NHIỀU TÁC DỤNG · ĐỦ DỮ LIỆU,true,"Đưa vào bảng phẳng, dùng được ngay."
lược đồ dwh,true,fact_delivery_details,delivery_status_key,số,khoá ngoại — dùng như biến phân loại,0.0,77.0,0.026,false,0.0,-1446.0,0.6876,thông tin phong phú,CẦN THIẾT,CÓ ĐƯỜNG TỚI,—,bảng `fact_delivery_details` nối được về hạt; entropy: thông tin phong phú,ĐỦ,—,Không vướng cổng nào.,,NHIỀU TÁC DỤNG · ĐỦ DỮ LIỆU,true,"Đưa vào bảng phẳng, dùng được ngay."
lược đồ dwh,true,fact_order_lines,raw_created_at,phân loại,thời gian — dẫn xuất đặc trưng,61.666,12057.0,10.582,false,,0.0,0.6844,thông tin phong phú,CẦN THIẾT,CÓ ĐƯỜNG TỚI,—,bảng `fact_order_lines` nối được về hạt; entropy: thông tin phong phú,ĐỦ,—,Không vướng cổng nào.,,NHIỀU TÁC DỤNG · ĐỦ DỮ LIỆU,true,"Đưa vào bảng phẳng, dùng được ngay."
lược đồ dwh,false,dim_distributors,address,phân loại,đặc trưng,17.978,31.0,42.466,false,,,0.6837,thông tin phong phú,CẦN THIẾT,CÓ ĐƯỜNG TỚI,—,bảng `dim_distributors` nối được về hạt; entropy: thông tin phong phú,ĐỦ,—,Không vướng cổng nào.,,NHIỀU TÁC DỤNG · ĐỦ DỮ LIỆU,true,"Đưa vào bảng phẳng, dùng được ngay."
lược đồ dwh,true,fact_order_fulfillment,sub_inventory_key,số,khoá ngoại — dùng như biến phân loại,0.0,86.0,0.029,false,0.0,0.0,0.6835,thông tin phong phú,CẦN THIẾT,CÓ ĐƯỜNG TỚI,—,bảng `fact_order_fulfillment` nối được về hạt; entropy: thông tin phong phú,ĐỦ,—,Không vướng cổng nào.,,NHIỀU TÁC DỤNG · ĐỦ DỮ LIỆU,true,"Đưa vào bảng phẳng, dùng được ngay."
lược đồ dwh,false,dim_distributors,dms_site_number,phân loại,đặc trưng,15.73,28.0,37.333,false,,,0.681,thông tin phong phú,CẦN THIẾT,CÓ ĐƯỜNG TỚI,—,bảng `dim_distributors` nối được về hạt; entropy: thông tin phong phú,ĐỦ,—,Không vướng cổng nào.,,NHIỀU TÁC DỤNG · ĐỦ DỮ LIỆU,true,"Đưa vào bảng phẳng, dùng được ngay."
lược đồ dwh,true,fact_inventory_lot_snapshot,sub_inventory_code_raw,phân loại,đặc trưng,13.223,59.0,0.023,false,,0.0,0.6785,thông tin phong phú,CẦN THIẾT,CÓ ĐƯỜNG TỚI,—,bảng `fact_inventory_lot_snapshot` nối được về hạt; entropy: thông tin phong phú,ĐỦ,—,Không vướng cổng nào.,,NHIỀU TÁC DỤNG · ĐỦ DỮ LIỆU,true,"Đưa vào bảng phẳng, dùng được ngay."
lược đồ dwh,true,fact_inventory_lot_snapshot,warehouse_id,số,khoá ngoại — dùng như biến phân loại,0.0,32.0,0.011,false,0.0,0.0,0.6777,thông tin phong phú,CẦN THIẾT,CÓ ĐƯỜNG TỚI,—,bảng `fact_inventory_lot_snapshot` nối được về hạt; entropy: thông tin phong phú,ĐỦ,—,Không vướng cổng nào.,,NHIỀU TÁC DỤNG · ĐỦ DỮ LIỆU,true,"Đưa vào bảng phẳng, dùng được ngay."
bảng phẳng,true,panel_mt,salesman_id,số,đặc trưng,65.624,314.0,,false,,,0.6774,,CẦN THIẾT,CÓ ĐƯỜNG TỚI,—,bảng `panel_mt` nối được về hạt; entropy: chưa đo,ĐỦ,—,Không vướng cổng nào.,BỎ,NHIỀU TÁC DỤNG · ĐỦ DỮ LIỆU,true,"Đưa vào bảng phẳng, dùng được ngay."
lược đồ dwh,true,fact_order_lines,order_type_key,số,khoá ngoại — dùng như biến phân loại,0.0,13.0,0.004,false,0.0,0.0,0.6721,thông tin phong phú,CẦN THIẾT,CÓ ĐƯỜNG TỚI,—,bảng `fact_order_lines` nối được về hạt; entropy: thông tin phong phú,ĐỦ,—,Không vướng cổng nào.,,NHIỀU TÁC DỤNG · ĐỦ DỮ LIỆU,true,"Đưa vào bảng phẳng, dùng được ngay."
lược đồ dwh,false,dim_warehouses,warehouse_type_code,phân loại,khoá ngoại — dùng như biến phân loại,2.564,2.0,5.263,false,,,0.6715,thông tin phong phú,CẦN THIẾT,CÓ ĐƯỜNG TỚI,—,bảng `dim_warehouses` nối được về hạt; entropy: thông tin phong phú,ĐỦ,—,Không vướng cổng nào.,,NHIỀU TÁC DỤNG · ĐỦ DỮ LIỆU,true,"Đưa vào bảng phẳng, dùng được ngay."
bảng phẳng,true,panel_mt,line_status_count,số,đặc trưng,0.0,7.0,,false,,,0.6643,,CẦN THIẾT,ĐO ĐƯỢC,—,7/8 thước đo xếp vào nửa trên,ĐỦ,—,Không vướng cổng nào.,CHUYỂN THÀNH LAG,NHIỀU TÁC DỤNG · ĐỦ DỮ LIỆU,true,"Đưa vào bảng phẳng, dùng được ngay."
lược đồ dwh,false,dim_account_channels,level_2_code,phân loại,khoá ngoại — dùng như biến phân loại,7.874,39.0,33.333,false,,,0.6592,thông tin phong phú,CẦN THIẾT,CÓ ĐƯỜNG TỚI,—,bảng `dim_account_channels` nối được về hạt; entropy: thông tin phong phú,ĐỦ,—,Không vướng cổng nào.,,NHIỀU TÁC DỤNG · ĐỦ DỮ LIỆU,true,"Đưa vào bảng phẳng, dùng được ngay."
bảng phẳng,true,panel_mt,eco_line_count,số,đặc trưng,0.0,56.0,,false,,,0.6572,,CẦN THIẾT,ĐO ĐƯỢC,—,8/8 thước đo xếp vào nửa trên,ĐỦ,—,Không vướng cổng nào.,CHUYỂN THÀNH LAG,NHIỀU TÁC DỤNG · ĐỦ DỮ LIỆU,true,"Đưa vào bảng phẳng, dùng được ngay."
bảng phẳng,true,panel_mt,remaining_warehouse_count,số,đặc trưng,0.0,5.0,,false,,,0.6494,,CẦN THIẾT,ĐO ĐƯỢC,—,4/8 thước đo xếp vào nửa trên,ĐỦ,—,Không vướng cổng nào.,CHUYỂN THÀNH LAG,NHIỀU TÁC DỤNG · ĐỦ DỮ LIỆU,true,"Đưa vào bảng phẳng, dùng được ngay."
bảng phẳng,true,panel_mt,order_type_count,số,đặc trưng,0.0,4.0,,false,,,0.6478,,CẦN THIẾT,ĐO ĐƯỢC,—,5/8 thước đo xếp vào nửa trên,ĐỦ,—,Không vướng cổng nào.,CHUYỂN THÀNH LAG,NHIỀU TÁC DỤNG · ĐỦ DỮ LIỆU,true,"Đưa vào bảng phẳng, dùng được ngay."
bảng phẳng,true,panel_mt,order_source_count,số,đặc trưng,0.0,3.0,,false,,,0.6474,,CẦN THIẾT,ĐO ĐƯỢC,—,4/8 thước đo xếp vào nửa trên,ĐỦ,—,Không vướng cổng nào.,CHUYỂN THÀNH LAG,NHIỀU TÁC DỤNG · ĐỦ DỮ LIỆU,true,"Đưa vào bảng phẳng, dùng được ngay."
bảng phẳng,true,panel_mt,has_purchase,số,đặc trưng,0.0,2.0,,false,,,0.6415,,CẦN THIẾT,CÓ ĐƯỜNG TỚI,—,bảng `panel_mt` nối được về hạt; entropy: chưa đo,ĐỦ,—,Không vướng cổng nào.,CHUYỂN THÀNH LAG,NHIỀU TÁC DỤNG · ĐỦ DỮ LIỆU,true,"Đưa vào bảng phẳng, dùng được ngay."
lược đồ dwh,false,dim_delivery_status,note_status,phân loại,đặc trưng,0.0,9.0,8.738,false,,,0.6375,thông tin phong phú,CẦN THIẾT,CÓ ĐƯỜNG TỚI,—,bảng `dim_delivery_status` nối được về hạt; entropy: thông tin phong phú,ĐỦ,—,Không vướng cổng nào.,,NHIỀU TÁC DỤNG · ĐỦ DỮ LIỆU,true,"Đưa vào bảng phẳng, dùng được ngay."
lược đồ dwh,false,dim_delivery_status,document_status,phân loại,đặc trưng,0.0,3.0,2.913,false,,,0.635,thông tin phong phú,CẦN THIẾT,CÓ ĐƯỜNG TỚI,—,bảng `dim_delivery_status` nối được về hạt; entropy: thông tin phong phú,ĐỦ,—,Không vướng cổng nào.,,NHIỀU TÁC DỤNG · ĐỦ DỮ LIỆU,true,"Đưa vào bảng phẳng, dùng được ngay."
lược đồ dwh,true,fact_inventory_lot_snapshot,source_system,phân loại,đặc trưng,0.0,2.0,0.001,false,,0.0,0.635,thông tin phong phú,CẦN THIẾT,CÓ ĐƯỜNG TỚI,—,bảng `fact_inventory_lot_snapshot` nối được về hạt; entropy: thông tin phong phú,ĐỦ,—,Không vướng cổng nào.,,NHIỀU TÁC DỤNG · ĐỦ DỮ LIỆU,true,"Đưa vào bảng phẳng, dùng được ngay."
lược đồ dwh,true,fact_visits,plan_type,số,đặc trưng,0.0,3.0,0.001,false,,-3.0,0.6285,thông tin phong phú,CẦN THIẾT,CÓ ĐƯỜNG TỚI,—,bảng `fact_visits` nối được về hạt; entropy: thông tin phong phú,ĐỦ,—,Không vướng cổng nào.,,NHIỀU TÁC DỤNG · ĐỦ DỮ LIỆU,true,"Đưa vào bảng phẳng, dùng được ngay."
lược đồ dwh,true,fact_visits,plan_status,phân loại,đặc trưng,0.0,2.0,0.001,false,,-3.0,0.6285,thông tin phong phú,CẦN THIẾT,CÓ ĐƯỜNG TỚI,—,bảng `fact_visits` nối được về hạt; entropy: thông tin phong phú,ĐỦ,—,Không vướng cổng nào.,,NHIỀU TÁC DỤNG · ĐỦ DỮ LIỆU,true,"Đưa vào bảng phẳng, dùng được ngay."
lược đồ dwh,false,dim_site_domains,dms_city_code,phân loại,khoá ngoại — dùng như biến phân loại,0.73,63.0,46.324,false,,,0.616,thông tin phong phú,CẦN THIẾT,CÓ ĐƯỜNG TỚI,—,bảng `dim_site_domains` nối được về hạt; entropy: thông tin phong phú,ĐỦ,—,Không vướng cổng nào.,,NHIỀU TÁC DỤNG · ĐỦ DỮ LIỆU,true,"Đưa vào bảng phẳng, dùng được ngay."
lược đồ dwh,false,dim_site_domains,dms_city_name,phân loại,đặc trưng,0.73,63.0,46.324,false,,,0.616,thông tin phong phú,CẦN THIẾT,CÓ ĐƯỜNG TỚI,—,bảng `dim_site_domains` nối được về hạt; entropy: thông tin phong phú,ĐỦ,—,Không vướng cổng nào.,,NHIỀU TÁC DỤNG · ĐỦ DỮ LIỆU,true,"Đưa vào bảng phẳng, dùng được ngay."
lược đồ dwh,false,dim_products,supplier_id,số,khoá ngoại — dùng như biến phân loại,26.976,61.0,3.285,false,0.0,,0.6156,thông tin phong phú,CẦN THIẾT,CÓ ĐƯỜNG TỚI,—,bảng `dim_products` nối được về hạt; entropy: thông tin phong phú,ĐỦ,—,Không vướng cổng nào.,DÙNG — mã hoá phân loại,NHIỀU TÁC DỤNG · ĐỦ DỮ LIỆU,true,"Đưa vào bảng phẳng, dùng được ngay."
lược đồ dwh,true,fact_order_fulfillment,order_type_key,số,khoá ngoại — dùng như biến phân loại,0.0,13.0,0.004,false,0.0,0.0,0.6073,thông tin phong phú,CẦN THIẾT,CÓ ĐƯỜNG TỚI,—,bảng `fact_order_fulfillment` nối được về hạt; entropy: thông tin phong phú,ĐỦ,—,Không vướng cổng nào.,,NHIỀU TÁC DỤNG · ĐỦ DỮ LIỆU,true,"Đưa vào bảng phẳng, dùng được ngay."
lược đồ dwh,true,fact_inventory_lot_snapshot,primary_uom,phân loại,đặc trưng,0.0,23.0,0.008,false,,0.0,0.6043,thông tin phong phú,CẦN THIẾT,CÓ ĐƯỜNG TỚI,—,bảng `fact_inventory_lot_snapshot` nối được về hạt; entropy: thông tin phong phú,ĐỦ,—,Không vướng cổng nào.,,NHIỀU TÁC DỤNG · ĐỦ DỮ LIỆU,true,"Đưa vào bảng phẳng, dùng được ngay."
lược đồ dwh,true,fact_order_lines,sub_inventory_key,số,khoá ngoại — dùng như biến phân loại,0.0,48.0,0.016,false,0.0,0.0,0.6001,thông tin phong phú,CẦN THIẾT,CÓ ĐƯỜNG TỚI,—,bảng `fact_order_lines` nối được về hạt; entropy: thông tin phong phú,ĐỦ,—,Không vướng cổng nào.,,NHIỀU TÁC DỤNG · ĐỦ DỮ LIỆU,true,"Đưa vào bảng phẳng, dùng được ngay."
lược đồ dwh,false,dim_locators,site_type_code,phân loại,khoá ngoại — dùng như biến phân loại,0.0,4.0,1.27,false,,,0.599,thông tin phong phú,CẦN THIẾT,CÓ ĐƯỜNG TỚI,—,bảng `dim_locators` nối được về hạt; entropy: thông tin phong phú,ĐỦ,—,Không vướng cổng nào.,,NHIỀU TÁC DỤNG · ĐỦ DỮ LIỆU,true,"Đưa vào bảng phẳng, dùng được ngay."
lược đồ dwh,false,dim_locators,site_type_name,phân loại,đặc trưng,0.0,4.0,1.27,false,,,0.599,thông tin phong phú,CẦN THIẾT,CÓ ĐƯỜNG TỚI,—,bảng `dim_locators` nối được về hạt; entropy: thông tin phong phú,ĐỦ,—,Không vướng cổng nào.,,NHIỀU TÁC DỤNG · ĐỦ DỮ LIỆU,true,"Đưa vào bảng phẳng, dùng được ngay."
lược đồ dwh,false,dim_warehouses,address,phân loại,đặc trưng,41.026,23.0,100.0,false,,,0.5897,thông tin phong phú,CẦN THIẾT,CÓ ĐƯỜNG TỚI,—,bảng `dim_warehouses` nối được về hạt; entropy: thông tin phong phú,ĐỦ,—,Không vướng cổng nào.,,NHIỀU TÁC DỤNG · ĐỦ DỮ LIỆU,true,"Đưa vào bảng phẳng, dùng được ngay."
lược đồ dwh,false,dim_delivery_status,payment_status,phân loại,đặc trưng,25.243,4.0,5.195,false,,,0.5893,thông tin phong phú,CẦN THIẾT,CÓ ĐƯỜNG TỚI,—,bảng `dim_delivery_status` nối được về hạt; entropy: thông tin phong phú,ĐỦ,—,Không vướng cổng nào.,,NHIỀU TÁC DỤNG · ĐỦ DỮ LIỆU,true,"Đưa vào bảng phẳng, dùng được ngay."
lược đồ dwh,false,dim_stores,site_number,phân loại,đặc trưng,62.813,18986.0,16.94,false,,,0.5846,thông tin phong phú,CẦN THIẾT,CÓ ĐƯỜNG TỚI,—,bảng `dim_stores` nối được về hạt; entropy: thông tin phong phú,ĐỦ,—,Không vướng cổng nào.,DÙNG,NHIỀU TÁC DỤNG · ĐỦ DỮ LIỆU,true,"Đưa vào bảng phẳng, dùng được ngay."
lược đồ dwh,true,fact_inventory_lot_snapshot,warehouse_code_raw,phân loại,đặc trưng,0.0,32.0,0.011,false,,0.0,0.5834,thông tin phong phú,CẦN THIẾT,CÓ ĐƯỜNG TỚI,—,bảng `fact_inventory_lot_snapshot` nối được về hạt; entropy: thông tin phong phú,ĐỦ,—,Không vướng cổng nào.,,NHIỀU TÁC DỤNG · ĐỦ DỮ LIỆU,true,"Đưa vào bảng phẳng, dùng được ngay."
lược đồ dwh,true,fact_order_lines,line_status_key,số,khoá ngoại — dùng như biến phân loại,0.0,8.0,0.003,false,,0.0,0.5797,thông tin phong phú,CẦN THIẾT,CÓ ĐƯỜNG TỚI,—,bảng `fact_order_lines` nối được về hạt; entropy: thông tin phong phú,ĐỦ,—,Không vướng cổng nào.,,NHIỀU TÁC DỤNG · ĐỦ DỮ LIỆU,true,"Đưa vào bảng phẳng, dùng được ngay."
lược đồ dwh,true,fact_delivery_details,unit,phân loại,đặc trưng,0.0,12.0,0.004,false,,-1446.0,0.5569,thông tin phong phú,CẦN THIẾT,CÓ ĐƯỜNG TỚI,—,bảng `fact_delivery_details` nối được về hạt; entropy: thông tin phong phú,ĐỦ,—,Không vướng cổng nào.,,NHIỀU TÁC DỤNG · ĐỦ DỮ LIỆU,true,"Đưa vào bảng phẳng, dùng được ngay."
lược đồ dwh,true,fact_inventory_lot_snapshot,sub_category,phân loại,đặc trưng,13.223,50.0,0.019,false,,0.0,0.547,thông tin phong phú,CẦN THIẾT,CÓ ĐƯỜNG TỚI,—,bảng `fact_inventory_lot_snapshot` nối được về hạt; entropy: thông tin phong phú,ĐỦ,—,Không vướng cổng nào.,,NHIỀU TÁC DỤNG · ĐỦ DỮ LIỆU,true,"Đưa vào bảng phẳng, dùng được ngay."
lược đồ dwh,false,dim_stores,system,phân loại,đặc trưng,61.379,9313.0,8.001,false,,,0.5395,thông tin phong phú,CẦN THIẾT,CÓ ĐƯỜNG TỚI,—,bảng `dim_stores` nối được về hạt; entropy: thông tin phong phú,ĐỦ,—,Không vướng cổng nào.,,NHIỀU TÁC DỤNG · ĐỦ DỮ LIỆU,true,"Đưa vào bảng phẳng, dùng được ngay."
lược đồ dwh,true,fact_delivery_details,product_type,phân loại,đặc trưng,0.0,3.0,0.001,false,,-1446.0,0.5349,thông tin phong phú,CẦN THIẾT,CÓ ĐƯỜNG TỚI,—,bảng `fact_delivery_details` nối được về hạt; entropy: thông tin phong phú,ĐỦ,—,Không vướng cổng nào.,,NHIỀU TÁC DỤNG · ĐỦ DỮ LIỆU,true,"Đưa vào bảng phẳng, dùng được ngay."
lược đồ dwh,true,fact_order_fulfillment,distributor_key,số,khoá ngoại — dùng như biến phân loại,0.0,31.0,0.01,false,0.0,0.0,0.5314,thông tin phong phú,CẦN THIẾT,CÓ ĐƯỜNG TỚI,—,bảng `fact_order_fulfillment` nối được về hạt; entropy: thông tin phong phú,ĐỦ,—,Không vướng cổng nào.,,NHIỀU TÁC DỤNG · ĐỦ DỮ LIỆU,true,"Đưa vào bảng phẳng, dùng được ngay."
lược đồ dwh,true,fact_order_lines,discount_amount_before_vat,số,đặc trưng,0.0,6682.0,2.248,false,,0.0,0.5179,thông tin phong phú,CẦN THIẾT,CÓ ĐƯỜNG TỚI,—,bảng `fact_order_lines` nối được về hạt; entropy: thông tin phong phú,ĐỦ,—,Không vướng cổng nào.,,NHIỀU TÁC DỤNG · ĐỦ DỮ LIỆU,true,"Đưa vào bảng phẳng, dùng được ngay."
lược đồ dwh,true,fact_visits,is_compliance,phân loại,đặc trưng,0.0,2.0,0.001,false,,-3.0,0.5169,thông tin phong phú,CẦN THIẾT,CÓ ĐƯỜNG TỚI,—,bảng `fact_visits` nối được về hạt; entropy: thông tin phong phú,ĐỦ,—,Không vướng cổng nào.,,NHIỀU TÁC DỤNG · ĐỦ DỮ LIỆU,true,"Đưa vào bảng phẳng, dùng được ngay."
lược đồ dwh,true,fact_visits,is_visited,phân loại,đặc trưng,0.0,2.0,0.001,false,,-3.0,0.5107,thông tin phong phú,CẦN THIẾT,CÓ ĐƯỜNG TỚI,—,bảng `fact_visits` nối được về hạt; entropy: thông tin phong phú,ĐỦ,—,Không vướng cổng nào.,,NHIỀU TÁC DỤNG · ĐỦ DỮ LIỆU,true,"Đưa vào bảng phẳng, dùng được ngay."
lược đồ dwh,true,fact_order_lines,delivery_date,phân loại,thời gian — dẫn xuất đặc trưng,65.969,25944.0,25.648,false,,0.0,0.5086,thông tin phong phú,CẦN THIẾT,CÓ ĐƯỜNG TỚI,—,bảng `fact_order_lines` nối được về hạt; entropy: thông tin phong phú,ĐỦ,—,Không vướng cổng nào.,,NHIỀU TÁC DỤNG · ĐỦ DỮ LIỆU,true,"Đưa vào bảng phẳng, dùng được ngay."
lược đồ dwh,true,fact_delivery_details,payment_status,phân loại,đặc trưng,9.181,3.0,0.001,false,,-1446.0,0.4819,thông tin vừa,CẦN THIẾT,CÓ ĐƯỜNG TỚI,—,bảng `fact_delivery_details` nối được về hạt; entropy: thông tin vừa,ĐỦ,—,Không vướng cổng nào.,,NHIỀU TÁC DỤNG · ĐỦ DỮ LIỆU,true,"Đưa vào bảng phẳng, dùng được ngay."
lược đồ dwh,true,fact_order_lines,uom,phân loại,đặc trưng,0.004,19.0,0.006,false,,0.0,0.4793,thông tin vừa,CẦN THIẾT,CÓ ĐƯỜNG TỚI,—,bảng `fact_order_lines` nối được về hạt; entropy: thông tin vừa,ĐỦ,—,Không vướng cổng nào.,DÙNG,NHIỀU TÁC DỤNG · ĐỦ DỮ LIỆU,true,"Đưa vào bảng phẳng, dùng được ngay."
lược đồ dwh,false,dim_stores,account_channel_id,số,khoá ngoại — dùng như biến phân loại,5.017,75.0,0.026,false,0.0,,0.4779,thông tin vừa,CẦN THIẾT,CÓ ĐƯỜNG TỚI,—,bảng `dim_stores` nối được về hạt; entropy: thông tin vừa,ĐỦ,—,Không vướng cổng nào.,,NHIỀU TÁC DỤNG · ĐỦ DỮ LIỆU,true,"Đưa vào bảng phẳng, dùng được ngay."
lược đồ dwh,false,dim_products,uom,phân loại,đặc trưng,32.442,17.0,0.99,false,,,0.4571,thông tin vừa,CẦN THIẾT,CÓ ĐƯỜNG TỚI,—,bảng `dim_products` nối được về hạt; entropy: thông tin vừa,ĐỦ,—,Không vướng cổng nào.,DÙNG,NHIỀU TÁC DỤNG · ĐỦ DỮ LIỆU,true,"Đưa vào bảng phẳng, dùng được ngay."
lược đồ dwh,false,dim_stores,site_domain_id,số,khoá ngoại — dùng như biến phân loại,45.076,63.0,0.038,false,0.0,,0.4509,thông tin vừa,CẦN THIẾT,CÓ ĐƯỜNG TỚI,—,bảng `dim_stores` nối được về hạt; entropy: thông tin vừa,ĐỦ,—,Không vướng cổng nào.,,NHIỀU TÁC DỤNG · ĐỦ DỮ LIỆU,true,"Đưa vào bảng phẳng, dùng được ngay."
lược đồ dwh,false,dim_employees,site_account_id,số,khoá ngoại — dùng như biến phân loại,33.692,7.0,0.158,false,0.0,,0.4464,thông tin vừa,CẦN THIẾT,CÓ ĐƯỜNG TỚI,—,bảng `dim_employees` nối được về hạt; entropy: thông tin vừa,ĐỦ,—,Không vướng cổng nào.,,NHIỀU TÁC DỤNG · ĐỦ DỮ LIỆU,true,"Đưa vào bảng phẳng, dùng được ngay."
lược đồ dwh,true,fact_order_lines,is_free_order,phân loại,đặc trưng,0.0,2.0,0.001,false,,0.0,0.4353,thông tin vừa,CẦN THIẾT,CÓ ĐƯỜNG TỚI,—,bảng `fact_order_lines` nối được về hạt; entropy: thông tin vừa,ĐỦ,—,Không vướng cổng nào.,,NHIỀU TÁC DỤNG · ĐỦ DỮ LIỆU,true,"Đưa vào bảng phẳng, dùng được ngay."
lược đồ dwh,true,fact_order_lines,discount_percent,số,đặc trưng,0.0,296.0,0.1,false,,0.0,0.4263,thông tin vừa,CẦN THIẾT,CÓ ĐƯỜNG TỚI,—,bảng `fact_order_lines` nối được về hạt; entropy: thông tin vừa,ĐỦ,—,Không vướng cổng nào.,,NHIỀU TÁC DỤNG · ĐỦ DỮ LIỆU,true,"Đưa vào bảng phẳng, dùng được ngay."
lược đồ dwh,true,fact_order_lines,chain_key,số,khoá ngoại — dùng như biến phân loại,45.26,21.0,0.013,false,0.0,0.0,0.3898,thông tin vừa,CẦN THIẾT,CÓ ĐƯỜNG TỚI,—,bảng `fact_order_lines` nối được về hạt; entropy: thông tin vừa,ĐỦ,—,Không vướng cổng nào.,BỎ,NHIỀU TÁC DỤNG · ĐỦ DỮ LIỆU,true,"Đưa vào bảng phẳng, dùng được ngay."
lược đồ dwh,true,fact_order_fulfillment,status_key,số,khoá ngoại — dùng như biến phân loại,0.0,8.0,0.003,false,,0.0,0.3845,thông tin vừa,CẦN THIẾT,CÓ ĐƯỜNG TỚI,—,bảng `fact_order_fulfillment` nối được về hạt; entropy: thông tin vừa,ĐỦ,—,Không vướng cổng nào.,,NHIỀU TÁC DỤNG · ĐỦ DỮ LIỆU,true,"Đưa vào bảng phẳng, dùng được ngay."
lược đồ dwh,false,dim_site_domains,site_domain_level,số,đặc trưng,0.0,5.0,3.65,false,,,0.3761,thông tin vừa,CẦN THIẾT,CÓ ĐƯỜNG TỚI,—,bảng `dim_site_domains` nối được về hạt; entropy: thông tin vừa,ĐỦ,—,Không vướng cổng nào.,DÙNG — mã hoá phân loại,NHIỀU TÁC DỤNG · ĐỦ DỮ LIỆU,true,"Đưa vào bảng phẳng, dùng được ngay."
lược đồ dwh,true,fact_order_lines,distributor_key,số,khoá ngoại — dùng như biến phân loại,0.0,27.0,0.009,false,0.0,0.0,0.3613,thông tin vừa,CẦN THIẾT,CÓ ĐƯỜNG TỚI,—,bảng `fact_order_lines` nối được về hạt; entropy: thông tin vừa,ĐỦ,—,Không vướng cổng nào.,,NHIỀU TÁC DỤNG · ĐỦ DỮ LIỆU,true,"Đưa vào bảng phẳng, dùng được ngay."
bảng phẳng,true,panel_mt,product_code,phân loại,đặc trưng,0.0,269.0,,false,,,0.3484,,CẦN THIẾT,CÓ ĐƯỜNG TỚI,—,bảng `panel_mt` nối được về hạt; entropy: chưa đo,ĐỦ,—,Không vướng cổng nào.,,NHIỀU TÁC DỤNG · ĐỦ DỮ LIỆU,true,"Đưa vào bảng phẳng, dùng được ngay."
bảng phẳng,true,panel_mt,product_name,phân loại,đặc trưng,0.0,269.0,,false,,,0.3484,,CẦN THIẾT,CÓ ĐƯỜNG TỚI,—,bảng `panel_mt` nối được về hạt; entropy: chưa đo,ĐỦ,—,Không vướng cổng nào.,DÙNG,NHIỀU TÁC DỤNG · ĐỦ DỮ LIỆU,true,"Đưa vào bảng phẳng, dùng được ngay."
lược đồ dwh,true,fact_order_lines,ora_order_no,phân loại,khoá ngoại — dùng như biến phân loại,78.365,27830.0,43.276,false,,0.0,0.3408,thông tin vừa,CẦN THIẾT,CÓ ĐƯỜNG TỚI,—,bảng `fact_order_lines` nối được về hạt; entropy: thông tin vừa,ĐỦ,—,Không vướng cổng nào.,,NHIỀU TÁC DỤNG · ĐỦ DỮ LIỆU,true,"Đưa vào bảng phẳng, dùng được ngay."
bảng phẳng,true,panel_mt,product_key,số,đặc trưng,0.0,269.0,,false,,,0.3385,,CẦN THIẾT,CÓ ĐƯỜNG TỚI,—,bảng `panel_mt` nối được về hạt; entropy: chưa đo,ĐỦ,—,Không vướng cổng nào.,,NHIỀU TÁC DỤNG · ĐỦ DỮ LIỆU,true,"Đưa vào bảng phẳng, dùng được ngay."
bảng phẳng,true,panel_mt,qty_per_carton,số,đặc trưng,0.003,185.0,,false,,,0.3321,,CẦN THIẾT,ĐO ĐƯỢC,—,6/8 thước đo xếp vào nửa trên,ĐỦ,—,Không vướng cổng nào.,DÙNG,NHIỀU TÁC DỤNG · ĐỦ DỮ LIỆU,true,"Đưa vào bảng phẳng, dùng được ngay."
lược đồ dwh,true,fact_inventory_lot_snapshot,category,phân loại,đặc trưng,13.223,28.0,0.011,false,,0.0,0.3243,thông tin vừa,CẦN THIẾT,CÓ ĐƯỜNG TỚI,—,bảng `fact_inventory_lot_snapshot` nối được về hạt; entropy: thông tin vừa,ĐỦ,—,Không vướng cổng nào.,,NHIỀU TÁC DỤNG · ĐỦ DỮ LIỆU,true,"Đưa vào bảng phẳng, dùng được ngay."
lược đồ dwh,true,fact_order_lines,vat_percent,số,đặc trưng,0.0,15.0,0.005,false,,0.0,0.3234,thông tin vừa,CẦN THIẾT,CÓ ĐƯỜNG TỚI,—,bảng `fact_order_lines` nối được về hạt; entropy: thông tin vừa,ĐỦ,—,Không vướng cổng nào.,,NHIỀU TÁC DỤNG · ĐỦ DỮ LIỆU,true,"Đưa vào bảng phẳng, dùng được ngay."
lược đồ dwh,false,dim_employees,power_level,số,đặc trưng,0.97,6.0,0.09,false,,,0.3219,thông tin vừa,CẦN THIẾT,CÓ ĐƯỜNG TỚI,—,bảng `dim_employees` nối được về hạt; entropy: thông tin vừa,ĐỦ,—,Không vướng cổng nào.,,NHIỀU TÁC DỤNG · ĐỦ DỮ LIỆU,true,"Đưa vào bảng phẳng, dùng được ngay."
lược đồ dwh,true,fact_order_lines,delivery_date_key,số,khoá ngoại — dùng như biến phân loại,65.969,486.0,0.48,false,,0.0,0.3186,thông tin vừa,CẦN THIẾT,CÓ ĐƯỜNG TỚI,—,bảng `fact_order_lines` nối được về hạt; entropy: thông tin vừa,ĐỦ,—,Không vướng cổng nào.,,NHIỀU TÁC DỤNG · ĐỦ DỮ LIỆU,true,"Đưa vào bảng phẳng, dùng được ngay."
lược đồ dwh,true,fact_delivery_details,accountant_name,phân loại,đặc trưng,54.463,22.0,0.016,false,,-1446.0,0.3062,thông tin vừa,CẦN THIẾT,CÓ ĐƯỜNG TỚI,—,bảng `fact_delivery_details` nối được về hạt; entropy: thông tin vừa,ĐỦ,—,Không vướng cổng nào.,,NHIỀU TÁC DỤNG · ĐỦ DỮ LIỆU,true,"Đưa vào bảng phẳng, dùng được ngay."
lược đồ dwh,false,dim_distributors,warehouse_key,số,khoá ngoại — dùng như biến phân loại,69.663,26.0,96.296,false,0.0,,0.3021,thông tin vừa,CẦN THIẾT,CÓ ĐƯỜNG TỚI,—,bảng `dim_distributors` nối được về hạt; entropy: thông tin vừa,ĐỦ,—,Không vướng cổng nào.,,NHIỀU TÁC DỤNG · ĐỦ DỮ LIỆU,true,"Đưa vào bảng phẳng, dùng được ngay."
lược đồ dwh,true,fact_order_lines,delivery_date_source,phân loại,đặc trưng,61.757,3.0,0.003,false,,0.0,0.2942,thông tin vừa,CẦN THIẾT,CÓ ĐƯỜNG TỚI,—,bảng `fact_order_lines` nối được về hạt; entropy: thông tin vừa,ĐỦ,—,Không vướng cổng nào.,,NHIỀU TÁC DỤNG · ĐỦ DỮ LIỆU,true,"Đưa vào bảng phẳng, dùng được ngay."
lược đồ dwh,true,fact_delivery_details,delivery_status,phân loại,đặc trưng,0.0,4.0,0.001,false,,-1446.0,0.2895,thông tin vừa,CẦN THIẾT,CÓ ĐƯỜNG TỚI,—,bảng `fact_delivery_details` nối được về hạt; entropy: thông tin vừa,ĐỦ,—,Không vướng cổng nào.,,NHIỀU TÁC DỤNG · ĐỦ DỮ LIỆU,true,"Đưa vào bảng phẳng, dùng được ngay."
lược đồ dwh,false,zz_archive_om_orphans_20260804,shipped_qty,số,đặc trưng,0.0,30.0,6.726,false,,,0.2868,thông tin vừa,CẦN THIẾT,ĐO ĐƯỢC,—,8/8 thước đo xếp vào nửa trên,ĐỦ,—,Không vướng cổng nào.,CHUYỂN THÀNH LAG,NHIỀU TÁC DỤNG · ĐỦ DỮ LIỆU,true,"Đưa vào bảng phẳng, dùng được ngay."
lược đồ dwh,false,dim_warehouses,dms_site_code,phân loại,khoá ngoại — dùng như biến phân loại,71.795,11.0,100.0,false,,,0.2821,thông tin vừa,CẦN THIẾT,CÓ ĐƯỜNG TỚI,—,bảng `dim_warehouses` nối được về hạt; entropy: thông tin vừa,ĐỦ,—,Không vướng cổng nào.,,NHIỀU TÁC DỤNG · ĐỦ DỮ LIỆU,true,"Đưa vào bảng phẳng, dùng được ngay."
lược đồ dwh,true,fact_order_lines,ar_doc_no,phân loại,khoá ngoại — dùng như biến phân loại,82.43,23127.0,44.283,false,,0.0,0.2789,thông tin vừa,CẦN THIẾT,CÓ ĐƯỜNG TỚI,—,bảng `fact_order_lines` nối được về hạt; entropy: thông tin vừa,ĐỦ,—,Không vướng cổng nào.,,NHIỀU TÁC DỤNG · ĐỦ DỮ LIỆU,true,"Đưa vào bảng phẳng, dùng được ngay."
lược đồ dwh,true,fact_order_lines,billing_address,phân loại,đặc trưng,81.933,7271.0,13.54,false,,0.0,0.2742,thông tin vừa,CẦN THIẾT,CÓ ĐƯỜNG TỚI,—,bảng `fact_order_lines` nối được về hạt; entropy: thông tin vừa,ĐỦ,—,Không vướng cổng nào.,,NHIỀU TÁC DỤNG · ĐỦ DỮ LIỆU,true,"Đưa vào bảng phẳng, dùng được ngay."
lược đồ dwh,true,fact_order_lines,shipping_address,phân loại,đặc trưng,81.936,7138.0,13.294,false,,0.0,0.2736,thông tin vừa,CẦN THIẾT,CÓ ĐƯỜNG TỚI,—,bảng `fact_order_lines` nối được về hạt; entropy: thông tin vừa,ĐỦ,—,Không vướng cổng nào.,,NHIỀU TÁC DỤNG · ĐỦ DỮ LIỆU,true,"Đưa vào bảng phẳng, dùng được ngay."
bảng phẳng,true,panel_mt,brand_id,phân loại,đặc trưng,0.0,66.0,,false,,,0.2724,,CẦN THIẾT,CÓ ĐƯỜNG TỚI,—,bảng `panel_mt` nối được về hạt; entropy: chưa đo,ĐỦ,—,Không vướng cổng nào.,DÙNG — mã hoá phân loại,NHIỀU TÁC DỤNG · ĐỦ DỮ LIỆU,true,"Đưa vào bảng phẳng, dùng được ngay."
lược đồ dwh,true,fact_order_lines,goods_receipt_no,phân loại,khoá ngoại — dùng như biến phân loại,82.714,22617.0,44.017,false,,0.0,0.2704,thông tin vừa,CẦN THIẾT,CÓ ĐƯỜNG TỚI,—,bảng `fact_order_lines` nối được về hạt; entropy: thông tin vừa,ĐỦ,—,Không vướng cổng nào.,,NHIỀU TÁC DỤNG · ĐỦ DỮ LIỆU,true,"Đưa vào bảng phẳng, dùng được ngay."
lược đồ dwh,true,fact_order_lines,warehouse_out_at,phân loại,thời gian — dẫn xuất đặc trưng,82.314,21139.0,40.212,false,,0.0,0.2694,thông tin vừa,CẦN THIẾT,CÓ ĐƯỜNG TỚI,—,bảng `fact_order_lines` nối được về hạt; entropy: thông tin vừa,ĐỦ,—,Không vướng cổng nào.,,NHIỀU TÁC DỤNG · ĐỦ DỮ LIỆU,true,"Đưa vào bảng phẳng, dùng được ngay."
lược đồ dwh,true,fact_inventory_lot_snapshot,g_department,phân loại,đặc trưng,13.223,9.0,0.003,false,,0.0,0.2536,thông tin vừa,CẦN THIẾT,CÓ ĐƯỜNG TỚI,—,bảng `fact_inventory_lot_snapshot` nối được về hạt; entropy: thông tin vừa,ĐỦ,—,Không vướng cổng nào.,,NHIỀU TÁC DỤNG · ĐỦ DỮ LIỆU,true,"Đưa vào bảng phẳng, dùng được ngay."
lược đồ dwh,true,fact_order_lines,invoice_no,phân loại,khoá ngoại — dùng như biến phân loại,83.571,21575.0,44.182,false,,0.0,0.2536,thông tin vừa,CẦN THIẾT,CÓ ĐƯỜNG TỚI,—,bảng `fact_order_lines` nối được về hạt; entropy: thông tin vừa,ĐỦ,—,Không vướng cổng nào.,,NHIỀU TÁC DỤNG · ĐỦ DỮ LIỆU,true,"Đưa vào bảng phẳng, dùng được ngay."
lược đồ dwh,true,fact_inventory_lot_snapshot,reservation_primary,số,đặc trưng,13.223,1004.0,0.383,false,,0.0,0.2516,thông tin vừa,CẦN THIẾT,CÓ ĐƯỜNG TỚI,—,bảng `fact_inventory_lot_snapshot` nối được về hạt; entropy: thông tin vừa,ĐỦ,—,Không vướng cổng nào.,,NHIỀU TÁC DỤNG · ĐỦ DỮ LIỆU,true,"Đưa vào bảng phẳng, dùng được ngay."
lược đồ dwh,true,fact_order_fulfillment,total_cancelled_revenue,số,đặc trưng,0.0,10189.0,3.394,false,,0.0,0.2508,thông tin vừa,CẦN THIẾT,CÓ ĐƯỜNG TỚI,—,bảng `fact_order_fulfillment` nối được về hạt; entropy: thông tin vừa,ĐỦ,—,Không vướng cổng nào.,,NHIỀU TÁC DỤNG · ĐỦ DỮ LIỆU,true,"Đưa vào bảng phẳng, dùng được ngay."
bảng phẳng,true,panel_mt,inv_total_amount,số,đặc trưng,11.849,39111.0,,false,,,0.2473,,CẦN THIẾT,ĐO ĐƯỢC,—,8/8 thước đo xếp vào nửa trên,ĐỦ,—,Không vướng cổng nào.,CHUYỂN THÀNH LAG,NHIỀU TÁC DỤNG · ĐỦ DỮ LIỆU,true,"Đưa vào bảng phẳng, dùng được ngay."
bảng phẳng,true,panel_mt,discount_excl_vat,số,đặc trưng,0.0,6187.0,,false,,,0.2463,,CẦN THIẾT,ĐO ĐƯỢC,—,4/8 thước đo xếp vào nửa trên,ĐỦ,—,Không vướng cổng nào.,CHUYỂN THÀNH LAG,NHIỀU TÁC DỤNG · ĐỦ DỮ LIỆU,true,"Đưa vào bảng phẳng, dùng được ngay."
bảng phẳng,true,panel_mt,inv_net_revenue,số,đặc trưng,11.849,39252.0,,false,,,0.2461,,CẦN THIẾT,ĐO ĐƯỢC,—,8/8 thước đo xếp vào nửa trên,ĐỦ,—,Không vướng cổng nào.,CHUYỂN THÀNH LAG,NHIỀU TÁC DỤNG · ĐỦ DỮ LIỆU,true,"Đưa vào bảng phẳng, dùng được ngay."
bảng phẳng,true,panel_mt,inv_vat,số,đặc trưng,11.849,37579.0,,false,,,0.2443,,CẦN THIẾT,ĐO ĐƯỢC,—,8/8 thước đo xếp vào nửa trên,ĐỦ,—,Không vướng cổng nào.,CHUYỂN THÀNH LAG,NHIỀU TÁC DỤNG · ĐỦ DỮ LIỆU,true,"Đưa vào bảng phẳng, dùng được ngay."
lược đồ dwh,true,fact_visits,distributor_id,số,khoá ngoại — dùng như biến phân loại,63.05,23.0,0.021,false,0.0,-3.0,0.2408,thông tin vừa,CẦN THIẾT,CÓ ĐƯỜNG TỚI,—,bảng `fact_visits` nối được về hạt; entropy: thông tin vừa,ĐỦ,—,Không vướng cổng nào.,,NHIỀU TÁC DỤNG · ĐỦ DỮ LIỆU,true,"Đưa vào bảng phẳng, dùng được ngay."
lược đồ dwh,true,fact_delivery_details,note_status,phân loại,đặc trưng,0.0,7.0,0.002,false,,-1446.0,0.2266,thông tin vừa,CẦN THIẾT,CÓ ĐƯỜNG TỚI,—,bảng `fact_delivery_details` nối được về hạt; entropy: thông tin vừa,ĐỦ,—,Không vướng cổng nào.,,NHIỀU TÁC DỤNG · ĐỦ DỮ LIỆU,true,"Đưa vào bảng phẳng, dùng được ngay."
lược đồ dwh,true,fact_inventory_daily_balances,export_quantity,số,đặc trưng,0.0,598.0,0.512,false,,0.0,0.2235,thông tin vừa,CẦN THIẾT,CÓ ĐƯỜNG TỚI,—,bảng `fact_inventory_daily_balances` nối được về hạt; entropy: thông tin vừa,ĐỦ,—,Không vướng cổng nào.,,NHIỀU TÁC DỤNG · ĐỦ DỮ LIỆU,true,"Đưa vào bảng phẳng, dùng được ngay."
lược đồ dwh,true,fact_inventory_lot_snapshot,reservation_package,số,đặc trưng,32.458,1260.0,0.618,false,,0.0,0.2151,thông tin vừa,CẦN THIẾT,CÓ ĐƯỜNG TỚI,—,bảng `fact_inventory_lot_snapshot` nối được về hạt; entropy: thông tin vừa,ĐỦ,—,Không vướng cổng nào.,,NHIỀU TÁC DỤNG · ĐỦ DỮ LIỆU,true,"Đưa vào bảng phẳng, dùng được ngay."
lược đồ dwh,false,dim_employees,user_level,phân loại,đặc trưng,0.97,7.0,0.106,false,,,0.2122,thông tin vừa,CẦN THIẾT,CÓ ĐƯỜNG TỚI,—,bảng `dim_employees` nối được về hạt; entropy: thông tin vừa,ĐỦ,—,Không vướng cổng nào.,,NHIỀU TÁC DỤNG · ĐỦ DỮ LIỆU,true,"Đưa vào bảng phẳng, dùng được ngay."
bảng phẳng,true,panel_mt,inv_discount,số,đặc trưng,11.849,31892.0,,false,,,0.2088,,CẦN THIẾT,ĐO ĐƯỢC,—,7/8 thước đo xếp vào nửa trên,ĐỦ,—,Không vướng cổng nào.,CHUYỂN THÀNH LAG,NHIỀU TÁC DỤNG · ĐỦ DỮ LIỆU,true,"Đưa vào bảng phẳng, dùng được ngay."
bảng phẳng,true,panel_mt,store_name,phân loại,đặc trưng,0.0,5293.0,,false,,,0.1984,,CẦN THIẾT,CÓ ĐƯỜNG TỚI,—,bảng `panel_mt` nối được về hạt; entropy: chưa đo,ĐỦ,—,Không vướng cổng nào.,DÙNG,NHIỀU TÁC DỤNG · ĐỦ DỮ LIỆU,true,"Đưa vào bảng phẳng, dùng được ngay."
bảng phẳng,true,panel_mt,store_code,phân loại,đặc trưng,0.0,5297.0,,false,,,0.1983,,CẦN THIẾT,CÓ ĐƯỜNG TỚI,—,bảng `panel_mt` nối được về hạt; entropy: chưa đo,ĐỦ,—,Không vướng cổng nào.,,NHIỀU TÁC DỤNG · ĐỦ DỮ LIỆU,true,"Đưa vào bảng phẳng, dùng được ngay."
bảng phẳng,true,panel_mt,site_number,phân loại,đặc trưng,0.0,5297.0,,false,,,0.1983,,CẦN THIẾT,CÓ ĐƯỜNG TỚI,—,bảng `panel_mt` nối được về hạt; entropy: chưa đo,ĐỦ,—,Không vướng cổng nào.,DÙNG,NHIỀU TÁC DỤNG · ĐỦ DỮ LIỆU,true,"Đưa vào bảng phẳng, dùng được ngay."
lược đồ dwh,true,fact_order_lines,cancelled_qty,số,đặc trưng,0.0,281.0,0.095,false,,0.0,0.1813,thông tin vừa,CẦN THIẾT,CÓ ĐƯỜNG TỚI,—,bảng `fact_order_lines` nối được về hạt; entropy: thông tin vừa,ĐỦ,—,Không vướng cổng nào.,,NHIỀU TÁC DỤNG · ĐỦ DỮ LIỆU,true,"Đưa vào bảng phẳng, dùng được ngay."
bảng phẳng,true,panel_mt,store_key,số,đặc trưng,0.0,5297.0,,false,,,0.1777,,CẦN THIẾT,CÓ ĐƯỜNG TỚI,—,bảng `panel_mt` nối được về hạt; entropy: chưa đo,ĐỦ,—,Không vướng cổng nào.,,NHIỀU TÁC DỤNG · ĐỦ DỮ LIỆU,true,"Đưa vào bảng phẳng, dùng được ngay."
bảng phẳng,true,panel_mt,promo_budget,số,đặc trưng,36.38,999.0,,false,,,0.1764,,CẦN THIẾT,ĐO ĐƯỢC,—,6/8 thước đo xếp vào nửa trên,ĐỦ,—,Không vướng cổng nào.,DÙNG,NHIỀU TÁC DỤNG · ĐỦ DỮ LIỆU,true,"Đưa vào bảng phẳng, dùng được ngay."
bảng phẳng,true,panel_mt,promo_day_weighted_discount_pct,số,đặc trưng,41.547,524.0,,false,,,0.1714,,CẦN THIẾT,ĐO ĐƯỢC,—,7/8 thước đo xếp vào nửa trên,ĐỦ,—,Không vướng cổng nào.,DÙNG,NHIỀU TÁC DỤNG · ĐỦ DỮ LIỆU,true,"Đưa vào bảng phẳng, dùng được ngay."
lược đồ dwh,true,fact_order_lines,order_line_type,phân loại,đặc trưng,61.666,6.0,0.005,false,,0.0,0.1627,thông tin vừa,CẦN THIẾT,CÓ ĐƯỜNG TỚI,—,bảng `fact_order_lines` nối được về hạt; entropy: thông tin vừa,ĐỦ,—,Không vướng cổng nào.,,NHIỀU TÁC DỤNG · ĐỦ DỮ LIỆU,true,"Đưa vào bảng phẳng, dùng được ngay."
lược đồ dwh,false,dim_stores,phone_number,phân loại,đặc trưng,85.957,12033.0,28.431,false,,,0.1622,thông tin vừa,CẦN THIẾT,CÓ ĐƯỜNG TỚI,—,bảng `dim_stores` nối được về hạt; entropy: thông tin vừa,ĐỦ,—,Không vướng cổng nào.,,NHIỀU TÁC DỤNG · ĐỦ DỮ LIỆU,true,"Đưa vào bảng phẳng, dùng được ngay."
bảng phẳng,true,panel_mt,store_brand_code,phân loại,đặc trưng,0.035,34.0,,false,,,0.162,,CẦN THIẾT,CÓ ĐƯỜNG TỚI,—,bảng `panel_mt` nối được về hạt; entropy: chưa đo,ĐỦ,—,Không vướng cổng nào.,DÙNG,NHIỀU TÁC DỤNG · ĐỦ DỮ LIỆU,true,"Đưa vào bảng phẳng, dùng được ngay."
lược đồ dwh,true,fact_inventory_lot_snapshot,package_uom,phân loại,đặc trưng,13.223,10.0,0.004,false,,0.0,0.1561,thông tin vừa,CẦN THIẾT,CÓ ĐƯỜNG TỚI,—,bảng `fact_inventory_lot_snapshot` nối được về hạt; entropy: thông tin vừa,ĐỦ,—,Không vướng cổng nào.,,NHIỀU TÁC DỤNG · ĐỦ DỮ LIỆU,true,"Đưa vào bảng phẳng, dùng được ngay."
bảng phẳng,true,panel_mt,inv_delivered_revenue,số,đặc trưng,11.849,20945.0,,false,,,0.1519,,CẦN THIẾT,ĐO ĐƯỢC,—,7/8 thước đo xếp vào nửa trên,ĐỦ,—,Không vướng cổng nào.,CHUYỂN THÀNH LAG,NHIỀU TÁC DỤNG · ĐỦ DỮ LIỆU,true,"Đưa vào bảng phẳng, dùng được ngay."
bảng phẳng,true,panel_mt,category_id,phân loại,đặc trưng,0.0,28.0,,false,,,0.1491,,CẦN THIẾT,CÓ ĐƯỜNG TỚI,—,bảng `panel_mt` nối được về hạt; entropy: chưa đo,ĐỦ,—,Không vướng cổng nào.,DÙNG — mã hoá phân loại,NHIỀU TÁC DỤNG · ĐỦ DỮ LIỆU,true,"Đưa vào bảng phẳng, dùng được ngay."
bảng phẳng,true,panel_mt,category_code,phân loại,đặc trưng,0.0,28.0,,false,,,0.1478,,CẦN THIẾT,CÓ ĐƯỜNG TỚI,—,bảng `panel_mt` nối được về hạt; entropy: chưa đo,ĐỦ,—,Không vướng cổng nào.,DÙNG,NHIỀU TÁC DỤNG · ĐỦ DỮ LIỆU,true,"Đưa vào bảng phẳng, dùng được ngay."
bảng phẳng,true,panel_mt,store_system,phân loại,đặc trưng,0.0,33.0,,false,,,0.1345,,CẦN THIẾT,CÓ ĐƯỜNG TỚI,—,bảng `panel_mt` nối được về hạt; entropy: chưa đo,ĐỦ,—,Không vướng cổng nào.,DÙNG,NHIỀU TÁC DỤNG · ĐỦ DỮ LIỆU,true,"Đưa vào bảng phẳng, dùng được ngay."
bảng phẳng,true,panel_mt,inv_item_count,số,đặc trưng,11.849,479.0,,false,,,0.1288,,CẦN THIẾT,ĐO ĐƯỢC,—,8/8 thước đo xếp vào nửa trên,ĐỦ,—,Không vướng cổng nào.,CHUYỂN THÀNH LAG,NHIỀU TÁC DỤNG · ĐỦ DỮ LIỆU,true,"Đưa vào bảng phẳng, dùng được ngay."
bảng phẳng,true,panel_mt,avg_tmax,số,đặc trưng,0.088,962.0,,false,,,0.1067,,CẦN THIẾT,ĐO ĐƯỢC,—,3/8 thước đo xếp vào nửa trên,ĐỦ,—,Không vướng cổng nào.,DÙNG,NHIỀU TÁC DỤNG · ĐỦ DỮ LIỆU,true,"Đưa vào bảng phẳng, dùng được ngay."
bảng phẳng,true,panel_mt,avg_tmin,số,đặc trưng,0.088,972.0,,false,,,0.1055,,CẦN THIẾT,ĐO ĐƯỢC,—,4/8 thước đo xếp vào nửa trên,ĐỦ,—,Không vướng cổng nào.,DÙNG,NHIỀU TÁC DỤNG · ĐỦ DỮ LIỆU,true,"Đưa vào bảng phẳng, dùng được ngay."
bảng phẳng,true,panel_mt,total_rainfall,số,đặc trưng,0.088,949.0,,false,,,0.0998,,CẦN THIẾT,ĐO ĐƯỢC,—,3/8 thước đo xếp vào nửa trên,ĐỦ,—,Không vướng cổng nào.,DÙNG,NHIỀU TÁC DỤNG · ĐỦ DỮ LIỆU,true,"Đưa vào bảng phẳng, dùng được ngay."
bảng phẳng,true,panel_mt,uom,phân loại,đặc trưng,0.003,12.0,,false,,,0.0992,,CẦN THIẾT,CÓ ĐƯỜNG TỚI,—,bảng `panel_mt` nối được về hạt; entropy: chưa đo,ĐỦ,—,Không vướng cổng nào.,DÙNG,NHIỀU TÁC DỤNG · ĐỦ DỮ LIỆU,true,"Đưa vào bảng phẳng, dùng được ngay."
bảng phẳng,true,panel_mt,promo_day_ratio,số,đặc trưng,0.521,82.0,,false,,,0.0942,,CẦN THIẾT,ĐO ĐƯỢC,—,6/8 thước đo xếp vào nửa trên,ĐỦ,—,Không vướng cổng nào.,DÙNG,NHIỀU TÁC DỤNG · ĐỦ DỮ LIỆU,true,"Đưa vào bảng phẳng, dùng được ngay."
bảng phẳng,true,panel_mt,inv_line_count,số,đặc trưng,11.849,60.0,,false,,,0.0909,,CẦN THIẾT,ĐO ĐƯỢC,—,6/8 thước đo xếp vào nửa trên,ĐỦ,—,Không vướng cổng nào.,CHUYỂN THÀNH LAG,NHIỀU TÁC DỤNG · ĐỦ DỮ LIỆU,true,"Đưa vào bảng phẳng, dùng được ngay."
bảng phẳng,true,panel_mt,inv_order_count,số,đặc trưng,11.849,60.0,,false,,,0.0907,,CẦN THIẾT,ĐO ĐƯỢC,—,7/8 thước đo xếp vào nửa trên,ĐỦ,—,Không vướng cổng nào.,CHUYỂN THÀNH LAG,NHIỀU TÁC DỤNG · ĐỦ DỮ LIỆU,true,"Đưa vào bảng phẳng, dùng được ngay."
bảng phẳng,true,panel_mt,pjp_route,phân loại,đặc trưng,4.095,102.0,,false,,,0.0792,,CẦN THIẾT,CÓ ĐƯỜNG TỚI,—,bảng `panel_mt` nối được về hạt; entropy: chưa đo,ĐỦ,—,Không vướng cổng nào.,DÙNG,NHIỀU TÁC DỤNG · ĐỦ DỮ LIỆU,true,"Đưa vào bảng phẳng, dùng được ngay."
bảng phẳng,true,panel_mt,canceled_qty,số,đặc trưng,0.0,491.0,,false,,,0.0673,,CẦN THIẾT,ĐO ĐƯỢC,—,6/8 thước đo xếp vào nửa trên,ĐỦ,—,Không vướng cổng nào.,CHUYỂN THÀNH LAG,NHIỀU TÁC DỤNG · ĐỦ DỮ LIỆU,true,"Đưa vào bảng phẳng, dùng được ngay."
bảng phẳng,true,panel_mt,ym,số,đặc trưng,0.0,16.0,,false,,,0.0642,,CẦN THIẾT,CÓ ĐƯỜNG TỚI,—,bảng `panel_mt` nối được về hạt; entropy: chưa đo,ĐỦ,—,Không vướng cổng nào.,,NHIỀU TÁC DỤNG · ĐỦ DỮ LIỆU,true,"Đưa vào bảng phẳng, dùng được ngay."
bảng phẳng,true,panel_mt,supplier_id,số,đặc trưng,0.003,17.0,,false,,,0.0581,,CẦN THIẾT,CÓ ĐƯỜNG TỚI,—,bảng `panel_mt` nối được về hạt; entropy: chưa đo,ĐỦ,—,Không vướng cổng nào.,DÙNG — mã hoá phân loại,NHIỀU TÁC DỤNG · ĐỦ DỮ LIỆU,true,"Đưa vào bảng phẳng, dùng được ngay."
bảng phẳng,true,panel_mt,free_line_count,số,đặc trưng,0.0,30.0,,false,,,0.0573,,CẦN THIẾT,ĐO ĐƯỢC,—,3/8 thước đo xếp vào nửa trên,ĐỦ,—,Không vướng cổng nào.,CHUYỂN THÀNH LAG,NHIỀU TÁC DỤNG · ĐỦ DỮ LIỆU,true,"Đưa vào bảng phẳng, dùng được ngay."
bảng phẳng,true,panel_mt,route_rep_id,số,đặc trưng,4.095,75.0,,false,,,0.0563,,CẦN THIẾT,CÓ ĐƯỜNG TỚI,—,bảng `panel_mt` nối được về hạt; entropy: chưa đo,ĐỦ,—,Không vướng cổng nào.,DÙNG — mã hoá phân loại,NHIỀU TÁC DỤNG · ĐỦ DỮ LIỆU,true,"Đưa vào bảng phẳng, dùng được ngay."
bảng phẳng,true,panel_mt,channel_name,phân loại,đặc trưng,0.0,6.0,,false,,,0.0479,,CẦN THIẾT,CÓ ĐƯỜNG TỚI,—,bảng `panel_mt` nối được về hạt; entropy: chưa đo,ĐỦ,—,Không vướng cổng nào.,DÙNG,NHIỀU TÁC DỤNG · ĐỦ DỮ LIỆU,true,"Đưa vào bảng phẳng, dùng được ngay."
bảng phẳng,true,panel_mt,channel_code,phân loại,đặc trưng,0.0,6.0,,false,,,0.0478,,CẦN THIẾT,CÓ ĐƯỜNG TỚI,—,bảng `panel_mt` nối được về hạt; entropy: chưa đo,ĐỦ,—,Không vướng cổng nào.,DÙNG,NHIỀU TÁC DỤNG · ĐỦ DỮ LIỆU,true,"Đưa vào bảng phẳng, dùng được ngay."
bảng phẳng,true,panel_mt,city_name,phân loại,đặc trưng,0.0,63.0,,false,,,0.0388,,CẦN THIẾT,CÓ ĐƯỜNG TỚI,—,bảng `panel_mt` nối được về hạt; entropy: chưa đo,ĐỦ,—,Không vướng cổng nào.,DÙNG,NHIỀU TÁC DỤNG · ĐỦ DỮ LIỆU,true,"Đưa vào bảng phẳng, dùng được ngay."
bảng phẳng,true,panel_mt,site_domain_path,phân loại,đặc trưng,0.0,63.0,,false,,,0.0388,,CẦN THIẾT,CÓ ĐƯỜNG TỚI,—,bảng `panel_mt` nối được về hạt; entropy: chưa đo,ĐỦ,—,Không vướng cổng nào.,DÙNG,NHIỀU TÁC DỤNG · ĐỦ DỮ LIỆU,true,"Đưa vào bảng phẳng, dùng được ngay."
bảng phẳng,true,panel_mt,serving_warehouse_key,số,đặc trưng,0.0,7.0,,false,,,0.0255,,CẦN THIẾT,CÓ ĐƯỜNG TỚI,—,bảng `panel_mt` nối được về hạt; entropy: chưa đo,ĐỦ,—,Không vướng cổng nào.,DÙNG — mã hoá phân loại,NHIỀU TÁC DỤNG · ĐỦ DỮ LIỆU,true,"Đưa vào bảng phẳng, dùng được ngay."
bảng phẳng,true,panel_mt,promo_count,số,đặc trưng,0.521,9.0,,false,,,0.0227,,CẦN THIẾT,ĐO ĐƯỢC,—,6/8 thước đo xếp vào nửa trên,ĐỦ,—,Không vướng cổng nào.,DÙNG,NHIỀU TÁC DỤNG · ĐỦ DỮ LIỆU,true,"Đưa vào bảng phẳng, dùng được ngay."
bảng phẳng,true,panel_mt,flag_promo_regime,phân loại,đặc trưng,0.0,2.0,,false,,,0.0163,,CẦN THIẾT,CÓ ĐƯỜNG TỚI,—,bảng `panel_mt` nối được về hạt; entropy: chưa đo,ĐỦ,—,Không vướng cổng nào.,,NHIỀU TÁC DỤNG · ĐỦ DỮ LIỆU,true,"Đưa vào bảng phẳng, dùng được ngay."
bảng phẳng,true,panel_mt,freezer_capacity,phân loại,đặc trưng,47.568,13.0,,false,,,0.0142,,CẦN THIẾT,CÓ ĐƯỜNG TỚI,—,bảng `panel_mt` nối được về hạt; entropy: chưa đo,ĐỦ,—,Không vướng cổng nào.,DÙNG,NHIỀU TÁC DỤNG · ĐỦ DỮ LIỆU,true,"Đưa vào bảng phẳng, dùng được ngay."
bảng phẳng,true,panel_mt,promo_allocation_level,phân loại,đặc trưng,36.437,4.0,,false,,,0.0131,,CẦN THIẾT,CÓ ĐƯỜNG TỚI,—,bảng `panel_mt` nối được về hạt; entropy: chưa đo,ĐỦ,—,Không vướng cổng nào.,DÙNG,NHIỀU TÁC DỤNG · ĐỦ DỮ LIỆU,true,"Đưa vào bảng phẳng, dùng được ngay."
bảng phẳng,true,panel_mt,has_visit_data,số,đặc trưng,0.0,2.0,,false,,,0.0118,,CẦN THIẾT,ĐO ĐƯỢC,—,5/8 thước đo xếp vào nửa trên,ĐỦ,—,Không vướng cổng nào.,CHUYỂN THÀNH LAG,NHIỀU TÁC DỤNG · ĐỦ DỮ LIỆU,true,"Đưa vào bảng phẳng, dùng được ngay."
bảng phẳng,true,panel_mt,flag_suspect_month,số,đặc trưng,0.0,2.0,,false,,,0.0058,,CẦN THIẾT,CÓ ĐƯỜNG TỚI,—,bảng `panel_mt` nối được về hạt; entropy: chưa đo,ĐỦ,—,Không vướng cổng nào.,,NHIỀU TÁC DỤNG · ĐỦ DỮ LIỆU,true,"Đưa vào bảng phẳng, dùng được ngay."
bảng phẳng,true,panel_mt,stock_source,phân loại,đặc trưng,84.373,2.0,,false,,,0.0049,,CẦN THIẾT,CÓ ĐƯỜNG TỚI,—,bảng `panel_mt` nối được về hạt; entropy: chưa đo,ĐỦ,—,Không vướng cổng nào.,CHUYỂN THÀNH LAG,NHIỀU TÁC DỤNG · ĐỦ DỮ LIỆU,true,"Đưa vào bảng phẳng, dùng được ngay."
bảng phẳng,true,panel_mt,site_domain_level,số,đặc trưng,0.0,2.0,,false,,,0.0026,,CẦN THIẾT,CÓ ĐƯỜNG TỚI,—,bảng `panel_mt` nối được về hạt; entropy: chưa đo,ĐỦ,—,Không vướng cổng nào.,DÙNG — mã hoá phân loại,NHIỀU TÁC DỤNG · ĐỦ DỮ LIỆU,true,"Đưa vào bảng phẳng, dùng được ngay."
bảng phẳng,true,panel_mt,sales_qty,số,đặc trưng,0.0,1823.0,,false,,,,,CẦN THIẾT,CÓ ĐƯỜNG TỚI,—,bảng `panel_mt` nối được về hạt; entropy: chưa đo,ĐỦ,—,Không vướng cổng nào.,,NHIỀU TÁC DỤNG · ĐỦ DỮ LIỆU,true,"Đưa vào bảng phẳng, dùng được ngay."
file CTKM người dùng nạp,true,ctkm_dong,source,phân loại,đặc trưng,0.0,2.0,0.031,false,,,,,CẦN THIẾT,CÓ ĐƯỜNG TỚI,—,bảng `ctkm_dong` nối được về hạt; entropy: chưa đo,ĐỦ,—,Không vướng cổng nào.,,NHIỀU TÁC DỤNG · ĐỦ DỮ LIỆU,true,"Đưa vào bảng phẳng, dùng được ngay."
file CTKM người dùng nạp,true,ctkm_dong,source_label,phân loại,đặc trưng,0.0,2.0,0.031,false,,,,,CẦN THIẾT,CÓ ĐƯỜNG TỚI,—,bảng `ctkm_dong` nối được về hạt; entropy: chưa đo,ĐỦ,—,Không vướng cổng nào.,,NHIỀU TÁC DỤNG · ĐỦ DỮ LIỆU,true,"Đưa vào bảng phẳng, dùng được ngay."
file CTKM người dùng nạp,true,ctkm_dong,source_sheet,phân loại,đặc trưng,0.0,2.0,0.031,false,,,,,CẦN THIẾT,CÓ ĐƯỜNG TỚI,—,bảng `ctkm_dong` nối được về hạt; entropy: chưa đo,ĐỦ,—,Không vướng cổng nào.,,NHIỀU TÁC DỤNG · ĐỦ DỮ LIỆU,true,"Đưa vào bảng phẳng, dùng được ngay."
file CTKM người dùng nạp,true,ctkm_dong,source_row,số,đặc trưng,0.0,3586.0,56.313,false,,,,,CẦN THIẾT,CÓ ĐƯỜNG TỚI,—,bảng `ctkm_dong` nối được về hạt; entropy: chưa đo,ĐỦ,—,Không vướng cổng nào.,,NHIỀU TÁC DỤNG · ĐỦ DỮ LIỆU,true,"Đưa vào bảng phẳng, dùng được ngay."
file CTKM người dùng nạp,true,ctkm_dong,programme_code,phân loại,đặc trưng,4.13,1292.0,20.289,false,,,,,CẦN THIẾT,CÓ ĐƯỜNG TỚI,—,bảng `ctkm_dong` nối được về hạt; entropy: chưa đo,ĐỦ,—,Không vướng cổng nào.,,NHIỀU TÁC DỤNG · ĐỦ DỮ LIỆU,true,"Đưa vào bảng phẳng, dùng được ngay."
file CTKM người dùng nạp,true,ctkm_dong,orc_code,phân loại,đặc trưng,65.468,490.0,7.695,false,,,,,CẦN THIẾT,CÓ ĐƯỜNG TỚI,—,bảng `ctkm_dong` nối được về hạt; entropy: chưa đo,ĐỦ,—,Không vướng cổng nào.,,NHIỀU TÁC DỤNG · ĐỦ DỮ LIỆU,true,"Đưa vào bảng phẳng, dùng được ngay."
file CTKM người dùng nạp,true,ctkm_dong,orc_type,phân loại,đặc trưng,65.468,4.0,0.063,false,,,,,CẦN THIẾT,CÓ ĐƯỜNG TỚI,—,bảng `ctkm_dong` nối được về hạt; entropy: chưa đo,ĐỦ,—,Không vướng cổng nào.,,NHIỀU TÁC DỤNG · ĐỦ DỮ LIỆU,true,"Đưa vào bảng phẳng, dùng được ngay."
file CTKM người dùng nạp,true,ctkm_dong,orc_period,số,đặc trưng,65.468,20.0,0.314,false,,,,,CẦN THIẾT,CÓ ĐƯỜNG TỚI,—,bảng `ctkm_dong` nối được về hạt; entropy: chưa đo,ĐỦ,—,Không vướng cổng nào.,,NHIỀU TÁC DỤNG · ĐỦ DỮ LIỆU,true,"Đưa vào bảng phẳng, dùng được ngay."
file CTKM người dùng nạp,true,ctkm_dong,programme_name,phân loại,đặc trưng,38.662,803.0,12.61,false,,,,,CẦN THIẾT,CÓ ĐƯỜNG TỚI,—,bảng `ctkm_dong` nối được về hạt; entropy: chưa đo,ĐỦ,—,Không vướng cổng nào.,,NHIỀU TÁC DỤNG · ĐỦ DỮ LIỆU,true,"Đưa vào bảng phẳng, dùng được ngay."
file CTKM người dùng nạp,true,ctkm_dong,description,phân loại,đặc trưng,0.047,744.0,11.683,false,,,,,CẦN THIẾT,CÓ ĐƯỜNG TỚI,—,bảng `ctkm_dong` nối được về hạt; entropy: chưa đo,ĐỦ,—,Không vướng cổng nào.,,NHIỀU TÁC DỤNG · ĐỦ DỮ LIỆU,true,"Đưa vào bảng phẳng, dùng được ngay."
file CTKM người dùng nạp,true,ctkm_dong,channel,phân loại,đặc trưng,31.062,5.0,0.079,false,,,,,CẦN THIẾT,CÓ ĐƯỜNG TỚI,—,bảng `ctkm_dong` nối được về hạt; entropy: chưa đo,ĐỦ,—,Không vướng cổng nào.,,NHIỀU TÁC DỤNG · ĐỦ DỮ LIỆU,true,"Đưa vào bảng phẳng, dùng được ngay."
file CTKM người dùng nạp,true,ctkm_dong,type_scheme,phân loại,đặc trưng,38.709,4.0,0.063,false,,,,,CẦN THIẾT,CÓ ĐƯỜNG TỚI,—,bảng `ctkm_dong` nối được về hạt; entropy: chưa đo,ĐỦ,—,Không vướng cổng nào.,,NHIỀU TÁC DỤNG · ĐỦ DỮ LIỆU,true,"Đưa vào bảng phẳng, dùng được ngay."
file CTKM người dùng nạp,true,ctkm_dong,scope_raw,phân loại,đặc trưng,0.0,102.0,1.602,false,,,,,CẦN THIẾT,CÓ ĐƯỜNG TỚI,—,bảng `ctkm_dong` nối được về hạt; entropy: chưa đo,ĐỦ,—,Không vướng cổng nào.,,NHIỀU TÁC DỤNG · ĐỦ DỮ LIỆU,true,"Đưa vào bảng phẳng, dùng được ngay."
file CTKM người dùng nạp,true,ctkm_dong,scope_normalised,phân loại,đặc trưng,0.0,133.0,2.089,false,,,,,CẦN THIẾT,CÓ ĐƯỜNG TỚI,—,bảng `ctkm_dong` nối được về hạt; entropy: chưa đo,ĐỦ,—,Không vướng cổng nào.,,NHIỀU TÁC DỤNG · ĐỦ DỮ LIỆU,true,"Đưa vào bảng phẳng, dùng được ngay."
file CTKM người dùng nạp,true,ctkm_dong,chain_code,phân loại,đặc trưng,5.402,30.0,0.471,false,,,,,CẦN THIẾT,CÓ ĐƯỜNG TỚI,—,bảng `ctkm_dong` nối được về hạt; entropy: chưa đo,ĐỦ,—,Không vướng cổng nào.,,NHIỀU TÁC DỤNG · ĐỦ DỮ LIỆU,true,"Đưa vào bảng phẳng, dùng được ngay."
file CTKM người dùng nạp,true,ctkm_dong,allocation_level,phân loại,đặc trưng,0.0,4.0,0.063,false,,,,,CẦN THIẾT,CÓ ĐƯỜNG TỚI,—,bảng `ctkm_dong` nối được về hạt; entropy: chưa đo,ĐỦ,—,Không vướng cổng nào.,,NHIỀU TÁC DỤNG · ĐỦ DỮ LIỆU,true,"Đưa vào bảng phẳng, dùng được ngay."
file CTKM người dùng nạp,true,ctkm_dong,mechanic_raw,phân loại,đặc trưng,0.126,17.0,0.267,false,,,,,CẦN THIẾT,CÓ ĐƯỜNG TỚI,—,bảng `ctkm_dong` nối được về hạt; entropy: chưa đo,ĐỦ,—,Không vướng cổng nào.,,NHIỀU TÁC DỤNG · ĐỦ DỮ LIỆU,true,"Đưa vào bảng phẳng, dùng được ngay."
file CTKM người dùng nạp,true,ctkm_dong,mechanic_code,phân loại,đặc trưng,0.126,10.0,0.157,false,,,,,CẦN THIẾT,CÓ ĐƯỜNG TỚI,—,bảng `ctkm_dong` nối được về hạt; entropy: chưa đo,ĐỦ,—,Không vướng cổng nào.,,NHIỀU TÁC DỤNG · ĐỦ DỮ LIỆU,true,"Đưa vào bảng phẳng, dùng được ngay."
file CTKM người dùng nạp,true,ctkm_dong,mechanic_group,phân loại,đặc trưng,0.126,6.0,0.094,false,,,,,CẦN THIẾT,CÓ ĐƯỜNG TỚI,—,bảng `ctkm_dong` nối được về hạt; entropy: chưa đo,ĐỦ,—,Không vướng cổng nào.,,NHIỀU TÁC DỤNG · ĐỦ DỮ LIỆU,true,"Đưa vào bảng phẳng, dùng được ngay."
file CTKM người dùng nạp,true,ctkm_dong,structure_raw,phân loại,đặc trưng,61.385,75.0,1.178,false,,,,,CẦN THIẾT,CÓ ĐƯỜNG TỚI,—,bảng `ctkm_dong` nối được về hạt; entropy: chưa đo,ĐỦ,—,Không vướng cổng nào.,,NHIỀU TÁC DỤNG · ĐỦ DỮ LIỆU,true,"Đưa vào bảng phẳng, dùng được ngay."
file CTKM người dùng nạp,true,ctkm_dong,buy_qty,số,đặc trưng,87.123,15.0,0.236,false,,,,,CẦN THIẾT,CÓ ĐƯỜNG TỚI,—,bảng `ctkm_dong` nối được về hạt; entropy: chưa đo,ĐỦ,—,Không vướng cổng nào.,,NHIỀU TÁC DỤNG · ĐỦ DỮ LIỆU,true,"Đưa vào bảng phẳng, dùng được ngay."
file CTKM người dùng nạp,true,ctkm_dong,get_qty,số,đặc trưng,87.123,12.0,0.188,false,,,,,CẦN THIẾT,CÓ ĐƯỜNG TỚI,—,bảng `ctkm_dong` nối được về hạt; entropy: chưa đo,ĐỦ,—,Không vướng cổng nào.,,NHIỀU TÁC DỤNG · ĐỦ DỮ LIỆU,true,"Đưa vào bảng phẳng, dùng được ngay."
file CTKM người dùng nạp,true,ctkm_dong,discount_pct,số,đặc trưng,18.075,238.0,3.737,false,,,,,CẦN THIẾT,CÓ ĐƯỜNG TỚI,—,bảng `ctkm_dong` nối được về hạt; entropy: chưa đo,ĐỦ,—,Không vướng cổng nào.,,NHIỀU TÁC DỤNG · ĐỦ DỮ LIỆU,true,"Đưa vào bảng phẳng, dùng được ngay."
file CTKM người dùng nạp,true,ctkm_dong,list_price,số,đặc trưng,54.397,28.0,0.44,false,,,,,CẦN THIẾT,CÓ ĐƯỜNG TỚI,—,bảng `ctkm_dong` nối được về hạt; entropy: chưa đo,ĐỦ,—,Không vướng cổng nào.,,NHIỀU TÁC DỤNG · ĐỦ DỮ LIỆU,true,"Đưa vào bảng phẳng, dùng được ngay."
file CTKM người dùng nạp,true,ctkm_dong,gift_code,phân loại,đặc trưng,82.145,219.0,3.439,false,,,,,CẦN THIẾT,CÓ ĐƯỜNG TỚI,—,bảng `ctkm_dong` nối được về hạt; entropy: chưa đo,ĐỦ,—,Không vướng cổng nào.,,NHIỀU TÁC DỤNG · ĐỦ DỮ LIỆU,true,"Đưa vào bảng phẳng, dùng được ngay."
file CTKM người dùng nạp,true,ctkm_dong,gift_name,phân loại,đặc trưng,83.747,169.0,2.654,false,,,,,CẦN THIẾT,CÓ ĐƯỜNG TỚI,—,bảng `ctkm_dong` nối được về hạt; entropy: chưa đo,ĐỦ,—,Không vướng cổng nào.,,NHIỀU TÁC DỤNG · ĐỦ DỮ LIỆU,true,"Đưa vào bảng phẳng, dùng được ngay."
file CTKM người dùng nạp,true,ctkm_dong,product_code_raw,phân loại,đặc trưng,5.481,204.0,3.204,false,,,,,CẦN THIẾT,CÓ ĐƯỜNG TỚI,—,bảng `ctkm_dong` nối được về hạt; entropy: chưa đo,ĐỦ,—,Không vướng cổng nào.,,NHIỀU TÁC DỤNG · ĐỦ DỮ LIỆU,true,"Đưa vào bảng phẳng, dùng được ngay."
file CTKM người dùng nạp,true,ctkm_dong,product_code,phân loại,đặc trưng,7.019,196.0,3.078,false,,,,,CẦN THIẾT,CÓ ĐƯỜNG TỚI,—,bảng `ctkm_dong` nối được về hạt; entropy: chưa đo,ĐỦ,—,Không vướng cổng nào.,,NHIỀU TÁC DỤNG · ĐỦ DỮ LIỆU,true,"Đưa vào bảng phẳng, dùng được ngay."
file CTKM người dùng nạp,true,ctkm_dong,barcode,phân loại,đặc trưng,61.888,144.0,2.261,false,,,,,CẦN THIẾT,CÓ ĐƯỜNG TỚI,—,bảng `ctkm_dong` nối được về hạt; entropy: chưa đo,ĐỦ,—,Không vướng cổng nào.,,NHIỀU TÁC DỤNG · ĐỦ DỮ LIỆU,true,"Đưa vào bảng phẳng, dùng được ngay."
file CTKM người dùng nạp,true,ctkm_dong,product_name,phân loại,đặc trưng,4.428,354.0,5.559,false,,,,,CẦN THIẾT,CÓ ĐƯỜNG TỚI,—,bảng `ctkm_dong` nối được về hạt; entropy: chưa đo,ĐỦ,—,Không vướng cổng nào.,DÙNG,NHIỀU TÁC DỤNG · ĐỦ DỮ LIỆU,true,"Đưa vào bảng phẳng, dùng được ngay."
file CTKM người dùng nạp,true,ctkm_dong,brand,phân loại,đặc trưng,39.133,52.0,0.817,false,,,,,CẦN THIẾT,CÓ ĐƯỜNG TỚI,—,bảng `ctkm_dong` nối được về hạt; entropy: chưa đo,ĐỦ,—,Không vướng cổng nào.,,NHIỀU TÁC DỤNG · ĐỦ DỮ LIỆU,true,"Đưa vào bảng phẳng, dùng được ngay."
file CTKM người dùng nạp,true,ctkm_dong,sub_brand,phân loại,đặc trưng,40.248,65.0,1.021,false,,,,,CẦN THIẾT,CÓ ĐƯỜNG TỚI,—,bảng `ctkm_dong` nối được về hạt; entropy: chưa đo,ĐỦ,—,Không vướng cổng nào.,BỎ,NHIỀU TÁC DỤNG · ĐỦ DỮ LIỆU,true,"Đưa vào bảng phẳng, dùng được ngay."
file CTKM người dùng nạp,true,ctkm_dong,category_name,phân loại,đặc trưng,86.872,17.0,0.267,false,,,,,CẦN THIẾT,CÓ ĐƯỜNG TỚI,—,bảng `ctkm_dong` nối được về hạt; entropy: chưa đo,ĐỦ,—,Không vướng cổng nào.,,NHIỀU TÁC DỤNG · ĐỦ DỮ LIỆU,true,"Đưa vào bảng phẳng, dùng được ngay."
file CTKM người dùng nạp,true,ctkm_dong,budget,số,đặc trưng,38.882,644.0,10.113,false,,,,,CẦN THIẾT,CÓ ĐƯỜNG TỚI,—,bảng `ctkm_dong` nối được về hạt; entropy: chưa đo,ĐỦ,—,Không vướng cổng nào.,,NHIỀU TÁC DỤNG · ĐỦ DỮ LIỆU,true,"Đưa vào bảng phẳng, dùng được ngay."
file CTKM người dùng nạp,true,ctkm_dong,forecast_qty,số,đặc trưng,72.236,94.0,1.476,false,,,,,CẦN THIẾT,CÓ ĐƯỜNG TỚI,—,bảng `ctkm_dong` nối được về hạt; entropy: chưa đo,ĐỦ,—,Không vướng cổng nào.,,NHIỀU TÁC DỤNG · ĐỦ DỮ LIỆU,true,"Đưa vào bảng phẳng, dùng được ngay."
file CTKM người dùng nạp,true,ctkm_dong,sell_in_from,phân loại,đặc trưng,3.894,377.0,5.92,false,,,,,CẦN THIẾT,CÓ ĐƯỜNG TỚI,—,bảng `ctkm_dong` nối được về hạt; entropy: chưa đo,ĐỦ,—,Không vướng cổng nào.,,NHIỀU TÁC DỤNG · ĐỦ DỮ LIỆU,true,"Đưa vào bảng phẳng, dùng được ngay."
file CTKM người dùng nạp,true,ctkm_dong,sell_in_to,phân loại,đặc trưng,3.894,255.0,4.004,false,,,,,CẦN THIẾT,CÓ ĐƯỜNG TỚI,—,bảng `ctkm_dong` nối được về hạt; entropy: chưa đo,ĐỦ,—,Không vướng cổng nào.,,NHIỀU TÁC DỤNG · ĐỦ DỮ LIỆU,true,"Đưa vào bảng phẳng, dùng được ngay."
file CTKM người dùng nạp,true,ctkm_dong,sell_out_from,phân loại,đặc trưng,3.785,351.0,5.512,false,,,,,CẦN THIẾT,CÓ ĐƯỜNG TỚI,—,bảng `ctkm_dong` nối được về hạt; entropy: chưa đo,ĐỦ,—,Không vướng cổng nào.,,NHIỀU TÁC DỤNG · ĐỦ DỮ LIỆU,true,"Đưa vào bảng phẳng, dùng được ngay."
file CTKM người dùng nạp,true,ctkm_dong,sell_out_to,phân loại,đặc trưng,3.785,252.0,3.957,false,,,,,CẦN THIẾT,CÓ ĐƯỜNG TỚI,—,bảng `ctkm_dong` nối được về hạt; entropy: chưa đo,ĐỦ,—,Không vướng cổng nào.,,NHIỀU TÁC DỤNG · ĐỦ DỮ LIỆU,true,"Đưa vào bảng phẳng, dùng được ngay."
file CTKM người dùng nạp,true,ctkm_dong,sell_out_window_missing,phân loại,đặc trưng,0.0,2.0,0.031,false,,,,,CẦN THIẾT,CÓ ĐƯỜNG TỚI,—,bảng `ctkm_dong` nối được về hạt; entropy: chưa đo,ĐỦ,—,Không vướng cổng nào.,,NHIỀU TÁC DỤNG · ĐỦ DỮ LIỆU,true,"Đưa vào bảng phẳng, dùng được ngay."
file CTKM người dùng nạp,true,ctkm_dong,year_inferred,phân loại,đặc trưng,0.0,2.0,0.031,false,,,,,CẦN THIẾT,CÓ ĐƯỜNG TỚI,—,bảng `ctkm_dong` nối được về hạt; entropy: chưa đo,ĐỦ,—,Không vướng cổng nào.,,NHIỀU TÁC DỤNG · ĐỦ DỮ LIỆU,true,"Đưa vào bảng phẳng, dùng được ngay."
file CTKM người dùng nạp,true,ctkm_dong,window_parsed,phân loại,đặc trưng,0.0,2.0,0.031,false,,,,,CẦN THIẾT,CÓ ĐƯỜNG TỚI,—,bảng `ctkm_dong` nối được về hạt; entropy: chưa đo,ĐỦ,—,Không vướng cổng nào.,,NHIỀU TÁC DỤNG · ĐỦ DỮ LIỆU,true,"Đưa vào bảng phẳng, dùng được ngay."
file CTKM người dùng nạp,true,ctkm_dong,window_reason,phân loại,đặc trưng,0.0,4.0,0.063,false,,,,,CẦN THIẾT,CÓ ĐƯỜNG TỚI,—,bảng `ctkm_dong` nối được về hạt; entropy: chưa đo,ĐỦ,—,Không vướng cổng nào.,,NHIỀU TÁC DỤNG · ĐỦ DỮ LIỆU,true,"Đưa vào bảng phẳng, dùng được ngay."
file CTKM người dùng nạp,true,ctkm_dong,window_raw,phân loại,đặc trưng,0.0,865.0,13.584,false,,,,,CẦN THIẾT,CÓ ĐƯỜNG TỚI,—,bảng `ctkm_dong` nối được về hạt; entropy: chưa đo,ĐỦ,—,Không vướng cổng nào.,,NHIỀU TÁC DỤNG · ĐỦ DỮ LIỆU,true,"Đưa vào bảng phẳng, dùng được ngay."
file CTKM người dùng nạp,true,ctkm_dong,status,phân loại,đặc trưng,0.0,3.0,0.047,false,,,,,CẦN THIẾT,CÓ ĐƯỜNG TỚI,—,bảng `ctkm_dong` nối được về hạt; entropy: chưa đo,ĐỦ,—,Không vướng cổng nào.,,NHIỀU TÁC DỤNG · ĐỦ DỮ LIỆU,true,"Đưa vào bảng phẳng, dùng được ngay."
file CTKM người dùng nạp,true,ctkm_dong,notes,phân loại,đặc trưng,74.545,314.0,4.931,false,,,,,CẦN THIẾT,CÓ ĐƯỜNG TỚI,—,bảng `ctkm_dong` nối được về hạt; entropy: chưa đo,ĐỦ,—,Không vướng cổng nào.,,NHIỀU TÁC DỤNG · ĐỦ DỮ LIỆU,true,"Đưa vào bảng phẳng, dùng được ngay."
file CTKM người dùng nạp,true,ctkm_dong,ym_start,số,đặc trưng,3.785,23.0,0.361,false,,,,,CẦN THIẾT,CÓ ĐƯỜNG TỚI,—,bảng `ctkm_dong` nối được về hạt; entropy: chưa đo,ĐỦ,—,Không vướng cổng nào.,,NHIỀU TÁC DỤNG · ĐỦ DỮ LIỆU,true,"Đưa vào bảng phẳng, dùng được ngay."
file CTKM người dùng nạp,true,ctkm_dong,ym_end,số,đặc trưng,3.785,23.0,0.361,false,,,,,CẦN THIẾT,CÓ ĐƯỜNG TỚI,—,bảng `ctkm_dong` nối được về hạt; entropy: chưa đo,ĐỦ,—,Không vướng cổng nào.,,NHIỀU TÁC DỤNG · ĐỦ DỮ LIỆU,true,"Đưa vào bảng phẳng, dùng được ngay."
file CTKM người dùng nạp,true,ctkm_dong,product_key,số,đặc trưng,7.082,194.0,3.046,false,,,,,CẦN THIẾT,CÓ ĐƯỜNG TỚI,—,bảng `ctkm_dong` nối được về hạt; entropy: chưa đo,ĐỦ,—,Không vướng cổng nào.,,NHIỀU TÁC DỤNG · ĐỦ DỮ LIỆU,true,"Đưa vào bảng phẳng, dùng được ngay."
file CTKM người dùng nạp,true,ctkm_dong,product_matched,phân loại,đặc trưng,0.0,2.0,0.031,false,,,,,CẦN THIẾT,CÓ ĐƯỜNG TỚI,—,bảng `ctkm_dong` nối được về hạt; entropy: chưa đo,ĐỦ,—,Không vướng cổng nào.,,NHIỀU TÁC DỤNG · ĐỦ DỮ LIỆU,true,"Đưa vào bảng phẳng, dùng được ngay."
file CTKM người dùng nạp,true,ctkm_dong,chain_matched,phân loại,đặc trưng,0.0,2.0,0.031,false,,,,,CẦN THIẾT,CÓ ĐƯỜNG TỚI,—,bảng `ctkm_dong` nối được về hạt; entropy: chưa đo,ĐỦ,—,Không vướng cổng nào.,,NHIỀU TÁC DỤNG · ĐỦ DỮ LIỆU,true,"Đưa vào bảng phẳng, dùng được ngay."
lược đồ dwh,true,fact_delivery_details,shipper_received_at,phân loại,thời gian — dẫn xuất đặc trưng,96.664,2617.0,26.045,false,,-1446.0,0.042,gần như một giá trị — ít dùng được,KHÔNG CẦN THIẾT,ĐO ĐƯỢC,U2 Gần như chỉ một giá trị,"Entropy đo được gần 0: hầu hết dòng mang cùng một giá trị, phần khác biệt quá mỏng để mô hình tách được tín hiệu.",THIẾU,C2 Khuyết ≥ 95%,"Phần quan sát còn lại quá mỏng để ước lượng ổn định. Chỉ nên giữ lại dưới dạng cờ có/không, không giữ giá trị.",,KHÔNG CÓ TÁC DỤNG,false,Không đưa vào bảng phẳng. Sửa nguồn cũng vô ích vì sửa xong vẫn không nói được gì về nhu cầu.
lược đồ dwh,false,dim_employees,flat_sup_code,phân loại,khoá ngoại — dùng như biến phân loại,96.119,37.0,14.231,false,,,0.0366,gần như một giá trị — ít dùng được,KHÔNG CẦN THIẾT,ĐO ĐƯỢC,U2 Gần như chỉ một giá trị,"Entropy đo được gần 0: hầu hết dòng mang cùng một giá trị, phần khác biệt quá mỏng để mô hình tách được tín hiệu.",THIẾU,C2 Khuyết ≥ 95%,"Phần quan sát còn lại quá mỏng để ước lượng ổn định. Chỉ nên giữ lại dưới dạng cờ có/không, không giữ giá trị.",,KHÔNG CÓ TÁC DỤNG,false,Không đưa vào bảng phẳng. Sửa nguồn cũng vô ích vì sửa xong vẫn không nói được gì về nhu cầu.
lược đồ dwh,false,dim_employees,flat_asm_code,phân loại,khoá ngoại — dùng như biến phân loại,96.044,12.0,4.528,false,,,0.036,gần như một giá trị — ít dùng được,KHÔNG CẦN THIẾT,ĐO ĐƯỢC,U2 Gần như chỉ một giá trị,"Entropy đo được gần 0: hầu hết dòng mang cùng một giá trị, phần khác biệt quá mỏng để mô hình tách được tín hiệu.",THIẾU,C2 Khuyết ≥ 95%,"Phần quan sát còn lại quá mỏng để ước lượng ổn định. Chỉ nên giữ lại dưới dạng cờ có/không, không giữ giá trị.",,KHÔNG CÓ TÁC DỤNG,false,Không đưa vào bảng phẳng. Sửa nguồn cũng vô ích vì sửa xong vẫn không nói được gì về nhu cầu.
lược đồ dwh,false,zz_archive_om_orphans_20260804,delivery_date_key,số,khoá ngoại — dùng như biến phân loại,95.516,3.0,15.0,false,,,0.035,gần như một giá trị — ít dùng được,KHÔNG CẦN THIẾT,ĐO ĐƯỢC,U2 Gần như chỉ một giá trị,"Entropy đo được gần 0: hầu hết dòng mang cùng một giá trị, phần khác biệt quá mỏng để mô hình tách được tín hiệu.",THIẾU,C2 Khuyết ≥ 95%,"Phần quan sát còn lại quá mỏng để ước lượng ổn định. Chỉ nên giữ lại dưới dạng cờ có/không, không giữ giá trị.",,KHÔNG CÓ TÁC DỤNG,false,Không đưa vào bảng phẳng. Sửa nguồn cũng vô ích vì sửa xong vẫn không nói được gì về nhu cầu.
lược đồ dwh,false,zz_archive_om_orphans_20260804,delivery_date,phân loại,thời gian — dẫn xuất đặc trưng,95.516,3.0,15.0,false,,,0.035,gần như một giá trị — ít dùng được,KHÔNG CẦN THIẾT,ĐO ĐƯỢC,U2 Gần như chỉ một giá trị,"Entropy đo được gần 0: hầu hết dòng mang cùng một giá trị, phần khác biệt quá mỏng để mô hình tách được tín hiệu.",THIẾU,C2 Khuyết ≥ 95%,"Phần quan sát còn lại quá mỏng để ước lượng ổn định. Chỉ nên giữ lại dưới dạng cờ có/không, không giữ giá trị.",,KHÔNG CÓ TÁC DỤNG,false,Không đưa vào bảng phẳng. Sửa nguồn cũng vô ích vì sửa xong vẫn không nói được gì về nhu cầu.
lược đồ dwh,false,zz_archive_om_orphans_20260804,goods_receipt_no,phân loại,khoá ngoại — dùng như biến phân loại,95.516,4.0,20.0,false,,,0.0332,gần như một giá trị — ít dùng được,KHÔNG CẦN THIẾT,ĐO ĐƯỢC,U2 Gần như chỉ một giá trị,"Entropy đo được gần 0: hầu hết dòng mang cùng một giá trị, phần khác biệt quá mỏng để mô hình tách được tín hiệu.",THIẾU,C2 Khuyết ≥ 95%,"Phần quan sát còn lại quá mỏng để ước lượng ổn định. Chỉ nên giữ lại dưới dạng cờ có/không, không giữ giá trị.",,KHÔNG CÓ TÁC DỤNG,false,Không đưa vào bảng phẳng. Sửa nguồn cũng vô ích vì sửa xong vẫn không nói được gì về nhu cầu.
lược đồ dwh,false,zz_archive_om_orphans_20260804,billing_address,phân loại,đặc trưng,95.516,4.0,20.0,false,,,0.0332,gần như một giá trị — ít dùng được,KHÔNG CẦN THIẾT,ĐO ĐƯỢC,U2 Gần như chỉ một giá trị,"Entropy đo được gần 0: hầu hết dòng mang cùng một giá trị, phần khác biệt quá mỏng để mô hình tách được tín hiệu.",THIẾU,C2 Khuyết ≥ 95%,"Phần quan sát còn lại quá mỏng để ước lượng ổn định. Chỉ nên giữ lại dưới dạng cờ có/không, không giữ giá trị.",,KHÔNG CÓ TÁC DỤNG,false,Không đưa vào bảng phẳng. Sửa nguồn cũng vô ích vì sửa xong vẫn không nói được gì về nhu cầu.
lược đồ dwh,false,zz_archive_om_orphans_20260804,shipping_address,phân loại,đặc trưng,95.516,4.0,20.0,false,,,0.0332,gần như một giá trị — ít dùng được,KHÔNG CẦN THIẾT,ĐO ĐƯỢC,U2 Gần như chỉ một giá trị,"Entropy đo được gần 0: hầu hết dòng mang cùng một giá trị, phần khác biệt quá mỏng để mô hình tách được tín hiệu.",THIẾU,C2 Khuyết ≥ 95%,"Phần quan sát còn lại quá mỏng để ước lượng ổn định. Chỉ nên giữ lại dưới dạng cờ có/không, không giữ giá trị.",,KHÔNG CÓ TÁC DỤNG,false,Không đưa vào bảng phẳng. Sửa nguồn cũng vô ích vì sửa xong vẫn không nói được gì về nhu cầu.
lược đồ dwh,true,fact_delivery_details,shipper_received_date_key,số,khoá ngoại — dùng như biến phân loại,96.664,129.0,1.284,false,,-1446.0,0.0313,gần như một giá trị — ít dùng được,KHÔNG CẦN THIẾT,ĐO ĐƯỢC,U2 Gần như chỉ một giá trị,"Entropy đo được gần 0: hầu hết dòng mang cùng một giá trị, phần khác biệt quá mỏng để mô hình tách được tín hiệu.",THIẾU,C2 Khuyết ≥ 95%,"Phần quan sát còn lại quá mỏng để ước lượng ổn định. Chỉ nên giữ lại dưới dạng cờ có/không, không giữ giá trị.",,KHÔNG CÓ TÁC DỤNG,false,Không đưa vào bảng phẳng. Sửa nguồn cũng vô ích vì sửa xong vẫn không nói được gì về nhu cầu.
lược đồ dwh,true,fact_delivery_details,note_reason,phân loại,đặc trưng,95.601,588.0,4.437,false,,-1446.0,0.0306,gần như một giá trị — ít dùng được,KHÔNG CẦN THIẾT,ĐO ĐƯỢC,U2 Gần như chỉ một giá trị,"Entropy đo được gần 0: hầu hết dòng mang cùng một giá trị, phần khác biệt quá mỏng để mô hình tách được tín hiệu.",THIẾU,C2 Khuyết ≥ 95%,"Phần quan sát còn lại quá mỏng để ước lượng ổn định. Chỉ nên giữ lại dưới dạng cờ có/không, không giữ giá trị.",,KHÔNG CÓ TÁC DỤNG,false,Không đưa vào bảng phẳng. Sửa nguồn cũng vô ích vì sửa xong vẫn không nói được gì về nhu cầu.
lược đồ dwh,true,fact_order_lines,canceled_note,phân loại,đặc trưng,98.144,316.0,5.729,false,,0.0,0.0166,gần như một giá trị — ít dùng được,KHÔNG CẦN THIẾT,ĐO ĐƯỢC,U2 Gần như chỉ một giá trị,"Entropy đo được gần 0: hầu hết dòng mang cùng một giá trị, phần khác biệt quá mỏng để mô hình tách được tín hiệu.",THIẾU,C2 Khuyết ≥ 95%,"Phần quan sát còn lại quá mỏng để ước lượng ổn định. Chỉ nên giữ lại dưới dạng cờ có/không, không giữ giá trị.",,KHÔNG CÓ TÁC DỤNG,false,Không đưa vào bảng phẳng. Sửa nguồn cũng vô ích vì sửa xong vẫn không nói được gì về nhu cầu.
lược đồ dwh,true,fact_order_lines,canceled_reason_line,phân loại,đặc trưng,97.825,19.0,0.294,false,,0.0,0.0148,gần như một giá trị — ít dùng được,KHÔNG CẦN THIẾT,ĐO ĐƯỢC,U2 Gần như chỉ một giá trị,"Entropy đo được gần 0: hầu hết dòng mang cùng một giá trị, phần khác biệt quá mỏng để mô hình tách được tín hiệu.",THIẾU,C2 Khuyết ≥ 95%,"Phần quan sát còn lại quá mỏng để ước lượng ổn định. Chỉ nên giữ lại dưới dạng cờ có/không, không giữ giá trị.",,KHÔNG CÓ TÁC DỤNG,false,Không đưa vào bảng phẳng. Sửa nguồn cũng vô ích vì sửa xong vẫn không nói được gì về nhu cầu.
lược đồ dwh,true,fact_order_lines,is_admin_cancel,phân loại,đặc trưng,98.339,2.0,0.041,false,,0.0,0.0143,gần như một giá trị — ít dùng được,KHÔNG CẦN THIẾT,ĐO ĐƯỢC,U2 Gần như chỉ một giá trị,"Entropy đo được gần 0: hầu hết dòng mang cùng một giá trị, phần khác biệt quá mỏng để mô hình tách được tín hiệu.",THIẾU,C2 Khuyết ≥ 95%,"Phần quan sát còn lại quá mỏng để ước lượng ổn định. Chỉ nên giữ lại dưới dạng cờ có/không, không giữ giá trị.",,KHÔNG CÓ TÁC DỤNG,false,Không đưa vào bảng phẳng. Sửa nguồn cũng vô ích vì sửa xong vẫn không nói được gì về nhu cầu.
lược đồ dwh,false,dim_locators,sub_inventory_key,số,khoá ngoại — dùng như biến phân loại,98.73,2.0,50.0,false,0.0,,0.0127,gần như một giá trị — ít dùng được,KHÔNG CẦN THIẾT,ĐO ĐƯỢC,U2 Gần như chỉ một giá trị,"Entropy đo được gần 0: hầu hết dòng mang cùng một giá trị, phần khác biệt quá mỏng để mô hình tách được tín hiệu.",THIẾU,C2 Khuyết ≥ 95%,"Phần quan sát còn lại quá mỏng để ước lượng ổn định. Chỉ nên giữ lại dưới dạng cờ có/không, không giữ giá trị.",,KHÔNG CÓ TÁC DỤNG,false,Không đưa vào bảng phẳng. Sửa nguồn cũng vô ích vì sửa xong vẫn không nói được gì về nhu cầu.
lược đồ dwh,true,fact_promo_budget_available,ar_interface_qty,số,đặc trưng,98.073,124.0,3.524,false,,0.0,0.0092,gần như một giá trị — ít dùng được,KHÔNG CẦN THIẾT,ĐO ĐƯỢC,U2 Gần như chỉ một giá trị,"Entropy đo được gần 0: hầu hết dòng mang cùng một giá trị, phần khác biệt quá mỏng để mô hình tách được tín hiệu.",THIẾU,C2 Khuyết ≥ 95%,"Phần quan sát còn lại quá mỏng để ước lượng ổn định. Chỉ nên giữ lại dưới dạng cờ có/không, không giữ giá trị.",,KHÔNG CÓ TÁC DỤNG,false,Không đưa vào bảng phẳng. Sửa nguồn cũng vô ích vì sửa xong vẫn không nói được gì về nhu cầu.
lược đồ dwh,true,fact_promo_budget_available,uninvoiced_qty,số,đặc trưng,96.882,120.0,2.108,false,,0.0,0.008,gần như một giá trị — ít dùng được,KHÔNG CẦN THIẾT,ĐO ĐƯỢC,U2 Gần như chỉ một giá trị,"Entropy đo được gần 0: hầu hết dòng mang cùng một giá trị, phần khác biệt quá mỏng để mô hình tách được tín hiệu.",THIẾU,C2 Khuyết ≥ 95%,"Phần quan sát còn lại quá mỏng để ước lượng ổn định. Chỉ nên giữ lại dưới dạng cờ có/không, không giữ giá trị.",,KHÔNG CÓ TÁC DỤNG,false,Không đưa vào bảng phẳng. Sửa nguồn cũng vô ích vì sửa xong vẫn không nói được gì về nhu cầu.
bảng phẳng,true,panel_mt,avg_delivery_sla_days,số,đặc trưng,99.192,201.0,,false,,,0.0078,,KHÔNG CẦN THIẾT,ĐO ĐƯỢC,U6 đóng góp đo được thấp,0/8 thước đo xếp vào nửa trên,THIẾU,C2 Khuyết ≥ 95%,"Phần quan sát còn lại quá mỏng để ước lượng ổn định. Chỉ nên giữ lại dưới dạng cờ có/không, không giữ giá trị.",CHUYỂN THÀNH LAG,KHÔNG CÓ TÁC DỤNG,false,Không đưa vào bảng phẳng. Sửa nguồn cũng vô ích vì sửa xong vẫn không nói được gì về nhu cầu.
lược đồ dwh,true,fact_order_fulfillment,canceled_reason_admin,phân loại,đặc trưng,98.291,86.0,1.676,false,,0.0,0.0073,gần như một giá trị — ít dùng được,KHÔNG CẦN THIẾT,ĐO ĐƯỢC,U2 Gần như chỉ một giá trị,"Entropy đo được gần 0: hầu hết dòng mang cùng một giá trị, phần khác biệt quá mỏng để mô hình tách được tín hiệu.",THIẾU,C2 Khuyết ≥ 95%,"Phần quan sát còn lại quá mỏng để ước lượng ổn định. Chỉ nên giữ lại dưới dạng cờ có/không, không giữ giá trị.",,KHÔNG CÓ TÁC DỤNG,false,Không đưa vào bảng phẳng. Sửa nguồn cũng vô ích vì sửa xong vẫn không nói được gì về nhu cầu.
lược đồ dwh,true,fact_order_status_timeline,picking_at,phân loại,thời gian — dẫn xuất đặc trưng,98.664,104.0,2.569,false,,0.0,0.0058,gần như một giá trị — ít dùng được,KHÔNG CẦN THIẾT,ĐO ĐƯỢC,U2 Gần như chỉ một giá trị,"Entropy đo được gần 0: hầu hết dòng mang cùng một giá trị, phần khác biệt quá mỏng để mô hình tách được tín hiệu.",THIẾU,C2 Khuyết ≥ 95%,"Phần quan sát còn lại quá mỏng để ước lượng ổn định. Chỉ nên giữ lại dưới dạng cờ có/không, không giữ giá trị.",,KHÔNG CÓ TÁC DỤNG,false,Không đưa vào bảng phẳng. Sửa nguồn cũng vô ích vì sửa xong vẫn không nói được gì về nhu cầu.
lược đồ dwh,false,dim_price_lists,valid_to,phân loại,cột kỹ thuật — không phải đặc trưng,99.451,2.0,100.0,false,,,0.0055,gần như một giá trị — ít dùng được,KHÔNG CẦN THIẾT,ĐO ĐƯỢC,U2 Gần như chỉ một giá trị,"Entropy đo được gần 0: hầu hết dòng mang cùng một giá trị, phần khác biệt quá mỏng để mô hình tách được tín hiệu.",THIẾU,C2 Khuyết ≥ 95%,"Phần quan sát còn lại quá mỏng để ước lượng ổn định. Chỉ nên giữ lại dưới dạng cờ có/không, không giữ giá trị.",,KHÔNG CÓ TÁC DỤNG,false,Không đưa vào bảng phẳng. Sửa nguồn cũng vô ích vì sửa xong vẫn không nói được gì về nhu cầu.
lược đồ dwh,true,fact_promo_budget_available,ar_interface_amount,số,đặc trưng,98.851,468.0,22.318,false,,0.0,0.0046,gần như một giá trị — ít dùng được,KHÔNG CẦN THIẾT,ĐO ĐƯỢC,U2 Gần như chỉ một giá trị,"Entropy đo được gần 0: hầu hết dòng mang cùng một giá trị, phần khác biệt quá mỏng để mô hình tách được tín hiệu.",THIẾU,C2 Khuyết ≥ 95%,"Phần quan sát còn lại quá mỏng để ước lượng ổn định. Chỉ nên giữ lại dưới dạng cờ có/không, không giữ giá trị.",,KHÔNG CÓ TÁC DỤNG,false,Không đưa vào bảng phẳng. Sửa nguồn cũng vô ích vì sửa xong vẫn không nói được gì về nhu cầu.
bảng phẳng,true,panel_mt,dlv_warehouse_confirmed_lines,số,đặc trưng,95.042,53.0,,false,,,0.0046,,KHÔNG CẦN THIẾT,ĐO ĐƯỢC,U6 đóng góp đo được thấp,2/8 thước đo xếp vào nửa trên,THIẾU,C2 Khuyết ≥ 95%,"Phần quan sát còn lại quá mỏng để ước lượng ổn định. Chỉ nên giữ lại dưới dạng cờ có/không, không giữ giá trị.",CHUYỂN THÀNH LAG,KHÔNG CÓ TÁC DỤNG,false,Không đưa vào bảng phẳng. Sửa nguồn cũng vô ích vì sửa xong vẫn không nói được gì về nhu cầu.
lược đồ dwh,true,fact_promo_budget_available,promotion_description,phân loại,đặc trưng,98.247,9.0,0.281,false,,0.0,0.0045,gần như một giá trị — ít dùng được,KHÔNG CẦN THIẾT,ĐO ĐƯỢC,U2 Gần như chỉ một giá trị,"Entropy đo được gần 0: hầu hết dòng mang cùng một giá trị, phần khác biệt quá mỏng để mô hình tách được tín hiệu.",THIẾU,C2 Khuyết ≥ 95%,"Phần quan sát còn lại quá mỏng để ước lượng ổn định. Chỉ nên giữ lại dưới dạng cờ có/không, không giữ giá trị.",,KHÔNG CÓ TÁC DỤNG,false,Không đưa vào bảng phẳng. Sửa nguồn cũng vô ích vì sửa xong vẫn không nói được gì về nhu cầu.
lược đồ dwh,false,zz_archive_om_orphans_20260804,discount_amount,số,đặc trưng,99.552,2.0,100.0,false,,,0.0045,gần như một giá trị — ít dùng được,KHÔNG CẦN THIẾT,ĐO ĐƯỢC,U2 Gần như chỉ một giá trị,"Entropy đo được gần 0: hầu hết dòng mang cùng một giá trị, phần khác biệt quá mỏng để mô hình tách được tín hiệu.",THIẾU,C2 Khuyết ≥ 95%,"Phần quan sát còn lại quá mỏng để ước lượng ổn định. Chỉ nên giữ lại dưới dạng cờ có/không, không giữ giá trị.",CHUYỂN THÀNH LAG,KHÔNG CÓ TÁC DỤNG,false,Không đưa vào bảng phẳng. Sửa nguồn cũng vô ích vì sửa xong vẫn không nói được gì về nhu cầu.
lược đồ dwh,true,fact_promo_budget_available,foc_remaining,số,đặc trưng,99.567,418.0,52.845,false,,0.0,0.0039,gần như một giá trị — ít dùng được,KHÔNG CẦN THIẾT,ĐO ĐƯỢC,U2 Gần như chỉ một giá trị,"Entropy đo được gần 0: hầu hết dòng mang cùng một giá trị, phần khác biệt quá mỏng để mô hình tách được tín hiệu.",THIẾU,C2 Khuyết ≥ 95%,"Phần quan sát còn lại quá mỏng để ước lượng ổn định. Chỉ nên giữ lại dưới dạng cờ có/không, không giữ giá trị.",,KHÔNG CÓ TÁC DỤNG,false,Không đưa vào bảng phẳng. Sửa nguồn cũng vô ích vì sửa xong vẫn không nói được gì về nhu cầu.
lược đồ dwh,true,fact_promo_budget_available,uninvoiced_amount,số,đặc trưng,98.839,454.0,21.425,false,,0.0,0.0027,gần như một giá trị — ít dùng được,KHÔNG CẦN THIẾT,ĐO ĐƯỢC,U2 Gần như chỉ một giá trị,"Entropy đo được gần 0: hầu hết dòng mang cùng một giá trị, phần khác biệt quá mỏng để mô hình tách được tín hiệu.",THIẾU,C2 Khuyết ≥ 95%,"Phần quan sát còn lại quá mỏng để ước lượng ổn định. Chỉ nên giữ lại dưới dạng cờ có/không, không giữ giá trị.",,KHÔNG CÓ TÁC DỤNG,false,Không đưa vào bảng phẳng. Sửa nguồn cũng vô ích vì sửa xong vẫn không nói được gì về nhu cầu.
lược đồ dwh,true,fact_promo_budget_available,budget_remaining,số,đặc trưng,99.567,222.0,28.066,false,,0.0,0.0017,gần như một giá trị — ít dùng được,KHÔNG CẦN THIẾT,ĐO ĐƯỢC,U2 Gần như chỉ một giá trị,"Entropy đo được gần 0: hầu hết dòng mang cùng một giá trị, phần khác biệt quá mỏng để mô hình tách được tín hiệu.",THIẾU,C2 Khuyết ≥ 95%,"Phần quan sát còn lại quá mỏng để ước lượng ổn định. Chỉ nên giữ lại dưới dạng cờ có/không, không giữ giá trị.",,KHÔNG CÓ TÁC DỤNG,false,Không đưa vào bảng phẳng. Sửa nguồn cũng vô ích vì sửa xong vẫn không nói được gì về nhu cầu.
lược đồ dwh,true,fact_order_fulfillment,canceled_reason,phân loại,đặc trưng,99.728,117.0,14.321,false,,0.0,0.0016,gần như một giá trị — ít dùng được,KHÔNG CẦN THIẾT,ĐO ĐƯỢC,U2 Gần như chỉ một giá trị,"Entropy đo được gần 0: hầu hết dòng mang cùng một giá trị, phần khác biệt quá mỏng để mô hình tách được tín hiệu.",THIẾU,C2 Khuyết ≥ 95%,"Phần quan sát còn lại quá mỏng để ước lượng ổn định. Chỉ nên giữ lại dưới dạng cờ có/không, không giữ giá trị.",,KHÔNG CÓ TÁC DỤNG,false,Không đưa vào bảng phẳng. Sửa nguồn cũng vô ích vì sửa xong vẫn không nói được gì về nhu cầu.
lược đồ dwh,true,fact_promo_budget_available,foc_budget_allocated,số,đặc trưng,99.567,69.0,8.723,false,,0.0,0.0013,gần như một giá trị — ít dùng được,KHÔNG CẦN THIẾT,ĐO ĐƯỢC,U2 Gần như chỉ một giá trị,"Entropy đo được gần 0: hầu hết dòng mang cùng một giá trị, phần khác biệt quá mỏng để mô hình tách được tín hiệu.",THIẾU,C2 Khuyết ≥ 95%,"Phần quan sát còn lại quá mỏng để ước lượng ổn định. Chỉ nên giữ lại dưới dạng cờ có/không, không giữ giá trị.",,KHÔNG CÓ TÁC DỤNG,false,Không đưa vào bảng phẳng. Sửa nguồn cũng vô ích vì sửa xong vẫn không nói được gì về nhu cầu.
lược đồ dwh,true,fact_promo_budget_available,foc_budget_total,số,đặc trưng,99.688,69.0,12.127,false,,0.0,0.0011,gần như một giá trị — ít dùng được,KHÔNG CẦN THIẾT,ĐO ĐƯỢC,U2 Gần như chỉ một giá trị,"Entropy đo được gần 0: hầu hết dòng mang cùng một giá trị, phần khác biệt quá mỏng để mô hình tách được tín hiệu.",THIẾU,C2 Khuyết ≥ 95%,"Phần quan sát còn lại quá mỏng để ước lượng ổn định. Chỉ nên giữ lại dưới dạng cờ có/không, không giữ giá trị.",,KHÔNG CÓ TÁC DỤNG,false,Không đưa vào bảng phẳng. Sửa nguồn cũng vô ích vì sửa xong vẫn không nói được gì về nhu cầu.
lược đồ dwh,true,fact_promo_budget_available,budget_allocated,số,đặc trưng,99.567,61.0,7.712,false,,0.0,0.0009,gần như một giá trị — ít dùng được,KHÔNG CẦN THIẾT,ĐO ĐƯỢC,U2 Gần như chỉ một giá trị,"Entropy đo được gần 0: hầu hết dòng mang cùng một giá trị, phần khác biệt quá mỏng để mô hình tách được tín hiệu.",THIẾU,C2 Khuyết ≥ 95%,"Phần quan sát còn lại quá mỏng để ước lượng ổn định. Chỉ nên giữ lại dưới dạng cờ có/không, không giữ giá trị.",,KHÔNG CÓ TÁC DỤNG,false,Không đưa vào bảng phẳng. Sửa nguồn cũng vô ích vì sửa xong vẫn không nói được gì về nhu cầu.
lược đồ dwh,true,fact_promo_budget_available,entered_amount,số,đặc trưng,99.542,49.0,5.854,false,,0.0,0.0007,gần như một giá trị — ít dùng được,KHÔNG CẦN THIẾT,ĐO ĐƯỢC,U2 Gần như chỉ một giá trị,"Entropy đo được gần 0: hầu hết dòng mang cùng một giá trị, phần khác biệt quá mỏng để mô hình tách được tín hiệu.",THIẾU,C2 Khuyết ≥ 95%,"Phần quan sát còn lại quá mỏng để ước lượng ổn định. Chỉ nên giữ lại dưới dạng cờ có/không, không giữ giá trị.",,KHÔNG CÓ TÁC DỤNG,false,Không đưa vào bảng phẳng. Sửa nguồn cũng vô ích vì sửa xong vẫn không nói được gì về nhu cầu.
lược đồ dwh,true,fact_promo_budget_available,entered_qty,số,đặc trưng,99.523,27.0,3.1,false,,0.0,0.0007,gần như một giá trị — ít dùng được,KHÔNG CẦN THIẾT,ĐO ĐƯỢC,U2 Gần như chỉ một giá trị,"Entropy đo được gần 0: hầu hết dòng mang cùng một giá trị, phần khác biệt quá mỏng để mô hình tách được tín hiệu.",THIẾU,C2 Khuyết ≥ 95%,"Phần quan sát còn lại quá mỏng để ước lượng ổn định. Chỉ nên giữ lại dưới dạng cờ có/không, không giữ giá trị.",,KHÔNG CÓ TÁC DỤNG,false,Không đưa vào bảng phẳng. Sửa nguồn cũng vô ích vì sửa xong vẫn không nói được gì về nhu cầu.
lược đồ dwh,false,dwh_batch_logs,error_message,phân loại,đặc trưng,99.871,24.0,7.742,false,,,0.0006,gần như một giá trị — ít dùng được,KHÔNG CẦN THIẾT,ĐO ĐƯỢC,U2 Gần như chỉ một giá trị,"Entropy đo được gần 0: hầu hết dòng mang cùng một giá trị, phần khác biệt quá mỏng để mô hình tách được tín hiệu.",THIẾU,C2 Khuyết ≥ 95%,"Phần quan sát còn lại quá mỏng để ước lượng ổn định. Chỉ nên giữ lại dưới dạng cờ có/không, không giữ giá trị.",,KHÔNG CÓ TÁC DỤNG,false,Không đưa vào bảng phẳng. Sửa nguồn cũng vô ích vì sửa xong vẫn không nói được gì về nhu cầu.
lược đồ dwh,true,fact_promo_budget_available,budget_total,số,đặc trưng,99.878,61.0,27.477,false,,0.0,0.0006,gần như một giá trị — ít dùng được,KHÔNG CẦN THIẾT,ĐO ĐƯỢC,U2 Gần như chỉ một giá trị,"Entropy đo được gần 0: hầu hết dòng mang cùng một giá trị, phần khác biệt quá mỏng để mô hình tách được tín hiệu.",THIẾU,C2 Khuyết ≥ 95%,"Phần quan sát còn lại quá mỏng để ước lượng ổn định. Chỉ nên giữ lại dưới dạng cờ có/không, không giữ giá trị.",,KHÔNG CÓ TÁC DỤNG,false,Không đưa vào bảng phẳng. Sửa nguồn cũng vô ích vì sửa xong vẫn không nói được gì về nhu cầu.
lược đồ dwh,true,fact_order_status_timeline,completed_partial_at,phân loại,thời gian — dẫn xuất đặc trưng,99.935,11.0,5.584,false,,0.0,0.0003,gần như một giá trị — ít dùng được,KHÔNG CẦN THIẾT,ĐO ĐƯỢC,U2 Gần như chỉ một giá trị,"Entropy đo được gần 0: hầu hết dòng mang cùng một giá trị, phần khác biệt quá mỏng để mô hình tách được tín hiệu.",THIẾU,C2 Khuyết ≥ 95%,"Phần quan sát còn lại quá mỏng để ước lượng ổn định. Chỉ nên giữ lại dưới dạng cờ có/không, không giữ giá trị.",,KHÔNG CÓ TÁC DỤNG,false,Không đưa vào bảng phẳng. Sửa nguồn cũng vô ích vì sửa xong vẫn không nói được gì về nhu cầu.
lược đồ dwh,true,fact_order_fulfillment,erp_deleted_source,phân loại,đặc trưng,99.946,2.0,1.235,false,,0.0,0.0001,gần như một giá trị — ít dùng được,KHÔNG CẦN THIẾT,ĐO ĐƯỢC,U2 Gần như chỉ một giá trị,"Entropy đo được gần 0: hầu hết dòng mang cùng một giá trị, phần khác biệt quá mỏng để mô hình tách được tín hiệu.",THIẾU,C2 Khuyết ≥ 95%,"Phần quan sát còn lại quá mỏng để ước lượng ổn định. Chỉ nên giữ lại dưới dạng cờ có/không, không giữ giá trị.",,KHÔNG CÓ TÁC DỤNG,false,Không đưa vào bảng phẳng. Sửa nguồn cũng vô ích vì sửa xong vẫn không nói được gì về nhu cầu.
lược đồ dwh,false,dim_account_channels,source_refs,phân loại,BỎ — rỗng hoàn toàn,100.0,,,false,,,0.0,rỗng hoặc hằng số — bỏ,KHÔNG CẦN THIẾT,ĐO ĐƯỢC,U1 Hằng số hoặc rỗng,"Phương sai bằng 0 nên thông tin tương hỗ với BẤT KỲ nhãn nào cũng bằng 0. Hệ quả toán học, không phải ngưỡng vận hành.",THIẾU,C1 Rỗng hoàn toàn · C2 Khuyết ≥ 95%,Không có quan sát nào để ước lượng. Cột vẫn chiếm chỗ trong mọi bảng xếp hạng và làm người đọc tưởng nguồn đã có.,,KHÔNG CÓ TÁC DỤNG,false,Không đưa vào bảng phẳng. Sửa nguồn cũng vô ích vì sửa xong vẫn không nói được gì về nhu cầu.
lược đồ dwh,false,dim_assets,asset_name,phân loại,BỎ — hằng số,99.997,1.0,100.0,true,,,0.0,rỗng hoặc hằng số — bỏ,KHÔNG CẦN THIẾT,ĐO ĐƯỢC,U1 Hằng số hoặc rỗng,"Phương sai bằng 0 nên thông tin tương hỗ với BẤT KỲ nhãn nào cũng bằng 0. Hệ quả toán học, không phải ngưỡng vận hành.",THIẾU,C2 Khuyết ≥ 95%,"Phần quan sát còn lại quá mỏng để ước lượng ổn định. Chỉ nên giữ lại dưới dạng cờ có/không, không giữ giá trị.",,KHÔNG CÓ TÁC DỤNG,false,Không đưa vào bảng phẳng. Sửa nguồn cũng vô ích vì sửa xong vẫn không nói được gì về nhu cầu.
lược đồ dwh,false,dim_categories,valid_to,phân loại,BỎ — rỗng hoàn toàn,100.0,0.0,,true,,,0.0,rỗng hoặc hằng số — bỏ,KHÔNG CẦN THIẾT,ĐO ĐƯỢC,U1 Hằng số hoặc rỗng,"Phương sai bằng 0 nên thông tin tương hỗ với BẤT KỲ nhãn nào cũng bằng 0. Hệ quả toán học, không phải ngưỡng vận hành.",THIẾU,C1 Rỗng hoàn toàn · C2 Khuyết ≥ 95%,Không có quan sát nào để ước lượng. Cột vẫn chiếm chỗ trong mọi bảng xếp hạng và làm người đọc tưởng nguồn đã có.,,KHÔNG CÓ TÁC DỤNG,false,Không đưa vào bảng phẳng. Sửa nguồn cũng vô ích vì sửa xong vẫn không nói được gì về nhu cầu.
lược đồ dwh,false,dim_chains,source_system,phân loại,BỎ — hằng số,99.585,1.0,2.5,true,,,0.0,rỗng hoặc hằng số — bỏ,KHÔNG CẦN THIẾT,ĐO ĐƯỢC,U1 Hằng số hoặc rỗng,"Phương sai bằng 0 nên thông tin tương hỗ với BẤT KỲ nhãn nào cũng bằng 0. Hệ quả toán học, không phải ngưỡng vận hành.",THIẾU,C2 Khuyết ≥ 95%,"Phần quan sát còn lại quá mỏng để ước lượng ổn định. Chỉ nên giữ lại dưới dạng cờ có/không, không giữ giá trị.",,KHÔNG CÓ TÁC DỤNG,false,Không đưa vào bảng phẳng. Sửa nguồn cũng vô ích vì sửa xong vẫn không nói được gì về nhu cầu.
lược đồ dwh,false,dim_chains,source_refs,phân loại,BỎ — rỗng hoàn toàn,100.0,,,false,,,0.0,rỗng hoặc hằng số — bỏ,KHÔNG CẦN THIẾT,ĐO ĐƯỢC,U1 Hằng số hoặc rỗng,"Phương sai bằng 0 nên thông tin tương hỗ với BẤT KỲ nhãn nào cũng bằng 0. Hệ quả toán học, không phải ngưỡng vận hành.",THIẾU,C1 Rỗng hoàn toàn · C2 Khuyết ≥ 95%,Không có quan sát nào để ước lượng. Cột vẫn chiếm chỗ trong mọi bảng xếp hạng và làm người đọc tưởng nguồn đã có.,,KHÔNG CÓ TÁC DỤNG,false,Không đưa vào bảng phẳng. Sửa nguồn cũng vô ích vì sửa xong vẫn không nói được gì về nhu cầu.
lược đồ dwh,false,dim_chains,valid_to,phân loại,BỎ — rỗng hoàn toàn,100.0,0.0,,true,,,0.0,rỗng hoặc hằng số — bỏ,KHÔNG CẦN THIẾT,ĐO ĐƯỢC,U1 Hằng số hoặc rỗng,"Phương sai bằng 0 nên thông tin tương hỗ với BẤT KỲ nhãn nào cũng bằng 0. Hệ quả toán học, không phải ngưỡng vận hành.",THIẾU,C1 Rỗng hoàn toàn · C2 Khuyết ≥ 95%,Không có quan sát nào để ước lượng. Cột vẫn chiếm chỗ trong mọi bảng xếp hạng và làm người đọc tưởng nguồn đã có.,,KHÔNG CÓ TÁC DỤNG,false,Không đưa vào bảng phẳng. Sửa nguồn cũng vô ích vì sửa xong vẫn không nói được gì về nhu cầu.
lược đồ dwh,false,dim_dates,source_refs,phân loại,BỎ — rỗng hoàn toàn,100.0,,,false,,,0.0,rỗng hoặc hằng số — bỏ,KHÔNG CẦN THIẾT,ĐO ĐƯỢC,U1 Hằng số hoặc rỗng,"Phương sai bằng 0 nên thông tin tương hỗ với BẤT KỲ nhãn nào cũng bằng 0. Hệ quả toán học, không phải ngưỡng vận hành.",THIẾU,C1 Rỗng hoàn toàn · C2 Khuyết ≥ 95%,Không có quan sát nào để ước lượng. Cột vẫn chiếm chỗ trong mọi bảng xếp hạng và làm người đọc tưởng nguồn đã có.,,KHÔNG CÓ TÁC DỤNG,false,Không đưa vào bảng phẳng. Sửa nguồn cũng vô ích vì sửa xong vẫn không nói được gì về nhu cầu.
lược đồ dwh,false,dim_dates,batch_id,phân loại,BỎ — rỗng hoàn toàn,100.0,0.0,,true,,,0.0,rỗng hoặc hằng số — bỏ,KHÔNG CẦN THIẾT,ĐO ĐƯỢC,U1 Hằng số hoặc rỗng,"Phương sai bằng 0 nên thông tin tương hỗ với BẤT KỲ nhãn nào cũng bằng 0. Hệ quả toán học, không phải ngưỡng vận hành.",THIẾU,C1 Rỗng hoàn toàn · C2 Khuyết ≥ 95%,Không có quan sát nào để ước lượng. Cột vẫn chiếm chỗ trong mọi bảng xếp hạng và làm người đọc tưởng nguồn đã có.,,KHÔNG CÓ TÁC DỤNG,false,Không đưa vào bảng phẳng. Sửa nguồn cũng vô ích vì sửa xong vẫn không nói được gì về nhu cầu.
lược đồ dwh,false,dim_delivery_status,batch_id,số,BỎ — hằng số,95.146,1.0,20.0,true,,,0.0,rỗng hoặc hằng số — bỏ,KHÔNG CẦN THIẾT,ĐO ĐƯỢC,U1 Hằng số hoặc rỗng,"Phương sai bằng 0 nên thông tin tương hỗ với BẤT KỲ nhãn nào cũng bằng 0. Hệ quả toán học, không phải ngưỡng vận hành.",THIẾU,C2 Khuyết ≥ 95%,"Phần quan sát còn lại quá mỏng để ước lượng ổn định. Chỉ nên giữ lại dưới dạng cờ có/không, không giữ giá trị.",,KHÔNG CÓ TÁC DỤNG,false,Không đưa vào bảng phẳng. Sửa nguồn cũng vô ích vì sửa xong vẫn không nói được gì về nhu cầu.
lược đồ dwh,false,dim_delivery_types,source_refs,phân loại,BỎ — rỗng hoàn toàn,100.0,,,false,,,0.0,rỗng hoặc hằng số — bỏ,KHÔNG CẦN THIẾT,ĐO ĐƯỢC,U1 Hằng số hoặc rỗng,"Phương sai bằng 0 nên thông tin tương hỗ với BẤT KỲ nhãn nào cũng bằng 0. Hệ quả toán học, không phải ngưỡng vận hành.",THIẾU,C1 Rỗng hoàn toàn · C2 Khuyết ≥ 95%,Không có quan sát nào để ước lượng. Cột vẫn chiếm chỗ trong mọi bảng xếp hạng và làm người đọc tưởng nguồn đã có.,,KHÔNG CÓ TÁC DỤNG,false,Không đưa vào bảng phẳng. Sửa nguồn cũng vô ích vì sửa xong vẫn không nói được gì về nhu cầu.
lược đồ dwh,false,dim_distributors,account_channel_id,số,BỎ — hằng số,98.876,1.0,100.0,true,0.0,,0.0,rỗng hoặc hằng số — bỏ,KHÔNG CẦN THIẾT,ĐO ĐƯỢC,U1 Hằng số hoặc rỗng,"Phương sai bằng 0 nên thông tin tương hỗ với BẤT KỲ nhãn nào cũng bằng 0. Hệ quả toán học, không phải ngưỡng vận hành.",THIẾU,C2 Khuyết ≥ 95%,"Phần quan sát còn lại quá mỏng để ước lượng ổn định. Chỉ nên giữ lại dưới dạng cờ có/không, không giữ giá trị.",,KHÔNG CÓ TÁC DỤNG,false,Không đưa vào bảng phẳng. Sửa nguồn cũng vô ích vì sửa xong vẫn không nói được gì về nhu cầu.
lược đồ dwh,false,dim_distributors,distributor_brand,phân loại,BỎ — rỗng hoàn toàn,100.0,0.0,,true,,,0.0,rỗng hoặc hằng số — bỏ,KHÔNG CẦN THIẾT,ĐO ĐƯỢC,U1 Hằng số hoặc rỗng,"Phương sai bằng 0 nên thông tin tương hỗ với BẤT KỲ nhãn nào cũng bằng 0. Hệ quả toán học, không phải ngưỡng vận hành.",THIẾU,C1 Rỗng hoàn toàn · C2 Khuyết ≥ 95%,Không có quan sát nào để ước lượng. Cột vẫn chiếm chỗ trong mọi bảng xếp hạng và làm người đọc tưởng nguồn đã có.,,KHÔNG CÓ TÁC DỤNG,false,Không đưa vào bảng phẳng. Sửa nguồn cũng vô ích vì sửa xong vẫn không nói được gì về nhu cầu.
lược đồ dwh,false,dim_employees,emp_id_hr,phân loại,BỎ — rỗng hoàn toàn,100.0,0.0,,true,,,0.0,rỗng hoặc hằng số — bỏ,KHÔNG CẦN THIẾT,ĐO ĐƯỢC,U1 Hằng số hoặc rỗng,"Phương sai bằng 0 nên thông tin tương hỗ với BẤT KỲ nhãn nào cũng bằng 0. Hệ quả toán học, không phải ngưỡng vận hành.",THIẾU,C1 Rỗng hoàn toàn · C2 Khuyết ≥ 95%,Không có quan sát nào để ước lượng. Cột vẫn chiếm chỗ trong mọi bảng xếp hạng và làm người đọc tưởng nguồn đã có.,,KHÔNG CÓ TÁC DỤNG,false,Không đưa vào bảng phẳng. Sửa nguồn cũng vô ích vì sửa xong vẫn không nói được gì về nhu cầu.
lược đồ dwh,false,dim_locators,source_refs,phân loại,BỎ — rỗng hoàn toàn,100.0,,,false,,,0.0,rỗng hoặc hằng số — bỏ,KHÔNG CẦN THIẾT,ĐO ĐƯỢC,U1 Hằng số hoặc rỗng,"Phương sai bằng 0 nên thông tin tương hỗ với BẤT KỲ nhãn nào cũng bằng 0. Hệ quả toán học, không phải ngưỡng vận hành.",THIẾU,C1 Rỗng hoàn toàn · C2 Khuyết ≥ 95%,Không có quan sát nào để ước lượng. Cột vẫn chiếm chỗ trong mọi bảng xếp hạng và làm người đọc tưởng nguồn đã có.,,KHÔNG CÓ TÁC DỤNG,false,Không đưa vào bảng phẳng. Sửa nguồn cũng vô ích vì sửa xong vẫn không nói được gì về nhu cầu.
lược đồ dwh,false,dim_order_status,source_refs,phân loại,BỎ — rỗng hoàn toàn,100.0,,,false,,,0.0,rỗng hoặc hằng số — bỏ,KHÔNG CẦN THIẾT,ĐO ĐƯỢC,U1 Hằng số hoặc rỗng,"Phương sai bằng 0 nên thông tin tương hỗ với BẤT KỲ nhãn nào cũng bằng 0. Hệ quả toán học, không phải ngưỡng vận hành.",THIẾU,C1 Rỗng hoàn toàn · C2 Khuyết ≥ 95%,Không có quan sát nào để ước lượng. Cột vẫn chiếm chỗ trong mọi bảng xếp hạng và làm người đọc tưởng nguồn đã có.,,KHÔNG CÓ TÁC DỤNG,false,Không đưa vào bảng phẳng. Sửa nguồn cũng vô ích vì sửa xong vẫn không nói được gì về nhu cầu.
lược đồ dwh,false,dim_order_types,source_refs,phân loại,BỎ — rỗng hoàn toàn,100.0,,,false,,,0.0,rỗng hoặc hằng số — bỏ,KHÔNG CẦN THIẾT,ĐO ĐƯỢC,U1 Hằng số hoặc rỗng,"Phương sai bằng 0 nên thông tin tương hỗ với BẤT KỲ nhãn nào cũng bằng 0. Hệ quả toán học, không phải ngưỡng vận hành.",THIẾU,C1 Rỗng hoàn toàn · C2 Khuyết ≥ 95%,Không có quan sát nào để ước lượng. Cột vẫn chiếm chỗ trong mọi bảng xếp hạng và làm người đọc tưởng nguồn đã có.,,KHÔNG CÓ TÁC DỤNG,false,Không đưa vào bảng phẳng. Sửa nguồn cũng vô ích vì sửa xong vẫn không nói được gì về nhu cầu.
lược đồ dwh,false,dim_otif_reason,notes,phân loại,BỎ — hằng số,95.455,1.0,100.0,true,,,0.0,rỗng hoặc hằng số — bỏ,KHÔNG CẦN THIẾT,ĐO ĐƯỢC,U1 Hằng số hoặc rỗng,"Phương sai bằng 0 nên thông tin tương hỗ với BẤT KỲ nhãn nào cũng bằng 0. Hệ quả toán học, không phải ngưỡng vận hành.",THIẾU,C2 Khuyết ≥ 95%,"Phần quan sát còn lại quá mỏng để ước lượng ổn định. Chỉ nên giữ lại dưới dạng cờ có/không, không giữ giá trị.",,KHÔNG CÓ TÁC DỤNG,false,Không đưa vào bảng phẳng. Sửa nguồn cũng vô ích vì sửa xong vẫn không nói được gì về nhu cầu.
lược đồ dwh,false,dim_otif_reason,source_refs,phân loại,BỎ — rỗng hoàn toàn,100.0,,,false,,,0.0,rỗng hoặc hằng số — bỏ,KHÔNG CẦN THIẾT,ĐO ĐƯỢC,U1 Hằng số hoặc rỗng,"Phương sai bằng 0 nên thông tin tương hỗ với BẤT KỲ nhãn nào cũng bằng 0. Hệ quả toán học, không phải ngưỡng vận hành.",THIẾU,C1 Rỗng hoàn toàn · C2 Khuyết ≥ 95%,Không có quan sát nào để ước lượng. Cột vẫn chiếm chỗ trong mọi bảng xếp hạng và làm người đọc tưởng nguồn đã có.,,KHÔNG CÓ TÁC DỤNG,false,Không đưa vào bảng phẳng. Sửa nguồn cũng vô ích vì sửa xong vẫn không nói được gì về nhu cầu.
lược đồ dwh,false,dim_price_lists,effective_from,phân loại,BỎ — hằng số,99.725,1.0,100.0,true,,,0.0,rỗng hoặc hằng số — bỏ,KHÔNG CẦN THIẾT,ĐO ĐƯỢC,U1 Hằng số hoặc rỗng,"Phương sai bằng 0 nên thông tin tương hỗ với BẤT KỲ nhãn nào cũng bằng 0. Hệ quả toán học, không phải ngưỡng vận hành.",THIẾU,C2 Khuyết ≥ 95%,"Phần quan sát còn lại quá mỏng để ước lượng ổn định. Chỉ nên giữ lại dưới dạng cờ có/không, không giữ giá trị.",,KHÔNG CÓ TÁC DỤNG,false,Không đưa vào bảng phẳng. Sửa nguồn cũng vô ích vì sửa xong vẫn không nói được gì về nhu cầu.
lược đồ dwh,false,dim_price_lists,effective_to,phân loại,BỎ — rỗng hoàn toàn,100.0,0.0,,true,,,0.0,rỗng hoặc hằng số — bỏ,KHÔNG CẦN THIẾT,ĐO ĐƯỢC,U1 Hằng số hoặc rỗng,"Phương sai bằng 0 nên thông tin tương hỗ với BẤT KỲ nhãn nào cũng bằng 0. Hệ quả toán học, không phải ngưỡng vận hành.",THIẾU,C1 Rỗng hoàn toàn · C2 Khuyết ≥ 95%,Không có quan sát nào để ước lượng. Cột vẫn chiếm chỗ trong mọi bảng xếp hạng và làm người đọc tưởng nguồn đã có.,,KHÔNG CÓ TÁC DỤNG,false,Không đưa vào bảng phẳng. Sửa nguồn cũng vô ích vì sửa xong vẫn không nói được gì về nhu cầu.
lược đồ dwh,false,dim_product_brands,description,phân loại,đặc trưng,99.998,5.0,71.429,false,,,0.0,rỗng hoặc hằng số — bỏ,KHÔNG CẦN THIẾT,ĐO ĐƯỢC,U1 Hằng số hoặc rỗng,"Phương sai bằng 0 nên thông tin tương hỗ với BẤT KỲ nhãn nào cũng bằng 0. Hệ quả toán học, không phải ngưỡng vận hành.",THIẾU,C2 Khuyết ≥ 95%,"Phần quan sát còn lại quá mỏng để ước lượng ổn định. Chỉ nên giữ lại dưới dạng cờ có/không, không giữ giá trị.",,KHÔNG CÓ TÁC DỤNG,false,Không đưa vào bảng phẳng. Sửa nguồn cũng vô ích vì sửa xong vẫn không nói được gì về nhu cầu.
lược đồ dwh,false,dim_products,pack_size,phân loại,BỎ — rỗng hoàn toàn,100.0,0.0,,true,,,0.0,rỗng hoặc hằng số — bỏ,KHÔNG CẦN THIẾT,ĐO ĐƯỢC,U1 Hằng số hoặc rỗng,"Phương sai bằng 0 nên thông tin tương hỗ với BẤT KỲ nhãn nào cũng bằng 0. Hệ quả toán học, không phải ngưỡng vận hành.",THIẾU,C1 Rỗng hoàn toàn · C2 Khuyết ≥ 95%,Không có quan sát nào để ước lượng. Cột vẫn chiếm chỗ trong mọi bảng xếp hạng và làm người đọc tưởng nguồn đã có.,,KHÔNG CÓ TÁC DỤNG,false,Không đưa vào bảng phẳng. Sửa nguồn cũng vô ích vì sửa xong vẫn không nói được gì về nhu cầu.
lược đồ dwh,false,dim_products,sub_brand,phân loại,BỎ — rỗng hoàn toàn,100.0,0.0,,true,,,0.0,rỗng hoặc hằng số — bỏ,KHÔNG CẦN THIẾT,ĐO ĐƯỢC,U1 Hằng số hoặc rỗng,"Phương sai bằng 0 nên thông tin tương hỗ với BẤT KỲ nhãn nào cũng bằng 0. Hệ quả toán học, không phải ngưỡng vận hành.",THIẾU,C1 Rỗng hoàn toàn · C2 Khuyết ≥ 95%,Không có quan sát nào để ước lượng. Cột vẫn chiếm chỗ trong mọi bảng xếp hạng và làm người đọc tưởng nguồn đã có.,BỎ,KHÔNG CÓ TÁC DỤNG,false,Không đưa vào bảng phẳng. Sửa nguồn cũng vô ích vì sửa xong vẫn không nói được gì về nhu cầu.
lược đồ dwh,false,dim_products,volume,phân loại,BỎ — rỗng hoàn toàn,100.0,0.0,,true,,,0.0,rỗng hoặc hằng số — bỏ,KHÔNG CẦN THIẾT,ĐO ĐƯỢC,U1 Hằng số hoặc rỗng,"Phương sai bằng 0 nên thông tin tương hỗ với BẤT KỲ nhãn nào cũng bằng 0. Hệ quả toán học, không phải ngưỡng vận hành.",THIẾU,C1 Rỗng hoàn toàn · C2 Khuyết ≥ 95%,Không có quan sát nào để ước lượng. Cột vẫn chiếm chỗ trong mọi bảng xếp hạng và làm người đọc tưởng nguồn đã có.,BỎ,KHÔNG CÓ TÁC DỤNG,false,Không đưa vào bảng phẳng. Sửa nguồn cũng vô ích vì sửa xong vẫn không nói được gì về nhu cầu.
lược đồ dwh,false,dim_products,unit_per_pack,phân loại,BỎ — rỗng hoàn toàn,100.0,0.0,,true,,,0.0,rỗng hoặc hằng số — bỏ,KHÔNG CẦN THIẾT,ĐO ĐƯỢC,U1 Hằng số hoặc rỗng,"Phương sai bằng 0 nên thông tin tương hỗ với BẤT KỲ nhãn nào cũng bằng 0. Hệ quả toán học, không phải ngưỡng vận hành.",THIẾU,C1 Rỗng hoàn toàn · C2 Khuyết ≥ 95%,Không có quan sát nào để ước lượng. Cột vẫn chiếm chỗ trong mọi bảng xếp hạng và làm người đọc tưởng nguồn đã có.,BỎ,KHÔNG CÓ TÁC DỤNG,false,Không đưa vào bảng phẳng. Sửa nguồn cũng vô ích vì sửa xong vẫn không nói được gì về nhu cầu.
lược đồ dwh,false,dim_products,mt_price_exc_vat,số,BỎ — hằng số,99.725,1.0,14.286,true,,,0.0,rỗng hoặc hằng số — bỏ,KHÔNG CẦN THIẾT,ĐO ĐƯỢC,U1 Hằng số hoặc rỗng,"Phương sai bằng 0 nên thông tin tương hỗ với BẤT KỲ nhãn nào cũng bằng 0. Hệ quả toán học, không phải ngưỡng vận hành.",THIẾU,C2 Khuyết ≥ 95%,"Phần quan sát còn lại quá mỏng để ước lượng ổn định. Chỉ nên giữ lại dưới dạng cờ có/không, không giữ giá trị.",BỎ,KHÔNG CÓ TÁC DỤNG,false,Không đưa vào bảng phẳng. Sửa nguồn cũng vô ích vì sửa xong vẫn không nói được gì về nhu cầu.
lược đồ dwh,false,dim_products,mt_price_inc_vat,số,BỎ — hằng số,99.725,1.0,14.286,true,,,0.0,rỗng hoặc hằng số — bỏ,KHÔNG CẦN THIẾT,ĐO ĐƯỢC,U1 Hằng số hoặc rỗng,"Phương sai bằng 0 nên thông tin tương hỗ với BẤT KỲ nhãn nào cũng bằng 0. Hệ quả toán học, không phải ngưỡng vận hành.",THIẾU,C2 Khuyết ≥ 95%,"Phần quan sát còn lại quá mỏng để ước lượng ổn định. Chỉ nên giữ lại dưới dạng cờ có/không, không giữ giá trị.",BỎ,KHÔNG CÓ TÁC DỤNG,false,Không đưa vào bảng phẳng. Sửa nguồn cũng vô ích vì sửa xong vẫn không nói được gì về nhu cầu.
lược đồ dwh,false,dim_site_accounts,description,phân loại,BỎ — rỗng hoàn toàn,100.0,0.0,,true,,,0.0,rỗng hoặc hằng số — bỏ,KHÔNG CẦN THIẾT,ĐO ĐƯỢC,U1 Hằng số hoặc rỗng,"Phương sai bằng 0 nên thông tin tương hỗ với BẤT KỲ nhãn nào cũng bằng 0. Hệ quả toán học, không phải ngưỡng vận hành.",THIẾU,C1 Rỗng hoàn toàn · C2 Khuyết ≥ 95%,Không có quan sát nào để ước lượng. Cột vẫn chiếm chỗ trong mọi bảng xếp hạng và làm người đọc tưởng nguồn đã có.,,KHÔNG CÓ TÁC DỤNG,false,Không đưa vào bảng phẳng. Sửa nguồn cũng vô ích vì sửa xong vẫn không nói được gì về nhu cầu.
lược đồ dwh,false,dim_site_accounts,source_refs,phân loại,BỎ — rỗng hoàn toàn,100.0,,,false,,,0.0,rỗng hoặc hằng số — bỏ,KHÔNG CẦN THIẾT,ĐO ĐƯỢC,U1 Hằng số hoặc rỗng,"Phương sai bằng 0 nên thông tin tương hỗ với BẤT KỲ nhãn nào cũng bằng 0. Hệ quả toán học, không phải ngưỡng vận hành.",THIẾU,C1 Rỗng hoàn toàn · C2 Khuyết ≥ 95%,Không có quan sát nào để ước lượng. Cột vẫn chiếm chỗ trong mọi bảng xếp hạng và làm người đọc tưởng nguồn đã có.,,KHÔNG CÓ TÁC DỤNG,false,Không đưa vào bảng phẳng. Sửa nguồn cũng vô ích vì sửa xong vẫn không nói được gì về nhu cầu.
lược đồ dwh,false,dim_site_domains,source_refs,phân loại,BỎ — rỗng hoàn toàn,100.0,,,false,,,0.0,rỗng hoặc hằng số — bỏ,KHÔNG CẦN THIẾT,ĐO ĐƯỢC,U1 Hằng số hoặc rỗng,"Phương sai bằng 0 nên thông tin tương hỗ với BẤT KỲ nhãn nào cũng bằng 0. Hệ quả toán học, không phải ngưỡng vận hành.",THIẾU,C1 Rỗng hoàn toàn · C2 Khuyết ≥ 95%,Không có quan sát nào để ước lượng. Cột vẫn chiếm chỗ trong mọi bảng xếp hạng và làm người đọc tưởng nguồn đã có.,,KHÔNG CÓ TÁC DỤNG,false,Không đưa vào bảng phẳng. Sửa nguồn cũng vô ích vì sửa xong vẫn không nói được gì về nhu cầu.
lược đồ dwh,false,dim_stores,store_format,phân loại,BỎ — hằng số,99.998,1.0,20.0,true,,,0.0,rỗng hoặc hằng số — bỏ,KHÔNG CẦN THIẾT,ĐO ĐƯỢC,U1 Hằng số hoặc rỗng,"Phương sai bằng 0 nên thông tin tương hỗ với BẤT KỲ nhãn nào cũng bằng 0. Hệ quả toán học, không phải ngưỡng vận hành.",THIẾU,C2 Khuyết ≥ 95%,"Phần quan sát còn lại quá mỏng để ước lượng ổn định. Chỉ nên giữ lại dưới dạng cờ có/không, không giữ giá trị.",BỎ,KHÔNG CÓ TÁC DỤNG,false,Không đưa vào bảng phẳng. Sửa nguồn cũng vô ích vì sửa xong vẫn không nói được gì về nhu cầu.
lược đồ dwh,false,dim_stores,created_date,phân loại,thời gian — dẫn xuất đặc trưng,98.138,111.0,1.978,false,,,0.0,rỗng hoặc hằng số — bỏ,KHÔNG CẦN THIẾT,ĐO ĐƯỢC,U1 Hằng số hoặc rỗng,"Phương sai bằng 0 nên thông tin tương hỗ với BẤT KỲ nhãn nào cũng bằng 0. Hệ quả toán học, không phải ngưỡng vận hành.",THIẾU,C2 Khuyết ≥ 95%,"Phần quan sát còn lại quá mỏng để ước lượng ổn định. Chỉ nên giữ lại dưới dạng cờ có/không, không giữ giá trị.",,KHÔNG CÓ TÁC DỤNG,false,Không đưa vào bảng phẳng. Sửa nguồn cũng vô ích vì sửa xong vẫn không nói được gì về nhu cầu.
lược đồ dwh,false,dim_stores,freezer_qty,phân loại,BỎ — rỗng hoàn toàn,100.0,0.0,,true,,,0.0,rỗng hoặc hằng số — bỏ,KHÔNG CẦN THIẾT,ĐO ĐƯỢC,U1 Hằng số hoặc rỗng,"Phương sai bằng 0 nên thông tin tương hỗ với BẤT KỲ nhãn nào cũng bằng 0. Hệ quả toán học, không phải ngưỡng vận hành.",THIẾU,C1 Rỗng hoàn toàn · C2 Khuyết ≥ 95%,Không có quan sát nào để ước lượng. Cột vẫn chiếm chỗ trong mọi bảng xếp hạng và làm người đọc tưởng nguồn đã có.,,KHÔNG CÓ TÁC DỤNG,false,Không đưa vào bảng phẳng. Sửa nguồn cũng vô ích vì sửa xong vẫn không nói được gì về nhu cầu.
lược đồ dwh,false,dim_sub_inventories,representative,phân loại,BỎ — rỗng hoàn toàn,100.0,0.0,,true,,,0.0,rỗng hoặc hằng số — bỏ,KHÔNG CẦN THIẾT,ĐO ĐƯỢC,U1 Hằng số hoặc rỗng,"Phương sai bằng 0 nên thông tin tương hỗ với BẤT KỲ nhãn nào cũng bằng 0. Hệ quả toán học, không phải ngưỡng vận hành.",THIẾU,C1 Rỗng hoàn toàn · C2 Khuyết ≥ 95%,Không có quan sát nào để ước lượng. Cột vẫn chiếm chỗ trong mọi bảng xếp hạng và làm người đọc tưởng nguồn đã có.,,KHÔNG CÓ TÁC DỤNG,false,Không đưa vào bảng phẳng. Sửa nguồn cũng vô ích vì sửa xong vẫn không nói được gì về nhu cầu.
lược đồ dwh,false,dim_sub_inventories,position,phân loại,BỎ — rỗng hoàn toàn,100.0,0.0,,true,,,0.0,rỗng hoặc hằng số — bỏ,KHÔNG CẦN THIẾT,ĐO ĐƯỢC,U1 Hằng số hoặc rỗng,"Phương sai bằng 0 nên thông tin tương hỗ với BẤT KỲ nhãn nào cũng bằng 0. Hệ quả toán học, không phải ngưỡng vận hành.",THIẾU,C1 Rỗng hoàn toàn · C2 Khuyết ≥ 95%,Không có quan sát nào để ước lượng. Cột vẫn chiếm chỗ trong mọi bảng xếp hạng và làm người đọc tưởng nguồn đã có.,,KHÔNG CÓ TÁC DỤNG,false,Không đưa vào bảng phẳng. Sửa nguồn cũng vô ích vì sửa xong vẫn không nói được gì về nhu cầu.
lược đồ dwh,false,dim_suppliers,is_deleted,phân loại,BỎ — rỗng hoàn toàn,100.0,0.0,,true,,,0.0,rỗng hoặc hằng số — bỏ,KHÔNG CẦN THIẾT,ĐO ĐƯỢC,U1 Hằng số hoặc rỗng,"Phương sai bằng 0 nên thông tin tương hỗ với BẤT KỲ nhãn nào cũng bằng 0. Hệ quả toán học, không phải ngưỡng vận hành.",THIẾU,C1 Rỗng hoàn toàn · C2 Khuyết ≥ 95%,Không có quan sát nào để ước lượng. Cột vẫn chiếm chỗ trong mọi bảng xếp hạng và làm người đọc tưởng nguồn đã có.,,KHÔNG CÓ TÁC DỤNG,false,Không đưa vào bảng phẳng. Sửa nguồn cũng vô ích vì sửa xong vẫn không nói được gì về nhu cầu.
lược đồ dwh,false,dim_suppliers,valid_to,phân loại,BỎ — rỗng hoàn toàn,100.0,0.0,,true,,,0.0,rỗng hoặc hằng số — bỏ,KHÔNG CẦN THIẾT,ĐO ĐƯỢC,U1 Hằng số hoặc rỗng,"Phương sai bằng 0 nên thông tin tương hỗ với BẤT KỲ nhãn nào cũng bằng 0. Hệ quả toán học, không phải ngưỡng vận hành.",THIẾU,C1 Rỗng hoàn toàn · C2 Khuyết ≥ 95%,Không có quan sát nào để ước lượng. Cột vẫn chiếm chỗ trong mọi bảng xếp hạng và làm người đọc tưởng nguồn đã có.,,KHÔNG CÓ TÁC DỤNG,false,Không đưa vào bảng phẳng. Sửa nguồn cũng vô ích vì sửa xong vẫn không nói được gì về nhu cầu.
lược đồ dwh,false,dim_warehouses,warehouse_type,số,BỎ — hằng số,97.436,1.0,100.0,true,,,0.0,rỗng hoặc hằng số — bỏ,KHÔNG CẦN THIẾT,ĐO ĐƯỢC,U1 Hằng số hoặc rỗng,"Phương sai bằng 0 nên thông tin tương hỗ với BẤT KỲ nhãn nào cũng bằng 0. Hệ quả toán học, không phải ngưỡng vận hành.",THIẾU,C2 Khuyết ≥ 95%,"Phần quan sát còn lại quá mỏng để ước lượng ổn định. Chỉ nên giữ lại dưới dạng cờ có/không, không giữ giá trị.",,KHÔNG CÓ TÁC DỤNG,false,Không đưa vào bảng phẳng. Sửa nguồn cũng vô ích vì sửa xong vẫn không nói được gì về nhu cầu.
lược đồ dwh,false,dim_warehouses,min_stock_qty,phân loại,BỎ — rỗng hoàn toàn,100.0,0.0,,true,,,0.0,rỗng hoặc hằng số — bỏ,KHÔNG CẦN THIẾT,ĐO ĐƯỢC,U1 Hằng số hoặc rỗng,"Phương sai bằng 0 nên thông tin tương hỗ với BẤT KỲ nhãn nào cũng bằng 0. Hệ quả toán học, không phải ngưỡng vận hành.",THIẾU,C1 Rỗng hoàn toàn · C2 Khuyết ≥ 95%,Không có quan sát nào để ước lượng. Cột vẫn chiếm chỗ trong mọi bảng xếp hạng và làm người đọc tưởng nguồn đã có.,,KHÔNG CÓ TÁC DỤNG,false,Không đưa vào bảng phẳng. Sửa nguồn cũng vô ích vì sửa xong vẫn không nói được gì về nhu cầu.
lược đồ dwh,false,dim_warehouses,valid_to,phân loại,BỎ — rỗng hoàn toàn,100.0,0.0,,true,,,0.0,rỗng hoặc hằng số — bỏ,KHÔNG CẦN THIẾT,ĐO ĐƯỢC,U1 Hằng số hoặc rỗng,"Phương sai bằng 0 nên thông tin tương hỗ với BẤT KỲ nhãn nào cũng bằng 0. Hệ quả toán học, không phải ngưỡng vận hành.",THIẾU,C1 Rỗng hoàn toàn · C2 Khuyết ≥ 95%,Không có quan sát nào để ước lượng. Cột vẫn chiếm chỗ trong mọi bảng xếp hạng và làm người đọc tưởng nguồn đã có.,,KHÔNG CÓ TÁC DỤNG,false,Không đưa vào bảng phẳng. Sửa nguồn cũng vô ích vì sửa xong vẫn không nói được gì về nhu cầu.
lược đồ dwh,true,fact_asset_audits,condition_status,phân loại,BỎ — rỗng hoàn toàn,100.0,0.0,,true,,0.0,0.0,rỗng hoặc hằng số — bỏ,KHÔNG CẦN THIẾT,ĐO ĐƯỢC,U1 Hằng số hoặc rỗng,"Phương sai bằng 0 nên thông tin tương hỗ với BẤT KỲ nhãn nào cũng bằng 0. Hệ quả toán học, không phải ngưỡng vận hành.",THIẾU,C1 Rỗng hoàn toàn · C2 Khuyết ≥ 95%,Không có quan sát nào để ước lượng. Cột vẫn chiếm chỗ trong mọi bảng xếp hạng và làm người đọc tưởng nguồn đã có.,,KHÔNG CÓ TÁC DỤNG,false,Không đưa vào bảng phẳng. Sửa nguồn cũng vô ích vì sửa xong vẫn không nói được gì về nhu cầu.
lược đồ dwh,true,fact_asset_audits,notes,phân loại,BỎ — rỗng hoàn toàn,100.0,0.0,,true,,0.0,0.0,rỗng hoặc hằng số — bỏ,KHÔNG CẦN THIẾT,ĐO ĐƯỢC,U1 Hằng số hoặc rỗng,"Phương sai bằng 0 nên thông tin tương hỗ với BẤT KỲ nhãn nào cũng bằng 0. Hệ quả toán học, không phải ngưỡng vận hành.",THIẾU,C1 Rỗng hoàn toàn · C2 Khuyết ≥ 95%,Không có quan sát nào để ước lượng. Cột vẫn chiếm chỗ trong mọi bảng xếp hạng và làm người đọc tưởng nguồn đã có.,,KHÔNG CÓ TÁC DỤNG,false,Không đưa vào bảng phẳng. Sửa nguồn cũng vô ích vì sửa xong vẫn không nói được gì về nhu cầu.
lược đồ dwh,true,fact_asset_audits,source_refs,phân loại,BỎ — rỗng hoàn toàn,100.0,,,false,,0.0,0.0,rỗng hoặc hằng số — bỏ,KHÔNG CẦN THIẾT,ĐO ĐƯỢC,U1 Hằng số hoặc rỗng,"Phương sai bằng 0 nên thông tin tương hỗ với BẤT KỲ nhãn nào cũng bằng 0. Hệ quả toán học, không phải ngưỡng vận hành.",THIẾU,C1 Rỗng hoàn toàn · C2 Khuyết ≥ 95%,Không có quan sát nào để ước lượng. Cột vẫn chiếm chỗ trong mọi bảng xếp hạng và làm người đọc tưởng nguồn đã có.,,KHÔNG CÓ TÁC DỤNG,false,Không đưa vào bảng phẳng. Sửa nguồn cũng vô ích vì sửa xong vẫn không nói được gì về nhu cầu.
lược đồ dwh,true,fact_asset_audits,batch_id,phân loại,BỎ — rỗng hoàn toàn,100.0,0.0,,true,,0.0,0.0,rỗng hoặc hằng số — bỏ,KHÔNG CẦN THIẾT,ĐO ĐƯỢC,U1 Hằng số hoặc rỗng,"Phương sai bằng 0 nên thông tin tương hỗ với BẤT KỲ nhãn nào cũng bằng 0. Hệ quả toán học, không phải ngưỡng vận hành.",THIẾU,C1 Rỗng hoàn toàn · C2 Khuyết ≥ 95%,Không có quan sát nào để ước lượng. Cột vẫn chiếm chỗ trong mọi bảng xếp hạng và làm người đọc tưởng nguồn đã có.,,KHÔNG CÓ TÁC DỤNG,false,Không đưa vào bảng phẳng. Sửa nguồn cũng vô ích vì sửa xong vẫn không nói được gì về nhu cầu.
lược đồ dwh,true,fact_delivery_details,serial,phân loại,khoá ngoại — dùng như biến phân loại,99.992,18.0,75.0,false,,-1446.0,0.0,rỗng hoặc hằng số — bỏ,KHÔNG CẦN THIẾT,ĐO ĐƯỢC,U1 Hằng số hoặc rỗng,"Phương sai bằng 0 nên thông tin tương hỗ với BẤT KỲ nhãn nào cũng bằng 0. Hệ quả toán học, không phải ngưỡng vận hành.",THIẾU,C2 Khuyết ≥ 95%,"Phần quan sát còn lại quá mỏng để ước lượng ổn định. Chỉ nên giữ lại dưới dạng cờ có/không, không giữ giá trị.",,KHÔNG CÓ TÁC DỤNG,false,Không đưa vào bảng phẳng. Sửa nguồn cũng vô ích vì sửa xong vẫn không nói được gì về nhu cầu.
lược đồ dwh,true,fact_inventory_transactions,expiry_date,phân loại,BỎ — rỗng hoàn toàn,100.0,0.0,,true,,0.0,0.0,rỗng hoặc hằng số — bỏ,KHÔNG CẦN THIẾT,ĐO ĐƯỢC,U1 Hằng số hoặc rỗng,"Phương sai bằng 0 nên thông tin tương hỗ với BẤT KỲ nhãn nào cũng bằng 0. Hệ quả toán học, không phải ngưỡng vận hành.",THIẾU,C1 Rỗng hoàn toàn · C2 Khuyết ≥ 95%,Không có quan sát nào để ước lượng. Cột vẫn chiếm chỗ trong mọi bảng xếp hạng và làm người đọc tưởng nguồn đã có.,,KHÔNG CÓ TÁC DỤNG,false,Không đưa vào bảng phẳng. Sửa nguồn cũng vô ích vì sửa xong vẫn không nói được gì về nhu cầu.
lược đồ dwh,true,fact_order_lines,visit_key,phân loại,BỎ — rỗng hoàn toàn,100.0,0.0,,true,,0.0,0.0,rỗng hoặc hằng số — bỏ,KHÔNG CẦN THIẾT,ĐO ĐƯỢC,U1 Hằng số hoặc rỗng,"Phương sai bằng 0 nên thông tin tương hỗ với BẤT KỲ nhãn nào cũng bằng 0. Hệ quả toán học, không phải ngưỡng vận hành.",THIẾU,C1 Rỗng hoàn toàn · C2 Khuyết ≥ 95%,Không có quan sát nào để ước lượng. Cột vẫn chiếm chỗ trong mọi bảng xếp hạng và làm người đọc tưởng nguồn đã có.,,KHÔNG CÓ TÁC DỤNG,false,Không đưa vào bảng phẳng. Sửa nguồn cũng vô ích vì sửa xong vẫn không nói được gì về nhu cầu.
lược đồ dwh,true,fact_order_lines,category_id,phân loại,BỎ — rỗng hoàn toàn,100.0,0.0,,true,0.0,0.0,0.0,rỗng hoặc hằng số — bỏ,KHÔNG CẦN THIẾT,ĐO ĐƯỢC,U1 Hằng số hoặc rỗng,"Phương sai bằng 0 nên thông tin tương hỗ với BẤT KỲ nhãn nào cũng bằng 0. Hệ quả toán học, không phải ngưỡng vận hành.",THIẾU,C1 Rỗng hoàn toàn · C2 Khuyết ≥ 95%,Không có quan sát nào để ước lượng. Cột vẫn chiếm chỗ trong mọi bảng xếp hạng và làm người đọc tưởng nguồn đã có.,DÙNG — mã hoá phân loại,KHÔNG CÓ TÁC DỤNG,false,Không đưa vào bảng phẳng. Sửa nguồn cũng vô ích vì sửa xong vẫn không nói được gì về nhu cầu.
lược đồ dwh,true,fact_order_lines,reason_code,phân loại,BỎ — rỗng hoàn toàn,100.0,0.0,,true,,0.0,0.0,rỗng hoặc hằng số — bỏ,KHÔNG CẦN THIẾT,ĐO ĐƯỢC,U1 Hằng số hoặc rỗng,"Phương sai bằng 0 nên thông tin tương hỗ với BẤT KỲ nhãn nào cũng bằng 0. Hệ quả toán học, không phải ngưỡng vận hành.",THIẾU,C1 Rỗng hoàn toàn · C2 Khuyết ≥ 95%,Không có quan sát nào để ước lượng. Cột vẫn chiếm chỗ trong mọi bảng xếp hạng và làm người đọc tưởng nguồn đã có.,,KHÔNG CÓ TÁC DỤNG,false,Không đưa vào bảng phẳng. Sửa nguồn cũng vô ích vì sửa xong vẫn không nói được gì về nhu cầu.
lược đồ dwh,true,fact_order_lines,erp_deleted_source,phân loại,đặc trưng,99.944,2.0,1.212,false,,0.0,0.0,rỗng hoặc hằng số — bỏ,KHÔNG CẦN THIẾT,ĐO ĐƯỢC,U1 Hằng số hoặc rỗng,"Phương sai bằng 0 nên thông tin tương hỗ với BẤT KỲ nhãn nào cũng bằng 0. Hệ quả toán học, không phải ngưỡng vận hành.",THIẾU,C2 Khuyết ≥ 95%,"Phần quan sát còn lại quá mỏng để ước lượng ổn định. Chỉ nên giữ lại dưới dạng cờ có/không, không giữ giá trị.",,KHÔNG CÓ TÁC DỤNG,false,Không đưa vào bảng phẳng. Sửa nguồn cũng vô ích vì sửa xong vẫn không nói được gì về nhu cầu.
lược đồ dwh,true,fact_order_status_timeline,source_refs,phân loại,BỎ — rỗng hoàn toàn,100.0,,,false,,0.0,0.0,rỗng hoặc hằng số — bỏ,KHÔNG CẦN THIẾT,ĐO ĐƯỢC,U1 Hằng số hoặc rỗng,"Phương sai bằng 0 nên thông tin tương hỗ với BẤT KỲ nhãn nào cũng bằng 0. Hệ quả toán học, không phải ngưỡng vận hành.",THIẾU,C1 Rỗng hoàn toàn · C2 Khuyết ≥ 95%,Không có quan sát nào để ước lượng. Cột vẫn chiếm chỗ trong mọi bảng xếp hạng và làm người đọc tưởng nguồn đã có.,,KHÔNG CÓ TÁC DỤNG,false,Không đưa vào bảng phẳng. Sửa nguồn cũng vô ích vì sửa xong vẫn không nói được gì về nhu cầu.
lược đồ dwh,true,fact_order_status_timeline,returned_at,phân loại,thời gian — dẫn xuất đặc trưng,99.902,10.0,3.367,false,,0.0,0.0,rỗng hoặc hằng số — bỏ,KHÔNG CẦN THIẾT,ĐO ĐƯỢC,U1 Hằng số hoặc rỗng,"Phương sai bằng 0 nên thông tin tương hỗ với BẤT KỲ nhãn nào cũng bằng 0. Hệ quả toán học, không phải ngưỡng vận hành.",THIẾU,C2 Khuyết ≥ 95%,"Phần quan sát còn lại quá mỏng để ước lượng ổn định. Chỉ nên giữ lại dưới dạng cờ có/không, không giữ giá trị.",,KHÔNG CÓ TÁC DỤNG,false,Không đưa vào bảng phẳng. Sửa nguồn cũng vô ích vì sửa xong vẫn không nói được gì về nhu cầu.
lược đồ dwh,true,fact_promo_budget_available,allocation_status,phân loại,BỎ — rỗng hoàn toàn,100.0,0.0,,true,,0.0,0.0,rỗng hoặc hằng số — bỏ,KHÔNG CẦN THIẾT,ĐO ĐƯỢC,U1 Hằng số hoặc rỗng,"Phương sai bằng 0 nên thông tin tương hỗ với BẤT KỲ nhãn nào cũng bằng 0. Hệ quả toán học, không phải ngưỡng vận hành.",THIẾU,C1 Rỗng hoàn toàn · C2 Khuyết ≥ 95%,Không có quan sát nào để ước lượng. Cột vẫn chiếm chỗ trong mọi bảng xếp hạng và làm người đọc tưởng nguồn đã có.,,KHÔNG CÓ TÁC DỤNG,false,Không đưa vào bảng phẳng. Sửa nguồn cũng vô ích vì sửa xong vẫn không nói được gì về nhu cầu.
lược đồ dwh,false,zz_archive_om_orphans_20260804,chain_key,phân loại,BỎ — rỗng hoàn toàn,100.0,0.0,,true,0.0,,0.0,rỗng hoặc hằng số — bỏ,KHÔNG CẦN THIẾT,ĐO ĐƯỢC,U1 Hằng số hoặc rỗng,"Phương sai bằng 0 nên thông tin tương hỗ với BẤT KỲ nhãn nào cũng bằng 0. Hệ quả toán học, không phải ngưỡng vận hành.",THIẾU,C1 Rỗng hoàn toàn · C2 Khuyết ≥ 95%,Không có quan sát nào để ước lượng. Cột vẫn chiếm chỗ trong mọi bảng xếp hạng và làm người đọc tưởng nguồn đã có.,BỎ,KHÔNG CÓ TÁC DỤNG,false,Không đưa vào bảng phẳng. Sửa nguồn cũng vô ích vì sửa xong vẫn không nói được gì về nhu cầu.
lược đồ dwh,false,zz_archive_om_orphans_20260804,visit_key,phân loại,BỎ — rỗng hoàn toàn,100.0,0.0,,true,,,0.0,rỗng hoặc hằng số — bỏ,KHÔNG CẦN THIẾT,ĐO ĐƯỢC,U1 Hằng số hoặc rỗng,"Phương sai bằng 0 nên thông tin tương hỗ với BẤT KỲ nhãn nào cũng bằng 0. Hệ quả toán học, không phải ngưỡng vận hành.",THIẾU,C1 Rỗng hoàn toàn · C2 Khuyết ≥ 95%,Không có quan sát nào để ước lượng. Cột vẫn chiếm chỗ trong mọi bảng xếp hạng và làm người đọc tưởng nguồn đã có.,,KHÔNG CÓ TÁC DỤNG,false,Không đưa vào bảng phẳng. Sửa nguồn cũng vô ích vì sửa xong vẫn không nói được gì về nhu cầu.
lược đồ dwh,false,zz_archive_om_orphans_20260804,order_timestamp,phân loại,BỎ — rỗng hoàn toàn,100.0,0.0,,true,,,0.0,rỗng hoặc hằng số — bỏ,KHÔNG CẦN THIẾT,ĐO ĐƯỢC,U1 Hằng số hoặc rỗng,"Phương sai bằng 0 nên thông tin tương hỗ với BẤT KỲ nhãn nào cũng bằng 0. Hệ quả toán học, không phải ngưỡng vận hành.",THIẾU,C1 Rỗng hoàn toàn · C2 Khuyết ≥ 95%,Không có quan sát nào để ước lượng. Cột vẫn chiếm chỗ trong mọi bảng xếp hạng và làm người đọc tưởng nguồn đã có.,,KHÔNG CÓ TÁC DỤNG,false,Không đưa vào bảng phẳng. Sửa nguồn cũng vô ích vì sửa xong vẫn không nói được gì về nhu cầu.
lược đồ dwh,false,zz_archive_om_orphans_20260804,raw_created_at,phân loại,BỎ — rỗng hoàn toàn,100.0,0.0,,true,,,0.0,rỗng hoặc hằng số — bỏ,KHÔNG CẦN THIẾT,ĐO ĐƯỢC,U1 Hằng số hoặc rỗng,"Phương sai bằng 0 nên thông tin tương hỗ với BẤT KỲ nhãn nào cũng bằng 0. Hệ quả toán học, không phải ngưỡng vận hành.",THIẾU,C1 Rỗng hoàn toàn · C2 Khuyết ≥ 95%,Không có quan sát nào để ước lượng. Cột vẫn chiếm chỗ trong mọi bảng xếp hạng và làm người đọc tưởng nguồn đã có.,,KHÔNG CÓ TÁC DỤNG,false,Không đưa vào bảng phẳng. Sửa nguồn cũng vô ích vì sửa xong vẫn không nói được gì về nhu cầu.
lược đồ dwh,false,zz_archive_om_orphans_20260804,schedule_ship_date,phân loại,BỎ — rỗng hoàn toàn,100.0,0.0,,true,,,0.0,rỗng hoặc hằng số — bỏ,KHÔNG CẦN THIẾT,ĐO ĐƯỢC,U1 Hằng số hoặc rỗng,"Phương sai bằng 0 nên thông tin tương hỗ với BẤT KỲ nhãn nào cũng bằng 0. Hệ quả toán học, không phải ngưỡng vận hành.",THIẾU,C1 Rỗng hoàn toàn · C2 Khuyết ≥ 95%,Không có quan sát nào để ước lượng. Cột vẫn chiếm chỗ trong mọi bảng xếp hạng và làm người đọc tưởng nguồn đã có.,,KHÔNG CÓ TÁC DỤNG,false,Không đưa vào bảng phẳng. Sửa nguồn cũng vô ích vì sửa xong vẫn không nói được gì về nhu cầu.
lược đồ dwh,false,zz_archive_om_orphans_20260804,vat_percent,phân loại,BỎ — rỗng hoàn toàn,100.0,0.0,,true,,,0.0,rỗng hoặc hằng số — bỏ,KHÔNG CẦN THIẾT,ĐO ĐƯỢC,U1 Hằng số hoặc rỗng,"Phương sai bằng 0 nên thông tin tương hỗ với BẤT KỲ nhãn nào cũng bằng 0. Hệ quả toán học, không phải ngưỡng vận hành.",THIẾU,C1 Rỗng hoàn toàn · C2 Khuyết ≥ 95%,Không có quan sát nào để ước lượng. Cột vẫn chiếm chỗ trong mọi bảng xếp hạng và làm người đọc tưởng nguồn đã có.,,KHÔNG CÓ TÁC DỤNG,false,Không đưa vào bảng phẳng. Sửa nguồn cũng vô ích vì sửa xong vẫn không nói được gì về nhu cầu.
lược đồ dwh,false,zz_archive_om_orphans_20260804,unit_price_after_discount_before_vat,phân loại,BỎ — rỗng hoàn toàn,100.0,0.0,,true,,,0.0,rỗng hoặc hằng số — bỏ,KHÔNG CẦN THIẾT,ĐO ĐƯỢC,U1 Hằng số hoặc rỗng,"Phương sai bằng 0 nên thông tin tương hỗ với BẤT KỲ nhãn nào cũng bằng 0. Hệ quả toán học, không phải ngưỡng vận hành.",THIẾU,C1 Rỗng hoàn toàn · C2 Khuyết ≥ 95%,Không có quan sát nào để ước lượng. Cột vẫn chiếm chỗ trong mọi bảng xếp hạng và làm người đọc tưởng nguồn đã có.,,KHÔNG CÓ TÁC DỤNG,false,Không đưa vào bảng phẳng. Sửa nguồn cũng vô ích vì sửa xong vẫn không nói được gì về nhu cầu.
lược đồ dwh,false,zz_archive_om_orphans_20260804,unit_price_after_discount_after_vat,phân loại,BỎ — rỗng hoàn toàn,100.0,0.0,,true,,,0.0,rỗng hoặc hằng số — bỏ,KHÔNG CẦN THIẾT,ĐO ĐƯỢC,U1 Hằng số hoặc rỗng,"Phương sai bằng 0 nên thông tin tương hỗ với BẤT KỲ nhãn nào cũng bằng 0. Hệ quả toán học, không phải ngưỡng vận hành.",THIẾU,C1 Rỗng hoàn toàn · C2 Khuyết ≥ 95%,Không có quan sát nào để ước lượng. Cột vẫn chiếm chỗ trong mọi bảng xếp hạng và làm người đọc tưởng nguồn đã có.,,KHÔNG CÓ TÁC DỤNG,false,Không đưa vào bảng phẳng. Sửa nguồn cũng vô ích vì sửa xong vẫn không nói được gì về nhu cầu.
lược đồ dwh,false,zz_archive_om_orphans_20260804,unit_price,phân loại,BỎ — rỗng hoàn toàn,100.0,0.0,,true,,,0.0,rỗng hoặc hằng số — bỏ,KHÔNG CẦN THIẾT,ĐO ĐƯỢC,U1 Hằng số hoặc rỗng,"Phương sai bằng 0 nên thông tin tương hỗ với BẤT KỲ nhãn nào cũng bằng 0. Hệ quả toán học, không phải ngưỡng vận hành.",THIẾU,C1 Rỗng hoàn toàn · C2 Khuyết ≥ 95%,Không có quan sát nào để ước lượng. Cột vẫn chiếm chỗ trong mọi bảng xếp hạng và làm người đọc tưởng nguồn đã có.,,KHÔNG CÓ TÁC DỤNG,false,Không đưa vào bảng phẳng. Sửa nguồn cũng vô ích vì sửa xong vẫn không nói được gì về nhu cầu.
lược đồ dwh,false,zz_archive_om_orphans_20260804,discount_percent,phân loại,BỎ — rỗng hoàn toàn,100.0,0.0,,true,,,0.0,rỗng hoặc hằng số — bỏ,KHÔNG CẦN THIẾT,ĐO ĐƯỢC,U1 Hằng số hoặc rỗng,"Phương sai bằng 0 nên thông tin tương hỗ với BẤT KỲ nhãn nào cũng bằng 0. Hệ quả toán học, không phải ngưỡng vận hành.",THIẾU,C1 Rỗng hoàn toàn · C2 Khuyết ≥ 95%,Không có quan sát nào để ước lượng. Cột vẫn chiếm chỗ trong mọi bảng xếp hạng và làm người đọc tưởng nguồn đã có.,,KHÔNG CÓ TÁC DỤNG,false,Không đưa vào bảng phẳng. Sửa nguồn cũng vô ích vì sửa xong vẫn không nói được gì về nhu cầu.
lược đồ dwh,false,zz_archive_om_orphans_20260804,amount_before_discount,phân loại,BỎ — rỗng hoàn toàn,100.0,0.0,,true,,,0.0,rỗng hoặc hằng số — bỏ,KHÔNG CẦN THIẾT,ĐO ĐƯỢC,U1 Hằng số hoặc rỗng,"Phương sai bằng 0 nên thông tin tương hỗ với BẤT KỲ nhãn nào cũng bằng 0. Hệ quả toán học, không phải ngưỡng vận hành.",THIẾU,C1 Rỗng hoàn toàn · C2 Khuyết ≥ 95%,Không có quan sát nào để ước lượng. Cột vẫn chiếm chỗ trong mọi bảng xếp hạng và làm người đọc tưởng nguồn đã có.,,KHÔNG CÓ TÁC DỤNG,false,Không đưa vào bảng phẳng. Sửa nguồn cũng vô ích vì sửa xong vẫn không nói được gì về nhu cầu.
lược đồ dwh,false,zz_archive_om_orphans_20260804,discount_amount_before_vat,phân loại,BỎ — rỗng hoàn toàn,100.0,0.0,,true,,,0.0,rỗng hoặc hằng số — bỏ,KHÔNG CẦN THIẾT,ĐO ĐƯỢC,U1 Hằng số hoặc rỗng,"Phương sai bằng 0 nên thông tin tương hỗ với BẤT KỲ nhãn nào cũng bằng 0. Hệ quả toán học, không phải ngưỡng vận hành.",THIẾU,C1 Rỗng hoàn toàn · C2 Khuyết ≥ 95%,Không có quan sát nào để ước lượng. Cột vẫn chiếm chỗ trong mọi bảng xếp hạng và làm người đọc tưởng nguồn đã có.,,KHÔNG CÓ TÁC DỤNG,false,Không đưa vào bảng phẳng. Sửa nguồn cũng vô ích vì sửa xong vẫn không nói được gì về nhu cầu.
lược đồ dwh,false,zz_archive_om_orphans_20260804,net_revenue,phân loại,BỎ — rỗng hoàn toàn,100.0,0.0,,true,,,0.0,rỗng hoặc hằng số — bỏ,KHÔNG CẦN THIẾT,ĐO ĐƯỢC,U1 Hằng số hoặc rỗng,"Phương sai bằng 0 nên thông tin tương hỗ với BẤT KỲ nhãn nào cũng bằng 0. Hệ quả toán học, không phải ngưỡng vận hành.",THIẾU,C1 Rỗng hoàn toàn · C2 Khuyết ≥ 95%,Không có quan sát nào để ước lượng. Cột vẫn chiếm chỗ trong mọi bảng xếp hạng và làm người đọc tưởng nguồn đã có.,BỎ,KHÔNG CÓ TÁC DỤNG,false,Không đưa vào bảng phẳng. Sửa nguồn cũng vô ích vì sửa xong vẫn không nói được gì về nhu cầu.
lược đồ dwh,false,zz_archive_om_orphans_20260804,order_line_type,phân loại,BỎ — rỗng hoàn toàn,100.0,0.0,,true,,,0.0,rỗng hoặc hằng số — bỏ,KHÔNG CẦN THIẾT,ĐO ĐƯỢC,U1 Hằng số hoặc rỗng,"Phương sai bằng 0 nên thông tin tương hỗ với BẤT KỲ nhãn nào cũng bằng 0. Hệ quả toán học, không phải ngưỡng vận hành.",THIẾU,C1 Rỗng hoàn toàn · C2 Khuyết ≥ 95%,Không có quan sát nào để ước lượng. Cột vẫn chiếm chỗ trong mọi bảng xếp hạng và làm người đọc tưởng nguồn đã có.,,KHÔNG CÓ TÁC DỤNG,false,Không đưa vào bảng phẳng. Sửa nguồn cũng vô ích vì sửa xong vẫn không nói được gì về nhu cầu.
lược đồ dwh,false,zz_archive_om_orphans_20260804,delivery_days_sla,số,BỎ — hằng số,98.879,1.0,20.0,true,,,0.0,rỗng hoặc hằng số — bỏ,KHÔNG CẦN THIẾT,ĐO ĐƯỢC,U1 Hằng số hoặc rỗng,"Phương sai bằng 0 nên thông tin tương hỗ với BẤT KỲ nhãn nào cũng bằng 0. Hệ quả toán học, không phải ngưỡng vận hành.",THIẾU,C2 Khuyết ≥ 95%,"Phần quan sát còn lại quá mỏng để ước lượng ổn định. Chỉ nên giữ lại dưới dạng cờ có/không, không giữ giá trị.",,KHÔNG CÓ TÁC DỤNG,false,Không đưa vào bảng phẳng. Sửa nguồn cũng vô ích vì sửa xong vẫn không nói được gì về nhu cầu.
lược đồ dwh,false,zz_archive_om_orphans_20260804,supervisor_employee_id,phân loại,BỎ — rỗng hoàn toàn,100.0,0.0,,true,0.0,,0.0,rỗng hoặc hằng số — bỏ,KHÔNG CẦN THIẾT,ĐO ĐƯỢC,U1 Hằng số hoặc rỗng,"Phương sai bằng 0 nên thông tin tương hỗ với BẤT KỲ nhãn nào cũng bằng 0. Hệ quả toán học, không phải ngưỡng vận hành.",THIẾU,C1 Rỗng hoàn toàn · C2 Khuyết ≥ 95%,Không có quan sát nào để ước lượng. Cột vẫn chiếm chỗ trong mọi bảng xếp hạng và làm người đọc tưởng nguồn đã có.,,KHÔNG CÓ TÁC DỤNG,false,Không đưa vào bảng phẳng. Sửa nguồn cũng vô ích vì sửa xong vẫn không nói được gì về nhu cầu.
lược đồ dwh,false,zz_archive_om_orphans_20260804,asm_employee_id,phân loại,BỎ — rỗng hoàn toàn,100.0,0.0,,true,0.0,,0.0,rỗng hoặc hằng số — bỏ,KHÔNG CẦN THIẾT,ĐO ĐƯỢC,U1 Hằng số hoặc rỗng,"Phương sai bằng 0 nên thông tin tương hỗ với BẤT KỲ nhãn nào cũng bằng 0. Hệ quả toán học, không phải ngưỡng vận hành.",THIẾU,C1 Rỗng hoàn toàn · C2 Khuyết ≥ 95%,Không có quan sát nào để ước lượng. Cột vẫn chiếm chỗ trong mọi bảng xếp hạng và làm người đọc tưởng nguồn đã có.,,KHÔNG CÓ TÁC DỤNG,false,Không đưa vào bảng phẳng. Sửa nguồn cũng vô ích vì sửa xong vẫn không nói được gì về nhu cầu.
lược đồ dwh,false,zz_archive_om_orphans_20260804,category_id,phân loại,BỎ — rỗng hoàn toàn,100.0,0.0,,true,0.0,,0.0,rỗng hoặc hằng số — bỏ,KHÔNG CẦN THIẾT,ĐO ĐƯỢC,U1 Hằng số hoặc rỗng,"Phương sai bằng 0 nên thông tin tương hỗ với BẤT KỲ nhãn nào cũng bằng 0. Hệ quả toán học, không phải ngưỡng vận hành.",THIẾU,C1 Rỗng hoàn toàn · C2 Khuyết ≥ 95%,Không có quan sát nào để ước lượng. Cột vẫn chiếm chỗ trong mọi bảng xếp hạng và làm người đọc tưởng nguồn đã có.,DÙNG — mã hoá phân loại,KHÔNG CÓ TÁC DỤNG,false,Không đưa vào bảng phẳng. Sửa nguồn cũng vô ích vì sửa xong vẫn không nói được gì về nhu cầu.
lược đồ dwh,false,zz_archive_om_orphans_20260804,row_hash,phân loại,BỎ — rỗng hoàn toàn,100.0,0.0,,true,,,0.0,rỗng hoặc hằng số — bỏ,KHÔNG CẦN THIẾT,ĐO ĐƯỢC,U1 Hằng số hoặc rỗng,"Phương sai bằng 0 nên thông tin tương hỗ với BẤT KỲ nhãn nào cũng bằng 0. Hệ quả toán học, không phải ngưỡng vận hành.",THIẾU,C1 Rỗng hoàn toàn · C2 Khuyết ≥ 95%,Không có quan sát nào để ước lượng. Cột vẫn chiếm chỗ trong mọi bảng xếp hạng và làm người đọc tưởng nguồn đã có.,,KHÔNG CÓ TÁC DỤNG,false,Không đưa vào bảng phẳng. Sửa nguồn cũng vô ích vì sửa xong vẫn không nói được gì về nhu cầu.
lược đồ dwh,false,zz_archive_om_orphans_20260804,sales_flow,phân loại,BỎ — rỗng hoàn toàn,100.0,0.0,,true,,,0.0,rỗng hoặc hằng số — bỏ,KHÔNG CẦN THIẾT,ĐO ĐƯỢC,U1 Hằng số hoặc rỗng,"Phương sai bằng 0 nên thông tin tương hỗ với BẤT KỲ nhãn nào cũng bằng 0. Hệ quả toán học, không phải ngưỡng vận hành.",THIẾU,C1 Rỗng hoàn toàn · C2 Khuyết ≥ 95%,Không có quan sát nào để ước lượng. Cột vẫn chiếm chỗ trong mọi bảng xếp hạng và làm người đọc tưởng nguồn đã có.,,KHÔNG CÓ TÁC DỤNG,false,Không đưa vào bảng phẳng. Sửa nguồn cũng vô ích vì sửa xong vẫn không nói được gì về nhu cầu.
lược đồ dwh,false,zz_archive_om_orphans_20260804,source_refs,phân loại,BỎ — rỗng hoàn toàn,100.0,,,false,,,0.0,rỗng hoặc hằng số — bỏ,KHÔNG CẦN THIẾT,ĐO ĐƯỢC,U1 Hằng số hoặc rỗng,"Phương sai bằng 0 nên thông tin tương hỗ với BẤT KỲ nhãn nào cũng bằng 0. Hệ quả toán học, không phải ngưỡng vận hành.",THIẾU,C1 Rỗng hoàn toàn · C2 Khuyết ≥ 95%,Không có quan sát nào để ước lượng. Cột vẫn chiếm chỗ trong mọi bảng xếp hạng và làm người đọc tưởng nguồn đã có.,,KHÔNG CÓ TÁC DỤNG,false,Không đưa vào bảng phẳng. Sửa nguồn cũng vô ích vì sửa xong vẫn không nói được gì về nhu cầu.
lược đồ dwh,false,zz_archive_om_orphans_20260804,batch_id,phân loại,BỎ — rỗng hoàn toàn,100.0,0.0,,true,,,0.0,rỗng hoặc hằng số — bỏ,KHÔNG CẦN THIẾT,ĐO ĐƯỢC,U1 Hằng số hoặc rỗng,"Phương sai bằng 0 nên thông tin tương hỗ với BẤT KỲ nhãn nào cũng bằng 0. Hệ quả toán học, không phải ngưỡng vận hành.",THIẾU,C1 Rỗng hoàn toàn · C2 Khuyết ≥ 95%,Không có quan sát nào để ước lượng. Cột vẫn chiếm chỗ trong mọi bảng xếp hạng và làm người đọc tưởng nguồn đã có.,,KHÔNG CÓ TÁC DỤNG,false,Không đưa vào bảng phẳng. Sửa nguồn cũng vô ích vì sửa xong vẫn không nói được gì về nhu cầu.
lược đồ dwh,false,zz_archive_om_orphans_20260804,reason_code,phân loại,BỎ — rỗng hoàn toàn,100.0,0.0,,true,,,0.0,rỗng hoặc hằng số — bỏ,KHÔNG CẦN THIẾT,ĐO ĐƯỢC,U1 Hằng số hoặc rỗng,"Phương sai bằng 0 nên thông tin tương hỗ với BẤT KỲ nhãn nào cũng bằng 0. Hệ quả toán học, không phải ngưỡng vận hành.",THIẾU,C1 Rỗng hoàn toàn · C2 Khuyết ≥ 95%,Không có quan sát nào để ước lượng. Cột vẫn chiếm chỗ trong mọi bảng xếp hạng và làm người đọc tưởng nguồn đã có.,,KHÔNG CÓ TÁC DỤNG,false,Không đưa vào bảng phẳng. Sửa nguồn cũng vô ích vì sửa xong vẫn không nói được gì về nhu cầu.
lược đồ dwh,false,zz_archive_om_orphans_20260804,canceled_reason_line,phân loại,BỎ — hằng số,99.552,1.0,50.0,true,,,0.0,rỗng hoặc hằng số — bỏ,KHÔNG CẦN THIẾT,ĐO ĐƯỢC,U1 Hằng số hoặc rỗng,"Phương sai bằng 0 nên thông tin tương hỗ với BẤT KỲ nhãn nào cũng bằng 0. Hệ quả toán học, không phải ngưỡng vận hành.",THIẾU,C2 Khuyết ≥ 95%,"Phần quan sát còn lại quá mỏng để ước lượng ổn định. Chỉ nên giữ lại dưới dạng cờ có/không, không giữ giá trị.",,KHÔNG CÓ TÁC DỤNG,false,Không đưa vào bảng phẳng. Sửa nguồn cũng vô ích vì sửa xong vẫn không nói được gì về nhu cầu.
lược đồ dwh,false,zz_archive_om_orphans_20260804,canceled_note,phân loại,BỎ — rỗng hoàn toàn,100.0,0.0,,true,,,0.0,rỗng hoặc hằng số — bỏ,KHÔNG CẦN THIẾT,ĐO ĐƯỢC,U1 Hằng số hoặc rỗng,"Phương sai bằng 0 nên thông tin tương hỗ với BẤT KỲ nhãn nào cũng bằng 0. Hệ quả toán học, không phải ngưỡng vận hành.",THIẾU,C1 Rỗng hoàn toàn · C2 Khuyết ≥ 95%,Không có quan sát nào để ước lượng. Cột vẫn chiếm chỗ trong mọi bảng xếp hạng và làm người đọc tưởng nguồn đã có.,,KHÔNG CÓ TÁC DỤNG,false,Không đưa vào bảng phẳng. Sửa nguồn cũng vô ích vì sửa xong vẫn không nói được gì về nhu cầu.
lược đồ dwh,false,zz_archive_om_orphans_20260804,is_admin_cancel,phân loại,BỎ — rỗng hoàn toàn,100.0,0.0,,true,,,0.0,rỗng hoặc hằng số — bỏ,KHÔNG CẦN THIẾT,ĐO ĐƯỢC,U1 Hằng số hoặc rỗng,"Phương sai bằng 0 nên thông tin tương hỗ với BẤT KỲ nhãn nào cũng bằng 0. Hệ quả toán học, không phải ngưỡng vận hành.",THIẾU,C1 Rỗng hoàn toàn · C2 Khuyết ≥ 95%,Không có quan sát nào để ước lượng. Cột vẫn chiếm chỗ trong mọi bảng xếp hạng và làm người đọc tưởng nguồn đã có.,,KHÔNG CÓ TÁC DỤNG,false,Không đưa vào bảng phẳng. Sửa nguồn cũng vô ích vì sửa xong vẫn không nói được gì về nhu cầu.
lược đồ dwh,false,zz_archive_om_orphans_20260804,erp_status,phân loại,BỎ — rỗng hoàn toàn,100.0,0.0,,true,,,0.0,rỗng hoặc hằng số — bỏ,KHÔNG CẦN THIẾT,ĐO ĐƯỢC,U1 Hằng số hoặc rỗng,"Phương sai bằng 0 nên thông tin tương hỗ với BẤT KỲ nhãn nào cũng bằng 0. Hệ quả toán học, không phải ngưỡng vận hành.",THIẾU,C1 Rỗng hoàn toàn · C2 Khuyết ≥ 95%,Không có quan sát nào để ước lượng. Cột vẫn chiếm chỗ trong mọi bảng xếp hạng và làm người đọc tưởng nguồn đã có.,,KHÔNG CÓ TÁC DỤNG,false,Không đưa vào bảng phẳng. Sửa nguồn cũng vô ích vì sửa xong vẫn không nói được gì về nhu cầu.
lược đồ dwh,false,zz_archive_om_orphans_20260804,dms_status,phân loại,BỎ — rỗng hoàn toàn,100.0,0.0,,true,,,0.0,rỗng hoặc hằng số — bỏ,KHÔNG CẦN THIẾT,ĐO ĐƯỢC,U1 Hằng số hoặc rỗng,"Phương sai bằng 0 nên thông tin tương hỗ với BẤT KỲ nhãn nào cũng bằng 0. Hệ quả toán học, không phải ngưỡng vận hành.",THIẾU,C1 Rỗng hoàn toàn · C2 Khuyết ≥ 95%,Không có quan sát nào để ước lượng. Cột vẫn chiếm chỗ trong mọi bảng xếp hạng và làm người đọc tưởng nguồn đã có.,,KHÔNG CÓ TÁC DỤNG,false,Không đưa vào bảng phẳng. Sửa nguồn cũng vô ích vì sửa xong vẫn không nói được gì về nhu cầu.
lược đồ dwh,false,zz_archive_om_orphans_20260804,dms_order_code,phân loại,BỎ — rỗng hoàn toàn,100.0,0.0,,true,,,0.0,rỗng hoặc hằng số — bỏ,KHÔNG CẦN THIẾT,ĐO ĐƯỢC,U1 Hằng số hoặc rỗng,"Phương sai bằng 0 nên thông tin tương hỗ với BẤT KỲ nhãn nào cũng bằng 0. Hệ quả toán học, không phải ngưỡng vận hành.",THIẾU,C1 Rỗng hoàn toàn · C2 Khuyết ≥ 95%,Không có quan sát nào để ước lượng. Cột vẫn chiếm chỗ trong mọi bảng xếp hạng và làm người đọc tưởng nguồn đã có.,,KHÔNG CÓ TÁC DỤNG,false,Không đưa vào bảng phẳng. Sửa nguồn cũng vô ích vì sửa xong vẫn không nói được gì về nhu cầu.
lược đồ dwh,false,zz_archive_om_orphans_20260804,uom,phân loại,BỎ — hằng số,99.552,1.0,50.0,true,,,0.0,rỗng hoặc hằng số — bỏ,KHÔNG CẦN THIẾT,ĐO ĐƯỢC,U1 Hằng số hoặc rỗng,"Phương sai bằng 0 nên thông tin tương hỗ với BẤT KỲ nhãn nào cũng bằng 0. Hệ quả toán học, không phải ngưỡng vận hành.",THIẾU,C2 Khuyết ≥ 95%,"Phần quan sát còn lại quá mỏng để ước lượng ổn định. Chỉ nên giữ lại dưới dạng cờ có/không, không giữ giá trị.",DÙNG,KHÔNG CÓ TÁC DỤNG,false,Không đưa vào bảng phẳng. Sửa nguồn cũng vô ích vì sửa xong vẫn không nói được gì về nhu cầu.
bảng phẳng,true,panel_mt,dlv_avg_attempts,số,đặc trưng,95.042,33.0,,false,,,0.0,,KHÔNG CẦN THIẾT,ĐO ĐƯỢC,U6 đóng góp đo được thấp,0/8 thước đo xếp vào nửa trên,THIẾU,C2 Khuyết ≥ 95%,"Phần quan sát còn lại quá mỏng để ước lượng ổn định. Chỉ nên giữ lại dưới dạng cờ có/không, không giữ giá trị.",CHUYỂN THÀNH LAG,KHÔNG CÓ TÁC DỤNG,false,Không đưa vào bảng phẳng. Sửa nguồn cũng vô ích vì sửa xong vẫn không nói được gì về nhu cầu.
file CTKM người dùng nạp,true,ctkm_dong,price_after_promo,số,đặc trưng,100.0,1.0,0.016,true,,,,,KHÔNG CẦN THIẾT,ĐO ĐƯỢC,U1 Hằng số hoặc rỗng,"Phương sai bằng 0 nên thông tin tương hỗ với BẤT KỲ nhãn nào cũng bằng 0. Hệ quả toán học, không phải ngưỡng vận hành.",THIẾU,C1 Rỗng hoàn toàn · C2 Khuyết ≥ 95%,Không có quan sát nào để ước lượng. Cột vẫn chiếm chỗ trong mọi bảng xếp hạng và làm người đọc tưởng nguồn đã có.,,KHÔNG CÓ TÁC DỤNG,false,Không đưa vào bảng phẳng. Sửa nguồn cũng vô ích vì sửa xong vẫn không nói được gì về nhu cầu.
lược đồ dwh,false,dim_product_brands,brand_path,phân loại,khoá của dòng — không dùng làm đặc trưng,0.0,299431.0,100.0,false,,,2.3813,thông tin phong phú,KHÔNG CẦN THIẾT,ĐO ĐƯỢC,U4 Khoá dòng hoặc cột kỹ thuật,Định danh một dòng hoặc phục vụ vận hành ETL. Không mô tả gì về nhu cầu.,ĐỦ,—,Không vướng cổng nào.,,KHÔNG CÓ TÁC DỤNG,false,Không đưa vào bảng phẳng. Sửa nguồn cũng vô ích vì sửa xong vẫn không nói được gì về nhu cầu.
lược đồ dwh,false,dms_notify_ledger,order_code,phân loại,khoá của dòng — không dùng làm đặc trưng,0.0,67945.0,100.0,false,,,2.3813,thông tin phong phú,KHÔNG CẦN THIẾT,ĐO ĐƯỢC,U4 Khoá dòng hoặc cột kỹ thuật,Định danh một dòng hoặc phục vụ vận hành ETL. Không mô tả gì về nhu cầu.,ĐỦ,—,Không vướng cổng nào.,,KHÔNG CÓ TÁC DỤNG,false,Không đưa vào bảng phẳng. Sửa nguồn cũng vô ích vì sửa xong vẫn không nói được gì về nhu cầu.
lược đồ dwh,false,dwh_batch_logs,data_to,phân loại,khoá của dòng — không dùng làm đặc trưng,0.0,241005.0,100.0,false,,,2.3813,thông tin phong phú,KHÔNG CẦN THIẾT,ĐO ĐƯỢC,U4 Khoá dòng hoặc cột kỹ thuật,Định danh một dòng hoặc phục vụ vận hành ETL. Không mô tả gì về nhu cầu.,ĐỦ,—,Không vướng cổng nào.,,KHÔNG CÓ TÁC DỤNG,false,Không đưa vào bảng phẳng. Sửa nguồn cũng vô ích vì sửa xong vẫn không nói được gì về nhu cầu.
lược đồ dwh,false,dwh_batch_logs,updated_at,phân loại,cột kỹ thuật — không phải đặc trưng,0.0,241004.0,100.0,false,,,2.3813,thông tin phong phú,KHÔNG CẦN THIẾT,ĐO ĐƯỢC,U4 Khoá dòng hoặc cột kỹ thuật,Định danh một dòng hoặc phục vụ vận hành ETL. Không mô tả gì về nhu cầu.,ĐỦ,—,Không vướng cổng nào.,,KHÔNG CÓ TÁC DỤNG,false,Không đưa vào bảng phẳng. Sửa nguồn cũng vô ích vì sửa xong vẫn không nói được gì về nhu cầu.
lược đồ dwh,true,fact_asset_inventory,source_refs,phân loại,cột kỹ thuật — không phải đặc trưng,0.0,,,false,,0.0,2.3813,thông tin phong phú,KHÔNG CẦN THIẾT,ĐO ĐƯỢC,U1 Hằng số hoặc rỗng,"Phương sai bằng 0 nên thông tin tương hỗ với BẤT KỲ nhãn nào cũng bằng 0. Hệ quả toán học, không phải ngưỡng vận hành.",ĐỦ,—,Không vướng cổng nào.,,KHÔNG CÓ TÁC DỤNG,false,Không đưa vào bảng phẳng. Sửa nguồn cũng vô ích vì sửa xong vẫn không nói được gì về nhu cầu.
lược đồ dwh,true,fact_asset_inventory,serial,phân loại,khoá của dòng — không dùng làm đặc trưng,0.0,20178.0,100.0,false,,0.0,2.3813,thông tin phong phú,KHÔNG CẦN THIẾT,ĐO ĐƯỢC,U3 Định danh trá hình,"Ở bảng fact, biến phân loại gần như không trùng giá trị là định danh trá hình. Mã hoá nó là tạo một cột cho mỗi dòng — mô hình học thuộc lòng.",ĐỦ,—,Không vướng cổng nào.,,KHÔNG CÓ TÁC DỤNG,false,Không đưa vào bảng phẳng. Sửa nguồn cũng vô ích vì sửa xong vẫn không nói được gì về nhu cầu.
lược đồ dwh,true,fact_inventory_transactions,source_refs,phân loại,cột kỹ thuật — không phải đặc trưng,0.0,,,false,,0.0,2.3813,thông tin phong phú,KHÔNG CẦN THIẾT,ĐO ĐƯỢC,U1 Hằng số hoặc rỗng,"Phương sai bằng 0 nên thông tin tương hỗ với BẤT KỲ nhãn nào cũng bằng 0. Hệ quả toán học, không phải ngưỡng vận hành.",ĐỦ,—,Không vướng cổng nào.,,KHÔNG CÓ TÁC DỤNG,false,Không đưa vào bảng phẳng. Sửa nguồn cũng vô ích vì sửa xong vẫn không nói được gì về nhu cầu.
lược đồ dwh,true,fact_order_fulfillment,order_code,phân loại,khoá của dòng — không dùng làm đặc trưng,0.0,300243.0,100.0,false,,0.0,2.3813,thông tin phong phú,KHÔNG CẦN THIẾT,ĐO ĐƯỢC,U3 Định danh trá hình,"Ở bảng fact, biến phân loại gần như không trùng giá trị là định danh trá hình. Mã hoá nó là tạo một cột cho mỗi dòng — mô hình học thuộc lòng.",ĐỦ,—,Không vướng cổng nào.,,KHÔNG CÓ TÁC DỤNG,false,Không đưa vào bảng phẳng. Sửa nguồn cũng vô ích vì sửa xong vẫn không nói được gì về nhu cầu.
lược đồ dwh,true,fact_order_fulfillment,source_refs,phân loại,cột kỹ thuật — không phải đặc trưng,0.0,,,false,,0.0,2.3813,thông tin phong phú,KHÔNG CẦN THIẾT,ĐO ĐƯỢC,U1 Hằng số hoặc rỗng,"Phương sai bằng 0 nên thông tin tương hỗ với BẤT KỲ nhãn nào cũng bằng 0. Hệ quả toán học, không phải ngưỡng vận hành.",ĐỦ,—,Không vướng cổng nào.,,KHÔNG CÓ TÁC DỤNG,false,Không đưa vào bảng phẳng. Sửa nguồn cũng vô ích vì sửa xong vẫn không nói được gì về nhu cầu.
lược đồ dwh,true,fact_order_lines,source_refs,phân loại,cột kỹ thuật — không phải đặc trưng,0.0,,,false,,0.0,2.3813,thông tin phong phú,KHÔNG CẦN THIẾT,ĐO ĐƯỢC,U1 Hằng số hoặc rỗng,"Phương sai bằng 0 nên thông tin tương hỗ với BẤT KỲ nhãn nào cũng bằng 0. Hệ quả toán học, không phải ngưỡng vận hành.",ĐỦ,—,Không vướng cổng nào.,,KHÔNG CÓ TÁC DỤNG,false,Không đưa vào bảng phẳng. Sửa nguồn cũng vô ích vì sửa xong vẫn không nói được gì về nhu cầu.
lược đồ dwh,true,fact_order_status_timeline,order_code,phân loại,khoá của dòng — không dùng làm đặc trưng,0.0,302887.0,100.0,false,,0.0,2.3813,thông tin phong phú,KHÔNG CẦN THIẾT,ĐO ĐƯỢC,U3 Định danh trá hình,"Ở bảng fact, biến phân loại gần như không trùng giá trị là định danh trá hình. Mã hoá nó là tạo một cột cho mỗi dòng — mô hình học thuộc lòng.",ĐỦ,—,Không vướng cổng nào.,,KHÔNG CÓ TÁC DỤNG,false,Không đưa vào bảng phẳng. Sửa nguồn cũng vô ích vì sửa xong vẫn không nói được gì về nhu cầu.
lược đồ dwh,true,fact_promo_budget_available,source_refs,phân loại,cột kỹ thuật — không phải đặc trưng,0.0,,,false,,0.0,2.3813,thông tin phong phú,KHÔNG CẦN THIẾT,ĐO ĐƯỢC,U1 Hằng số hoặc rỗng,"Phương sai bằng 0 nên thông tin tương hỗ với BẤT KỲ nhãn nào cũng bằng 0. Hệ quả toán học, không phải ngưỡng vận hành.",ĐỦ,—,Không vướng cổng nào.,,KHÔNG CÓ TÁC DỤNG,false,Không đưa vào bảng phẳng. Sửa nguồn cũng vô ích vì sửa xong vẫn không nói được gì về nhu cầu.
lược đồ dwh,true,fact_visits,source_refs,phân loại,cột kỹ thuật — không phải đặc trưng,0.0,,,false,,-3.0,2.3813,thông tin phong phú,KHÔNG CẦN THIẾT,ĐO ĐƯỢC,U1 Hằng số hoặc rỗng,"Phương sai bằng 0 nên thông tin tương hỗ với BẤT KỲ nhãn nào cũng bằng 0. Hệ quả toán học, không phải ngưỡng vận hành.",ĐỦ,—,Không vướng cổng nào.,,KHÔNG CÓ TÁC DỤNG,false,Không đưa vào bảng phẳng. Sửa nguồn cũng vô ích vì sửa xong vẫn không nói được gì về nhu cầu.
lược đồ dwh,true,fact_visits,updated_at,phân loại,cột kỹ thuật — không phải đặc trưng,0.0,302926.0,100.0,false,,-3.0,2.3813,thông tin phong phú,KHÔNG CẦN THIẾT,ĐO ĐƯỢC,U3 Định danh trá hình,"Ở bảng fact, biến phân loại gần như không trùng giá trị là định danh trá hình. Mã hoá nó là tạo một cột cho mỗi dòng — mô hình học thuộc lòng.",ĐỦ,—,Không vướng cổng nào.,,KHÔNG CÓ TÁC DỤNG,false,Không đưa vào bảng phẳng. Sửa nguồn cũng vô ích vì sửa xong vẫn không nói được gì về nhu cầu.
lược đồ dwh,false,dwh_batch_logs,data_from,phân loại,khoá của dòng — không dùng làm đặc trưng,0.0,240642.0,99.849,false,,,2.3811,thông tin phong phú,KHÔNG CẦN THIẾT,ĐO ĐƯỢC,U4 Khoá dòng hoặc cột kỹ thuật,Định danh một dòng hoặc phục vụ vận hành ETL. Không mô tả gì về nhu cầu.,ĐỦ,—,Không vướng cổng nào.,,KHÔNG CÓ TÁC DỤNG,false,Không đưa vào bảng phẳng. Sửa nguồn cũng vô ích vì sửa xong vẫn không nói được gì về nhu cầu.
lược đồ dwh,true,fact_order_fulfillment,order_timestamp,phân loại,khoá của dòng — không dùng làm đặc trưng,0.0,296814.0,98.858,false,,0.0,2.3801,thông tin phong phú,KHÔNG CẦN THIẾT,ĐO ĐƯỢC,U4 Khoá dòng hoặc cột kỹ thuật,Định danh một dòng hoặc phục vụ vận hành ETL. Không mô tả gì về nhu cầu.,ĐỦ,—,Không vướng cổng nào.,,KHÔNG CÓ TÁC DỤNG,false,Không đưa vào bảng phẳng. Sửa nguồn cũng vô ích vì sửa xong vẫn không nói được gì về nhu cầu.
lược đồ dwh,true,fact_order_status_timeline,pending_at,phân loại,khoá của dòng — không dùng làm đặc trưng,0.0,299251.0,98.8,false,,0.0,2.3795,thông tin phong phú,KHÔNG CẦN THIẾT,ĐO ĐƯỢC,U4 Khoá dòng hoặc cột kỹ thuật,Định danh một dòng hoặc phục vụ vận hành ETL. Không mô tả gì về nhu cầu.,ĐỦ,—,Không vướng cổng nào.,,KHÔNG CÓ TÁC DỤNG,false,Không đưa vào bảng phẳng. Sửa nguồn cũng vô ích vì sửa xong vẫn không nói được gì về nhu cầu.
lược đồ dwh,false,dim_assets,row_hash,phân loại,cột kỹ thuật — không phải đặc trưng,0.0,32271.0,98.154,false,,,2.3793,thông tin phong phú,KHÔNG CẦN THIẾT,ĐO ĐƯỢC,U4 Khoá dòng hoặc cột kỹ thuật,Định danh một dòng hoặc phục vụ vận hành ETL. Không mô tả gì về nhu cầu.,ĐỦ,—,Không vướng cổng nào.,,KHÔNG CÓ TÁC DỤNG,false,Không đưa vào bảng phẳng. Sửa nguồn cũng vô ích vì sửa xong vẫn không nói được gì về nhu cầu.
lược đồ dwh,true,fact_roadmap_stores,source_store_code,phân loại,khoá của dòng — không dùng làm đặc trưng,0.0,17942.0,100.0,false,,,2.3552,thông tin phong phú,KHÔNG CẦN THIẾT,ĐO ĐƯỢC,U3 Định danh trá hình,"Ở bảng fact, biến phân loại gần như không trùng giá trị là định danh trá hình. Mã hoá nó là tạo một cột cho mỗi dòng — mô hình học thuộc lòng.",ĐỦ,—,Không vướng cổng nào.,,KHÔNG CÓ TÁC DỤNG,false,Không đưa vào bảng phẳng. Sửa nguồn cũng vô ích vì sửa xong vẫn không nói được gì về nhu cầu.
lược đồ dwh,true,fact_roadmap_stores,source_refs,phân loại,cột kỹ thuật — không phải đặc trưng,0.0,,,false,,,2.3552,thông tin phong phú,KHÔNG CẦN THIẾT,ĐO ĐƯỢC,U1 Hằng số hoặc rỗng,"Phương sai bằng 0 nên thông tin tương hỗ với BẤT KỲ nhãn nào cũng bằng 0. Hệ quả toán học, không phải ngưỡng vận hành.",ĐỦ,—,Không vướng cổng nào.,,KHÔNG CÓ TÁC DỤNG,false,Không đưa vào bảng phẳng. Sửa nguồn cũng vô ích vì sửa xong vẫn không nói được gì về nhu cầu.
lược đồ dwh,true,fact_asset_audits,audit_date,phân loại,thời gian — dẫn xuất đặc trưng,0.0,187406.0,86.641,false,,0.0,2.3372,thông tin phong phú,KHÔNG CẦN THIẾT,KHÔNG TỚI ĐƯỢC,U7 không có đường nối,bảng `fact_asset_audits` không nối được về hạt cửa hàng × mã hàng × tháng,ĐỦ,—,Không vướng cổng nào.,,KHÔNG CÓ TÁC DỤNG,false,Không đưa vào bảng phẳng. Sửa nguồn cũng vô ích vì sửa xong vẫn không nói được gì về nhu cầu.
lược đồ dwh,false,dim_assets,asset_code,phân loại,khoá ngoại — dùng như biến phân loại,0.0,20179.0,61.375,false,,,2.3134,thông tin phong phú,KHÔNG CẦN THIẾT,KHÔNG TỚI ĐƯỢC,U7 không có đường nối,bảng `dim_assets` không nối được về hạt cửa hàng × mã hàng × tháng,ĐỦ,—,Không vướng cổng nào.,,KHÔNG CÓ TÁC DỤNG,false,Không đưa vào bảng phẳng. Sửa nguồn cũng vô ích vì sửa xong vẫn không nói được gì về nhu cầu.
lược đồ dwh,false,dim_assets,serial_number,phân loại,đặc trưng,0.0,20179.0,61.375,false,,,2.3134,thông tin phong phú,KHÔNG CẦN THIẾT,KHÔNG TỚI ĐƯỢC,U7 không có đường nối,bảng `dim_assets` không nối được về hạt cửa hàng × mã hàng × tháng,ĐỦ,—,Không vướng cổng nào.,,KHÔNG CÓ TÁC DỤNG,false,Không đưa vào bảng phẳng. Sửa nguồn cũng vô ích vì sửa xong vẫn không nói được gì về nhu cầu.
lược đồ dwh,true,fact_promo_budget_available,row_hash,phân loại,cột kỹ thuật — không phải đặc trưng,0.0,139320.0,76.31,false,,0.0,2.3023,thông tin phong phú,KHÔNG CẦN THIẾT,ĐO ĐƯỢC,U4 Khoá dòng hoặc cột kỹ thuật,Định danh một dòng hoặc phục vụ vận hành ETL. Không mô tả gì về nhu cầu.,ĐỦ,—,Không vướng cổng nào.,,KHÔNG CÓ TÁC DỤNG,false,Không đưa vào bảng phẳng. Sửa nguồn cũng vô ích vì sửa xong vẫn không nói được gì về nhu cầu.
lược đồ dwh,false,dim_stores,row_hash,phân loại,cột kỹ thuật — không phải đặc trưng,0.0,64407.0,21.37,false,,,2.288,thông tin phong phú,KHÔNG CẦN THIẾT,ĐO ĐƯỢC,U4 Khoá dòng hoặc cột kỹ thuật,Định danh một dòng hoặc phục vụ vận hành ETL. Không mô tả gì về nhu cầu.,ĐỦ,—,Không vướng cổng nào.,,KHÔNG CÓ TÁC DỤNG,false,Không đưa vào bảng phẳng. Sửa nguồn cũng vô ích vì sửa xong vẫn không nói được gì về nhu cầu.
lược đồ dwh,false,dim_stores,source_refs,phân loại,cột kỹ thuật — không phải đặc trưng,0.0,,,false,,,2.2854,thông tin phong phú,KHÔNG CẦN THIẾT,ĐO ĐƯỢC,U1 Hằng số hoặc rỗng,"Phương sai bằng 0 nên thông tin tương hỗ với BẤT KỲ nhãn nào cũng bằng 0. Hệ quả toán học, không phải ngưỡng vận hành.",ĐỦ,—,Không vướng cổng nào.,,KHÔNG CÓ TÁC DỤNG,false,Không đưa vào bảng phẳng. Sửa nguồn cũng vô ích vì sửa xong vẫn không nói được gì về nhu cầu.
lược đồ dwh,true,fact_order_status_timeline,approved_at,phân loại,khoá của dòng — không dùng làm đặc trưng,7.08,269363.0,95.708,false,,0.0,2.2512,thông tin phong phú,KHÔNG CẦN THIẾT,ĐO ĐƯỢC,U4 Khoá dòng hoặc cột kỹ thuật,Định danh một dòng hoặc phục vụ vận hành ETL. Không mô tả gì về nhu cầu.,ĐỦ,—,Không vướng cổng nào.,,KHÔNG CÓ TÁC DỤNG,false,Không đưa vào bảng phẳng. Sửa nguồn cũng vô ích vì sửa xong vẫn không nói được gì về nhu cầu.
lược đồ dwh,false,dwh_batch_logs,created_at,phân loại,cột kỹ thuật — không phải đặc trưng,0.0,179191.0,74.352,false,,,2.2479,thông tin phong phú,KHÔNG CẦN THIẾT,ĐO ĐƯỢC,U4 Khoá dòng hoặc cột kỹ thuật,Định danh một dòng hoặc phục vụ vận hành ETL. Không mô tả gì về nhu cầu.,ĐỦ,—,Không vướng cổng nào.,,KHÔNG CÓ TÁC DỤNG,false,Không đưa vào bảng phẳng. Sửa nguồn cũng vô ích vì sửa xong vẫn không nói được gì về nhu cầu.
lược đồ dwh,true,fact_order_fulfillment,dms_order_code,phân loại,khoá của dòng — không dùng làm đặc trưng,4.54,286418.0,99.932,false,,0.0,2.2295,thông tin phong phú,KHÔNG CẦN THIẾT,ĐO ĐƯỢC,U3 Định danh trá hình,"Ở bảng fact, biến phân loại gần như không trùng giá trị là định danh trá hình. Mã hoá nó là tạo một cột cho mỗi dòng — mô hình học thuộc lòng.",ĐỦ,—,Không vướng cổng nào.,,KHÔNG CÓ TÁC DỤNG,false,Không đưa vào bảng phẳng. Sửa nguồn cũng vô ích vì sửa xong vẫn không nói được gì về nhu cầu.
lược đồ dwh,false,dim_chains,chain_code,phân loại,khoá của dòng — không dùng làm đặc trưng,0.0,9638.0,100.0,false,,,2.2058,thông tin phong phú,KHÔNG CẦN THIẾT,ĐO ĐƯỢC,U4 Khoá dòng hoặc cột kỹ thuật,Định danh một dòng hoặc phục vụ vận hành ETL. Không mô tả gì về nhu cầu.,ĐỦ,—,Không vướng cổng nào.,,KHÔNG CÓ TÁC DỤNG,false,Không đưa vào bảng phẳng. Sửa nguồn cũng vô ích vì sửa xong vẫn không nói được gì về nhu cầu.
lược đồ dwh,false,dim_chains,row_hash,phân loại,cột kỹ thuật — không phải đặc trưng,0.0,9638.0,100.0,false,,,2.2058,thông tin phong phú,KHÔNG CẦN THIẾT,ĐO ĐƯỢC,U4 Khoá dòng hoặc cột kỹ thuật,Định danh một dòng hoặc phục vụ vận hành ETL. Không mô tả gì về nhu cầu.,ĐỦ,—,Không vướng cổng nào.,,KHÔNG CÓ TÁC DỤNG,false,Không đưa vào bảng phẳng. Sửa nguồn cũng vô ích vì sửa xong vẫn không nói được gì về nhu cầu.
lược đồ dwh,false,dim_chains,chain_name,phân loại,khoá của dòng — không dùng làm đặc trưng,0.0,9603.0,99.637,false,,,2.2045,thông tin phong phú,KHÔNG CẦN THIẾT,ĐO ĐƯỢC,U4 Khoá dòng hoặc cột kỹ thuật,Định danh một dòng hoặc phục vụ vận hành ETL. Không mô tả gì về nhu cầu.,ĐỦ,—,Không vướng cổng nào.,CHUYỂN THÀNH LAG,KHÔNG CÓ TÁC DỤNG,false,Không đưa vào bảng phẳng. Sửa nguồn cũng vô ích vì sửa xong vẫn không nói được gì về nhu cầu.
lược đồ dwh,true,fact_order_lines,row_hash,phân loại,cột kỹ thuật — không phải đặc trưng,5.466,242773.0,86.399,false,,0.0,2.1902,thông tin phong phú,KHÔNG CẦN THIẾT,ĐO ĐƯỢC,U4 Khoá dòng hoặc cột kỹ thuật,Định danh một dòng hoặc phục vụ vận hành ETL. Không mô tả gì về nhu cầu.,ĐỦ,—,Không vướng cổng nào.,,KHÔNG CÓ TÁC DỤNG,false,Không đưa vào bảng phẳng. Sửa nguồn cũng vô ích vì sửa xong vẫn không nói được gì về nhu cầu.
lược đồ dwh,true,fact_inventory_lot_snapshot,source_refs,phân loại,cột kỹ thuật — không phải đặc trưng,0.0,,,false,,0.0,2.1591,thông tin phong phú,KHÔNG CẦN THIẾT,ĐO ĐƯỢC,U1 Hằng số hoặc rỗng,"Phương sai bằng 0 nên thông tin tương hỗ với BẤT KỲ nhãn nào cũng bằng 0. Hệ quả toán học, không phải ngưỡng vận hành.",ĐỦ,—,Không vướng cổng nào.,,KHÔNG CÓ TÁC DỤNG,false,Không đưa vào bảng phẳng. Sửa nguồn cũng vô ích vì sửa xong vẫn không nói được gì về nhu cầu.
lược đồ dwh,true,fact_asset_audits,qr_code,phân loại,khoá ngoại — dùng như biến phân loại,0.0,11237.0,5.195,false,,0.0,2.0996,thông tin phong phú,KHÔNG CẦN THIẾT,KHÔNG TỚI ĐƯỢC,U7 không có đường nối,bảng `fact_asset_audits` không nối được về hạt cửa hàng × mã hàng × tháng,ĐỦ,—,Không vướng cổng nào.,,KHÔNG CÓ TÁC DỤNG,false,Không đưa vào bảng phẳng. Sửa nguồn cũng vô ích vì sửa xong vẫn không nói được gì về nhu cầu.
lược đồ dwh,true,fact_visits,checkin_at,phân loại,khoá của dòng — không dùng làm đặc trưng,10.827,264987.0,98.097,false,,-3.0,2.0833,thông tin phong phú,KHÔNG CẦN THIẾT,ĐO ĐƯỢC,U4 Khoá dòng hoặc cột kỹ thuật,Định danh một dòng hoặc phục vụ vận hành ETL. Không mô tả gì về nhu cầu.,ĐỦ,—,Không vướng cổng nào.,,KHÔNG CÓ TÁC DỤNG,false,Không đưa vào bảng phẳng. Sửa nguồn cũng vô ích vì sửa xong vẫn không nói được gì về nhu cầu.
lược đồ dwh,true,fact_promo_budget_available,order_no,phân loại,khoá ngoại — dùng như biến phân loại,0.433,46469.0,25.563,false,,0.0,2.0813,thông tin phong phú,KHÔNG CẦN THIẾT,KHÔNG TỚI ĐƯỢC,U7 không có đường nối,bảng `fact_promo_budget_available` không nối được về hạt cửa hàng × mã hàng × tháng,ĐỦ,—,Không vướng cổng nào.,,KHÔNG CÓ TÁC DỤNG,false,Không đưa vào bảng phẳng. Sửa nguồn cũng vô ích vì sửa xong vẫn không nói được gì về nhu cầu.
lược đồ dwh,true,fact_visits,checkout_at,phân loại,khoá của dòng — không dùng làm đặc trưng,11.01,263652.0,97.803,false,,-3.0,2.0758,thông tin phong phú,KHÔNG CẦN THIẾT,ĐO ĐƯỢC,U4 Khoá dòng hoặc cột kỹ thuật,Định danh một dòng hoặc phục vụ vận hành ETL. Không mô tả gì về nhu cầu.,ĐỦ,—,Không vướng cổng nào.,,KHÔNG CÓ TÁC DỤNG,false,Không đưa vào bảng phẳng. Sửa nguồn cũng vô ích vì sửa xong vẫn không nói được gì về nhu cầu.
lược đồ dwh,true,fact_promo_budget_available,invoice_no,phân loại,khoá ngoại — dùng như biến phân loại,6.124,46379.0,27.06,false,,0.0,2.0576,thông tin phong phú,KHÔNG CẦN THIẾT,KHÔNG TỚI ĐƯỢC,U7 không có đường nối,bảng `fact_promo_budget_available` không nối được về hạt cửa hàng × mã hàng × tháng,ĐỦ,—,Không vướng cổng nào.,,KHÔNG CÓ TÁC DỤNG,false,Không đưa vào bảng phẳng. Sửa nguồn cũng vô ích vì sửa xong vẫn không nói được gì về nhu cầu.
lược đồ dwh,true,fact_inventory_transactions,description,phân loại,đặc trưng,0.031,62998.0,36.332,false,,0.0,2.0409,thông tin phong phú,KHÔNG CẦN THIẾT,KHÔNG TỚI ĐƯỢC,U7 không có đường nối,bảng `fact_inventory_transactions` không nối được về hạt cửa hàng × mã hàng × tháng,ĐỦ,—,Không vướng cổng nào.,,KHÔNG CÓ TÁC DỤNG,false,Không đưa vào bảng phẳng. Sửa nguồn cũng vô ích vì sửa xong vẫn không nói được gì về nhu cầu.
lược đồ dwh,true,fact_delivery_details,source_refs,phân loại,cột kỹ thuật — không phải đặc trưng,0.0,,,false,,-1446.0,2.0308,thông tin phong phú,KHÔNG CẦN THIẾT,ĐO ĐƯỢC,U1 Hằng số hoặc rỗng,"Phương sai bằng 0 nên thông tin tương hỗ với BẤT KỲ nhãn nào cũng bằng 0. Hệ quả toán học, không phải ngưỡng vận hành.",ĐỦ,—,Không vướng cổng nào.,,KHÔNG CÓ TÁC DỤNG,false,Không đưa vào bảng phẳng. Sửa nguồn cũng vô ích vì sửa xong vẫn không nói được gì về nhu cầu.
lược đồ dwh,false,dim_dates,full_date,phân loại,khoá của dòng — không dùng làm đặc trưng,0.0,4018.0,100.0,false,,,1.9954,thông tin phong phú,KHÔNG CẦN THIẾT,ĐO ĐƯỢC,U4 Khoá dòng hoặc cột kỹ thuật,Định danh một dòng hoặc phục vụ vận hành ETL. Không mô tả gì về nhu cầu.,ĐỦ,—,Không vướng cổng nào.,,KHÔNG CÓ TÁC DỤNG,false,Không đưa vào bảng phẳng. Sửa nguồn cũng vô ích vì sửa xong vẫn không nói được gì về nhu cầu.
lược đồ dwh,true,fact_inventory_transactions,transaction_date,phân loại,thời gian — dẫn xuất đặc trưng,0.0,39045.0,22.511,false,,0.0,1.9791,thông tin phong phú,KHÔNG CẦN THIẾT,KHÔNG TỚI ĐƯỢC,U7 không có đường nối,bảng `fact_inventory_transactions` không nối được về hạt cửa hàng × mã hàng × tháng,ĐỦ,—,Không vướng cổng nào.,,KHÔNG CÓ TÁC DỤNG,false,Không đưa vào bảng phẳng. Sửa nguồn cũng vô ích vì sửa xong vẫn không nói được gì về nhu cầu.
lược đồ dwh,true,fact_delivery_details,pod_image_url,phân loại,đặc trưng,0.0,,,false,,-1446.0,1.9517,thông tin phong phú,KHÔNG CẦN THIẾT,ĐO ĐƯỢC,U1 Hằng số hoặc rỗng,"Phương sai bằng 0 nên thông tin tương hỗ với BẤT KỲ nhãn nào cũng bằng 0. Hệ quả toán học, không phải ngưỡng vận hành.",ĐỦ,—,Không vướng cổng nào.,,KHÔNG CÓ TÁC DỤNG,false,Không đưa vào bảng phẳng. Sửa nguồn cũng vô ích vì sửa xong vẫn không nói được gì về nhu cầu.
lược đồ dwh,false,dim_products,row_hash,phân loại,cột kỹ thuật — không phải đặc trưng,0.0,2543.0,100.0,false,,,1.8854,thông tin phong phú,KHÔNG CẦN THIẾT,ĐO ĐƯỢC,U4 Khoá dòng hoặc cột kỹ thuật,Định danh một dòng hoặc phục vụ vận hành ETL. Không mô tả gì về nhu cầu.,ĐỦ,—,Không vướng cổng nào.,,KHÔNG CÓ TÁC DỤNG,false,Không đưa vào bảng phẳng. Sửa nguồn cũng vô ích vì sửa xong vẫn không nói được gì về nhu cầu.
lược đồ dwh,false,dim_products,valid_from,phân loại,cột kỹ thuật — không phải đặc trưng,0.0,2543.0,100.0,false,,,1.8854,thông tin phong phú,KHÔNG CẦN THIẾT,ĐO ĐƯỢC,U4 Khoá dòng hoặc cột kỹ thuật,Định danh một dòng hoặc phục vụ vận hành ETL. Không mô tả gì về nhu cầu.,ĐỦ,—,Không vướng cổng nào.,,KHÔNG CÓ TÁC DỤNG,false,Không đưa vào bảng phẳng. Sửa nguồn cũng vô ích vì sửa xong vẫn không nói được gì về nhu cầu.
lược đồ dwh,false,dim_products,created_at,phân loại,cột kỹ thuật — không phải đặc trưng,0.0,2543.0,100.0,false,,,1.8854,thông tin phong phú,KHÔNG CẦN THIẾT,ĐO ĐƯỢC,U4 Khoá dòng hoặc cột kỹ thuật,Định danh một dòng hoặc phục vụ vận hành ETL. Không mô tả gì về nhu cầu.,ĐỦ,—,Không vướng cổng nào.,,KHÔNG CÓ TÁC DỤNG,false,Không đưa vào bảng phẳng. Sửa nguồn cũng vô ích vì sửa xong vẫn không nói được gì về nhu cầu.
lược đồ dwh,true,fact_weather_forecast,date,phân loại,thời gian — dẫn xuất đặc trưng,0.0,2447.0,1.587,false,,-15.0,1.8561,thông tin phong phú,KHÔNG CẦN THIẾT,KHÔNG TỚI ĐƯỢC,U7 không có đường nối,bảng `fact_weather_forecast` không nối được về hạt cửa hàng × mã hàng × tháng,ĐỦ,—,Không vướng cổng nào.,,KHÔNG CÓ TÁC DỤNG,false,Không đưa vào bảng phẳng. Sửa nguồn cũng vô ích vì sửa xong vẫn không nói được gì về nhu cầu.
lược đồ dwh,false,dms_notify_ledger,last_notified_at,phân loại,thời gian — dẫn xuất đặc trưng,0.0,5056.0,7.441,false,,,1.8111,thông tin phong phú,KHÔNG CẦN THIẾT,KHÔNG TỚI ĐƯỢC,U7 không có đường nối,bảng `dms_notify_ledger` không nối được về hạt cửa hàng × mã hàng × tháng,ĐỦ,—,Không vướng cổng nào.,,KHÔNG CÓ TÁC DỤNG,false,Không đưa vào bảng phẳng. Sửa nguồn cũng vô ích vì sửa xong vẫn không nói được gì về nhu cầu.
lược đồ dwh,true,fact_order_lines,created_at,phân loại,cột kỹ thuật — không phải đặc trưng,0.0,5593.0,1.882,false,,0.0,1.8057,thông tin phong phú,KHÔNG CẦN THIẾT,ĐO ĐƯỢC,U4 Khoá dòng hoặc cột kỹ thuật,Định danh một dòng hoặc phục vụ vận hành ETL. Không mô tả gì về nhu cầu.,ĐỦ,—,Không vướng cổng nào.,,KHÔNG CÓ TÁC DỤNG,false,Không đưa vào bảng phẳng. Sửa nguồn cũng vô ích vì sửa xong vẫn không nói được gì về nhu cầu.
lược đồ dwh,false,dim_shippers,updated_at,phân loại,cột kỹ thuật — không phải đặc trưng,0.0,4155.0,7.252,false,,,1.7533,thông tin phong phú,KHÔNG CẦN THIẾT,ĐO ĐƯỢC,U4 Khoá dòng hoặc cột kỹ thuật,Định danh một dòng hoặc phục vụ vận hành ETL. Không mô tả gì về nhu cầu.,ĐỦ,—,Không vướng cổng nào.,,KHÔNG CÓ TÁC DỤNG,false,Không đưa vào bảng phẳng. Sửa nguồn cũng vô ích vì sửa xong vẫn không nói được gì về nhu cầu.
lược đồ dwh,false,dim_shippers,valid_to,phân loại,cột kỹ thuật — không phải đặc trưng,0.173,4109.0,7.184,false,,,1.7519,thông tin phong phú,KHÔNG CẦN THIẾT,ĐO ĐƯỢC,U4 Khoá dòng hoặc cột kỹ thuật,Định danh một dòng hoặc phục vụ vận hành ETL. Không mô tả gì về nhu cầu.,ĐỦ,—,Không vướng cổng nào.,,KHÔNG CÓ TÁC DỤNG,false,Không đưa vào bảng phẳng. Sửa nguồn cũng vô ích vì sửa xong vẫn không nói được gì về nhu cầu.
lược đồ dwh,true,fact_order_lines,updated_at,phân loại,cột kỹ thuật — không phải đặc trưng,0.0,4423.0,1.488,false,,0.0,1.7478,thông tin phong phú,KHÔNG CẦN THIẾT,ĐO ĐƯỢC,U4 Khoá dòng hoặc cột kỹ thuật,Định danh một dòng hoặc phục vụ vận hành ETL. Không mô tả gì về nhu cầu.,ĐỦ,—,Không vướng cổng nào.,,KHÔNG CÓ TÁC DỤNG,false,Không đưa vào bảng phẳng. Sửa nguồn cũng vô ích vì sửa xong vẫn không nói được gì về nhu cầu.
lược đồ dwh,false,dim_shippers,created_at,phân loại,cột kỹ thuật — không phải đặc trưng,0.0,4113.0,7.179,false,,,1.738,thông tin phong phú,KHÔNG CẦN THIẾT,ĐO ĐƯỢC,U4 Khoá dòng hoặc cột kỹ thuật,Định danh một dòng hoặc phục vụ vận hành ETL. Không mô tả gì về nhu cầu.,ĐỦ,—,Không vướng cổng nào.,,KHÔNG CÓ TÁC DỤNG,false,Không đưa vào bảng phẳng. Sửa nguồn cũng vô ích vì sửa xong vẫn không nói được gì về nhu cầu.
lược đồ dwh,false,dim_shippers,valid_from,phân loại,cột kỹ thuật — không phải đặc trưng,0.0,4112.0,7.177,false,,,1.7351,thông tin phong phú,KHÔNG CẦN THIẾT,ĐO ĐƯỢC,U4 Khoá dòng hoặc cột kỹ thuật,Định danh một dòng hoặc phục vụ vận hành ETL. Không mô tả gì về nhu cầu.,ĐỦ,—,Không vướng cổng nào.,,KHÔNG CÓ TÁC DỤNG,false,Không đưa vào bảng phẳng. Sửa nguồn cũng vô ích vì sửa xong vẫn không nói được gì về nhu cầu.
lược đồ dwh,false,dim_products,source_refs,phân loại,cột kỹ thuật — không phải đặc trưng,0.0,,,false,,,1.7188,thông tin phong phú,KHÔNG CẦN THIẾT,ĐO ĐƯỢC,U1 Hằng số hoặc rỗng,"Phương sai bằng 0 nên thông tin tương hỗ với BẤT KỲ nhãn nào cũng bằng 0. Hệ quả toán học, không phải ngưỡng vận hành.",ĐỦ,—,Không vướng cổng nào.,,KHÔNG CÓ TÁC DỤNG,false,Không đưa vào bảng phẳng. Sửa nguồn cũng vô ích vì sửa xong vẫn không nói được gì về nhu cầu.
lược đồ dwh,false,dim_product_brands,updated_at,phân loại,cột kỹ thuật — không phải đặc trưng,0.0,11068.0,3.696,false,,,1.7073,thông tin phong phú,KHÔNG CẦN THIẾT,ĐO ĐƯỢC,U4 Khoá dòng hoặc cột kỹ thuật,Định danh một dòng hoặc phục vụ vận hành ETL. Không mô tả gì về nhu cầu.,ĐỦ,—,Không vướng cổng nào.,,KHÔNG CÓ TÁC DỤNG,false,Không đưa vào bảng phẳng. Sửa nguồn cũng vô ích vì sửa xong vẫn không nói được gì về nhu cầu.
lược đồ dwh,false,dim_product_brands,valid_from,phân loại,cột kỹ thuật — không phải đặc trưng,0.0,7279.0,2.431,false,,,1.6832,thông tin phong phú,KHÔNG CẦN THIẾT,ĐO ĐƯỢC,U4 Khoá dòng hoặc cột kỹ thuật,Định danh một dòng hoặc phục vụ vận hành ETL. Không mô tả gì về nhu cầu.,ĐỦ,—,Không vướng cổng nào.,,KHÔNG CÓ TÁC DỤNG,false,Không đưa vào bảng phẳng. Sửa nguồn cũng vô ích vì sửa xong vẫn không nói được gì về nhu cầu.
lược đồ dwh,false,dim_product_brands,created_at,phân loại,cột kỹ thuật — không phải đặc trưng,0.0,7279.0,2.431,false,,,1.6832,thông tin phong phú,KHÔNG CẦN THIẾT,ĐO ĐƯỢC,U4 Khoá dòng hoặc cột kỹ thuật,Định danh một dòng hoặc phục vụ vận hành ETL. Không mô tả gì về nhu cầu.,ĐỦ,—,Không vướng cổng nào.,,KHÔNG CÓ TÁC DỤNG,false,Không đưa vào bảng phẳng. Sửa nguồn cũng vô ích vì sửa xong vẫn không nói được gì về nhu cầu.
lược đồ dwh,false,dim_employees,row_hash,phân loại,cột kỹ thuật — không phải đặc trưng,0.0,1473.0,21.988,false,,,1.6743,thông tin phong phú,KHÔNG CẦN THIẾT,ĐO ĐƯỢC,U4 Khoá dòng hoặc cột kỹ thuật,Định danh một dòng hoặc phục vụ vận hành ETL. Không mô tả gì về nhu cầu.,ĐỦ,—,Không vướng cổng nào.,,KHÔNG CÓ TÁC DỤNG,false,Không đưa vào bảng phẳng. Sửa nguồn cũng vô ích vì sửa xong vẫn không nói được gì về nhu cầu.
lược đồ dwh,false,dim_product_brands,valid_to,phân loại,cột kỹ thuật — không phải đặc trưng,5.59,7231.0,2.558,false,,,1.5704,thông tin phong phú,KHÔNG CẦN THIẾT,ĐO ĐƯỢC,U4 Khoá dòng hoặc cột kỹ thuật,Định danh một dòng hoặc phục vụ vận hành ETL. Không mô tả gì về nhu cầu.,ĐỦ,—,Không vướng cổng nào.,,KHÔNG CÓ TÁC DỤNG,false,Không đưa vào bảng phẳng. Sửa nguồn cũng vô ích vì sửa xong vẫn không nói được gì về nhu cầu.
lược đồ dwh,true,fact_asset_inventory,shop_code,phân loại,khoá ngoại — dùng như biến phân loại,27.49,11305.0,77.267,false,,0.0,1.562,thông tin phong phú,KHÔNG CẦN THIẾT,KHÔNG TỚI ĐƯỢC,U7 không có đường nối,bảng `fact_asset_inventory` không nối được về hạt cửa hàng × mã hàng × tháng,ĐỦ,—,Không vướng cổng nào.,,KHÔNG CÓ TÁC DỤNG,false,Không đưa vào bảng phẳng. Sửa nguồn cũng vô ích vì sửa xong vẫn không nói được gì về nhu cầu.
lược đồ dwh,false,dim_employees,source_refs,phân loại,cột kỹ thuật — không phải đặc trưng,0.0,,,false,,,1.5271,thông tin phong phú,KHÔNG CẦN THIẾT,ĐO ĐƯỢC,U1 Hằng số hoặc rỗng,"Phương sai bằng 0 nên thông tin tương hỗ với BẤT KỲ nhãn nào cũng bằng 0. Hệ quả toán học, không phải ngưỡng vận hành.",ĐỦ,—,Không vướng cổng nào.,,KHÔNG CÓ TÁC DỤNG,false,Không đưa vào bảng phẳng. Sửa nguồn cũng vô ích vì sửa xong vẫn không nói được gì về nhu cầu.
lược đồ dwh,false,dim_stores,created_at,phân loại,cột kỹ thuật — không phải đặc trưng,0.0,3562.0,1.182,false,,,1.4842,thông tin phong phú,KHÔNG CẦN THIẾT,ĐO ĐƯỢC,U4 Khoá dòng hoặc cột kỹ thuật,Định danh một dòng hoặc phục vụ vận hành ETL. Không mô tả gì về nhu cầu.,ĐỦ,—,Không vướng cổng nào.,,KHÔNG CÓ TÁC DỤNG,false,Không đưa vào bảng phẳng. Sửa nguồn cũng vô ích vì sửa xong vẫn không nói được gì về nhu cầu.
lược đồ dwh,false,dim_stores,updated_at,phân loại,cột kỹ thuật — không phải đặc trưng,0.0,5145.0,1.707,false,,,1.4671,thông tin phong phú,KHÔNG CẦN THIẾT,ĐO ĐƯỢC,U4 Khoá dòng hoặc cột kỹ thuật,Định danh một dòng hoặc phục vụ vận hành ETL. Không mô tả gì về nhu cầu.,ĐỦ,—,Không vướng cổng nào.,,KHÔNG CÓ TÁC DỤNG,false,Không đưa vào bảng phẳng. Sửa nguồn cũng vô ích vì sửa xong vẫn không nói được gì về nhu cầu.
lược đồ dwh,false,dim_product_prices,source_refs,phân loại,cột kỹ thuật — không phải đặc trưng,0.0,,,false,,,1.4535,thông tin phong phú,KHÔNG CẦN THIẾT,ĐO ĐƯỢC,U1 Hằng số hoặc rỗng,"Phương sai bằng 0 nên thông tin tương hỗ với BẤT KỲ nhãn nào cũng bằng 0. Hệ quả toán học, không phải ngưỡng vận hành.",ĐỦ,—,Không vướng cổng nào.,,KHÔNG CÓ TÁC DỤNG,false,Không đưa vào bảng phẳng. Sửa nguồn cũng vô ích vì sửa xong vẫn không nói được gì về nhu cầu.
lược đồ dwh,false,dim_product_prices,product_code,phân loại,khoá ngoại — dùng như biến phân loại,0.0,678.0,7.463,false,,,1.4535,thông tin phong phú,KHÔNG CẦN THIẾT,KHÔNG TỚI ĐƯỢC,U7 không có đường nối,bảng `dim_product_prices` không nối được về hạt cửa hàng × mã hàng × tháng,ĐỦ,—,Không vướng cổng nào.,,KHÔNG CÓ TÁC DỤNG,false,Không đưa vào bảng phẳng. Sửa nguồn cũng vô ích vì sửa xong vẫn không nói được gì về nhu cầu.
bảng phẳng,true,panel_mt,net_revenue,số,đặc trưng,0.0,25086.0,,false,,,1.4404,,KHÔNG CẦN THIẾT,ĐO ĐƯỢC,U5 nhãn viết cách khác,8/8 thước đo xếp vào nửa trên; hồ sơ dữ liệu kết luận BỎ,ĐỦ,—,Không vướng cổng nào.,BỎ,KHÔNG CÓ TÁC DỤNG,false,Không đưa vào bảng phẳng. Sửa nguồn cũng vô ích vì sửa xong vẫn không nói được gì về nhu cầu.
lược đồ dwh,false,dim_price_lists,row_hash,phân loại,cột kỹ thuật — không phải đặc trưng,0.0,364.0,100.0,false,,,1.418,thông tin phong phú,KHÔNG CẦN THIẾT,ĐO ĐƯỢC,U4 Khoá dòng hoặc cột kỹ thuật,Định danh một dòng hoặc phục vụ vận hành ETL. Không mô tả gì về nhu cầu.,ĐỦ,—,Không vướng cổng nào.,,KHÔNG CÓ TÁC DỤNG,false,Không đưa vào bảng phẳng. Sửa nguồn cũng vô ích vì sửa xong vẫn không nói được gì về nhu cầu.
lược đồ dwh,false,dim_price_lists,price_list_code,phân loại,khoá ngoại — dùng như biến phân loại,0.0,362.0,99.451,false,,,1.4161,thông tin phong phú,KHÔNG CẦN THIẾT,KHÔNG TỚI ĐƯỢC,U7 không có đường nối,bảng `dim_price_lists` không nối được về hạt cửa hàng × mã hàng × tháng,ĐỦ,—,Không vướng cổng nào.,,KHÔNG CÓ TÁC DỤNG,false,Không đưa vào bảng phẳng. Sửa nguồn cũng vô ích vì sửa xong vẫn không nói được gì về nhu cầu.
lược đồ dwh,false,dim_price_lists,source_refs,phân loại,cột kỹ thuật — không phải đặc trưng,0.0,,,false,,,1.4161,thông tin phong phú,KHÔNG CẦN THIẾT,ĐO ĐƯỢC,U1 Hằng số hoặc rỗng,"Phương sai bằng 0 nên thông tin tương hỗ với BẤT KỲ nhãn nào cũng bằng 0. Hệ quả toán học, không phải ngưỡng vận hành.",ĐỦ,—,Không vướng cổng nào.,,KHÔNG CÓ TÁC DỤNG,false,Không đưa vào bảng phẳng. Sửa nguồn cũng vô ích vì sửa xong vẫn không nói được gì về nhu cầu.
lược đồ dwh,false,dim_price_lists,price_list_name,phân loại,đặc trưng,0.0,361.0,99.176,false,,,1.4152,thông tin phong phú,KHÔNG CẦN THIẾT,KHÔNG TỚI ĐƯỢC,U7 không có đường nối,bảng `dim_price_lists` không nối được về hạt cửa hàng × mã hàng × tháng,ĐỦ,—,Không vướng cổng nào.,,KHÔNG CÓ TÁC DỤNG,false,Không đưa vào bảng phẳng. Sửa nguồn cũng vô ích vì sửa xong vẫn không nói được gì về nhu cầu.
lược đồ dwh,true,fact_asset_inventory,qr_code,phân loại,khoá ngoại — dùng như biến phân loại,8.172,11265.0,60.797,false,,0.0,1.3947,thông tin phong phú,KHÔNG CẦN THIẾT,KHÔNG TỚI ĐƯỢC,U7 không có đường nối,bảng `fact_asset_inventory` không nối được về hạt cửa hàng × mã hàng × tháng,ĐỦ,—,Không vướng cổng nào.,,KHÔNG CÓ TÁC DỤNG,false,Không đưa vào bảng phẳng. Sửa nguồn cũng vô ích vì sửa xong vẫn không nói được gì về nhu cầu.
lược đồ dwh,true,fact_asset_inventory,source_updated_at,phân loại,thời gian — dẫn xuất đặc trưng,0.0,1046.0,5.184,false,,0.0,1.3866,thông tin phong phú,KHÔNG CẦN THIẾT,KHÔNG TỚI ĐƯỢC,U7 không có đường nối,bảng `fact_asset_inventory` không nối được về hạt cửa hàng × mã hàng × tháng,ĐỦ,—,Không vướng cổng nào.,,KHÔNG CÓ TÁC DỤNG,false,Không đưa vào bảng phẳng. Sửa nguồn cũng vô ích vì sửa xong vẫn không nói được gì về nhu cầu.
lược đồ dwh,false,dim_categories,row_hash,phân loại,cột kỹ thuật — không phải đặc trưng,0.0,277.0,100.0,false,,,1.3523,thông tin phong phú,KHÔNG CẦN THIẾT,ĐO ĐƯỢC,U4 Khoá dòng hoặc cột kỹ thuật,Định danh một dòng hoặc phục vụ vận hành ETL. Không mô tả gì về nhu cầu.,ĐỦ,—,Không vướng cổng nào.,,KHÔNG CÓ TÁC DỤNG,false,Không đưa vào bảng phẳng. Sửa nguồn cũng vô ích vì sửa xong vẫn không nói được gì về nhu cầu.
lược đồ dwh,false,dim_categories,source_refs,phân loại,cột kỹ thuật — không phải đặc trưng,0.0,,,false,,,1.3523,thông tin phong phú,KHÔNG CẦN THIẾT,ĐO ĐƯỢC,U1 Hằng số hoặc rỗng,"Phương sai bằng 0 nên thông tin tương hỗ với BẤT KỲ nhãn nào cũng bằng 0. Hệ quả toán học, không phải ngưỡng vận hành.",ĐỦ,—,Không vướng cổng nào.,,KHÔNG CÓ TÁC DỤNG,false,Không đưa vào bảng phẳng. Sửa nguồn cũng vô ích vì sửa xong vẫn không nói được gì về nhu cầu.
lược đồ dwh,true,fact_sales_targets,created_at,phân loại,cột kỹ thuật — không phải đặc trưng,0.0,270.0,100.0,false,,,1.3461,thông tin phong phú,KHÔNG CẦN THIẾT,ĐO ĐƯỢC,U3 Định danh trá hình,"Ở bảng fact, biến phân loại gần như không trùng giá trị là định danh trá hình. Mã hoá nó là tạo một cột cho mỗi dòng — mô hình học thuộc lòng.",ĐỦ,—,Không vướng cổng nào.,,KHÔNG CÓ TÁC DỤNG,false,Không đưa vào bảng phẳng. Sửa nguồn cũng vô ích vì sửa xong vẫn không nói được gì về nhu cầu.
lược đồ dwh,true,fact_sales_targets,updated_at,phân loại,cột kỹ thuật — không phải đặc trưng,0.0,270.0,100.0,false,,,1.3461,thông tin phong phú,KHÔNG CẦN THIẾT,ĐO ĐƯỢC,U3 Định danh trá hình,"Ở bảng fact, biến phân loại gần như không trùng giá trị là định danh trá hình. Mã hoá nó là tạo một cột cho mỗi dòng — mô hình học thuộc lòng.",ĐỦ,—,Không vướng cổng nào.,,KHÔNG CÓ TÁC DỤNG,false,Không đưa vào bảng phẳng. Sửa nguồn cũng vô ích vì sửa xong vẫn không nói được gì về nhu cầu.
lược đồ dwh,true,fact_roadmaps,code,phân loại,đặc trưng,0.0,268.0,100.0,false,,,1.3443,thông tin phong phú,KHÔNG CẦN THIẾT,ĐO ĐƯỢC,U3 Định danh trá hình,"Ở bảng fact, biến phân loại gần như không trùng giá trị là định danh trá hình. Mã hoá nó là tạo một cột cho mỗi dòng — mô hình học thuộc lòng.",ĐỦ,—,Không vướng cổng nào.,,KHÔNG CÓ TÁC DỤNG,false,Không đưa vào bảng phẳng. Sửa nguồn cũng vô ích vì sửa xong vẫn không nói được gì về nhu cầu.
lược đồ dwh,true,fact_roadmaps,source_refs,phân loại,cột kỹ thuật — không phải đặc trưng,0.0,,,false,,,1.3443,thông tin phong phú,KHÔNG CẦN THIẾT,ĐO ĐƯỢC,U1 Hằng số hoặc rỗng,"Phương sai bằng 0 nên thông tin tương hỗ với BẤT KỲ nhãn nào cũng bằng 0. Hệ quả toán học, không phải ngưỡng vận hành.",ĐỦ,—,Không vướng cổng nào.,,KHÔNG CÓ TÁC DỤNG,false,Không đưa vào bảng phẳng. Sửa nguồn cũng vô ích vì sửa xong vẫn không nói được gì về nhu cầu.
lược đồ dwh,true,fact_roadmaps,name,phân loại,đặc trưng,0.0,262.0,97.761,false,,,1.3364,thông tin phong phú,KHÔNG CẦN THIẾT,KHÔNG TỚI ĐƯỢC,U7 không có đường nối,bảng `fact_roadmaps` không nối được về hạt cửa hàng × mã hàng × tháng,ĐỦ,—,Không vướng cổng nào.,,KHÔNG CÓ TÁC DỤNG,false,Không đưa vào bảng phẳng. Sửa nguồn cũng vô ích vì sửa xong vẫn không nói được gì về nhu cầu.
lược đồ dwh,false,dim_sub_inventories,row_hash,phân loại,cột kỹ thuật — không phải đặc trưng,0.0,188.0,100.0,false,,,1.2591,thông tin phong phú,KHÔNG CẦN THIẾT,ĐO ĐƯỢC,U4 Khoá dòng hoặc cột kỹ thuật,Định danh một dòng hoặc phục vụ vận hành ETL. Không mô tả gì về nhu cầu.,ĐỦ,—,Không vướng cổng nào.,,KHÔNG CÓ TÁC DỤNG,false,Không đưa vào bảng phẳng. Sửa nguồn cũng vô ích vì sửa xong vẫn không nói được gì về nhu cầu.
lược đồ dwh,true,fact_visits,created_at,phân loại,cột kỹ thuật — không phải đặc trưng,0.0,265.0,0.087,false,,-3.0,1.2447,thông tin phong phú,KHÔNG CẦN THIẾT,ĐO ĐƯỢC,U4 Khoá dòng hoặc cột kỹ thuật,Định danh một dòng hoặc phục vụ vận hành ETL. Không mô tả gì về nhu cầu.,ĐỦ,—,Không vướng cổng nào.,,KHÔNG CÓ TÁC DỤNG,false,Không đưa vào bảng phẳng. Sửa nguồn cũng vô ích vì sửa xong vẫn không nói được gì về nhu cầu.
lược đồ dwh,true,fact_roadmap_stores,roadmap_code,phân loại,khoá ngoại — dùng như biến phân loại,0.0,263.0,1.466,false,,,1.2362,thông tin phong phú,KHÔNG CẦN THIẾT,KHÔNG TỚI ĐƯỢC,U7 không có đường nối,bảng `fact_roadmap_stores` không nối được về hạt cửa hàng × mã hàng × tháng,ĐỦ,—,Không vướng cổng nào.,,KHÔNG CÓ TÁC DỤNG,false,Không đưa vào bảng phẳng. Sửa nguồn cũng vô ích vì sửa xong vẫn không nói được gì về nhu cầu.
bảng phẳng,true,panel_mt,qty_per_purchase,số,đặc trưng,65.624,4198.0,,false,,,1.1903,,KHÔNG CẦN THIẾT,ĐO ĐƯỢC,U5 nhãn viết cách khác,8/8 thước đo xếp vào nửa trên; hồ sơ dữ liệu kết luận BỎ,ĐỦ,—,Không vướng cổng nào.,BỎ,KHÔNG CÓ TÁC DỤNG,false,Không đưa vào bảng phẳng. Sửa nguồn cũng vô ích vì sửa xong vẫn không nói được gì về nhu cầu.
lược đồ dwh,false,dim_product_brands,row_hash,phân loại,cột kỹ thuật — không phải đặc trưng,0.0,274.0,0.092,false,,,1.1832,thông tin phong phú,KHÔNG CẦN THIẾT,ĐO ĐƯỢC,U4 Khoá dòng hoặc cột kỹ thuật,Định danh một dòng hoặc phục vụ vận hành ETL. Không mô tả gì về nhu cầu.,ĐỦ,—,Không vướng cổng nào.,,KHÔNG CÓ TÁC DỤNG,false,Không đưa vào bảng phẳng. Sửa nguồn cũng vô ích vì sửa xong vẫn không nói được gì về nhu cầu.
lược đồ dwh,false,dim_product_brands,source_refs,phân loại,cột kỹ thuật — không phải đặc trưng,0.0,,,false,,,1.1832,thông tin phong phú,KHÔNG CẦN THIẾT,ĐO ĐƯỢC,U1 Hằng số hoặc rỗng,"Phương sai bằng 0 nên thông tin tương hỗ với BẤT KỲ nhãn nào cũng bằng 0. Hệ quả toán học, không phải ngưỡng vận hành.",ĐỦ,—,Không vướng cổng nào.,,KHÔNG CÓ TÁC DỤNG,false,Không đưa vào bảng phẳng. Sửa nguồn cũng vô ích vì sửa xong vẫn không nói được gì về nhu cầu.
lược đồ dwh,false,dim_sub_inventories,source_refs,phân loại,cột kỹ thuật — không phải đặc trưng,0.0,,,false,,,1.1343,thông tin phong phú,KHÔNG CẦN THIẾT,ĐO ĐƯỢC,U1 Hằng số hoặc rỗng,"Phương sai bằng 0 nên thông tin tương hỗ với BẤT KỲ nhãn nào cũng bằng 0. Hệ quả toán học, không phải ngưỡng vận hành.",ĐỦ,—,Không vướng cổng nào.,,KHÔNG CÓ TÁC DỤNG,false,Không đưa vào bảng phẳng. Sửa nguồn cũng vô ích vì sửa xong vẫn không nói được gì về nhu cầu.
lược đồ dwh,true,fact_inventory_lot_snapshot,created_at,phân loại,cột kỹ thuật — không phải đặc trưng,0.0,147.0,0.049,false,,0.0,1.121,thông tin phong phú,KHÔNG CẦN THIẾT,ĐO ĐƯỢC,U4 Khoá dòng hoặc cột kỹ thuật,Định danh một dòng hoặc phục vụ vận hành ETL. Không mô tả gì về nhu cầu.,ĐỦ,—,Không vướng cổng nào.,,KHÔNG CÓ TÁC DỤNG,false,Không đưa vào bảng phẳng. Sửa nguồn cũng vô ích vì sửa xong vẫn không nói được gì về nhu cầu.
lược đồ dwh,true,fact_order_status_timeline,completed_full_at,phân loại,thời gian — dẫn xuất đặc trưng,43.218,51446.0,29.913,false,,0.0,1.1206,thông tin phong phú,KHÔNG CẦN THIẾT,KHÔNG TỚI ĐƯỢC,U7 không có đường nối,bảng `fact_order_status_timeline` không nối được về hạt cửa hàng × mã hàng × tháng,ĐỦ,—,Không vướng cổng nào.,,KHÔNG CÓ TÁC DỤNG,false,Không đưa vào bảng phẳng. Sửa nguồn cũng vô ích vì sửa xong vẫn không nói được gì về nhu cầu.
lược đồ dwh,false,dim_delivery_status,row_hash,phân loại,cột kỹ thuật — không phải đặc trưng,0.0,103.0,100.0,false,,,1.1144,thông tin phong phú,KHÔNG CẦN THIẾT,ĐO ĐƯỢC,U4 Khoá dòng hoặc cột kỹ thuật,Định danh một dòng hoặc phục vụ vận hành ETL. Không mô tả gì về nhu cầu.,ĐỦ,—,Không vướng cổng nào.,,KHÔNG CÓ TÁC DỤNG,false,Không đưa vào bảng phẳng. Sửa nguồn cũng vô ích vì sửa xong vẫn không nói được gì về nhu cầu.
lược đồ dwh,true,fact_promo_budget_available,promotion_code,phân loại,khoá ngoại — dùng như biến phân loại,0.0,504.0,0.276,false,,0.0,1.0788,thông tin phong phú,KHÔNG CẦN THIẾT,KHÔNG TỚI ĐƯỢC,U7 không có đường nối,bảng `fact_promo_budget_available` không nối được về hạt cửa hàng × mã hàng × tháng,ĐỦ,—,Không vướng cổng nào.,,KHÔNG CÓ TÁC DỤNG,false,Không đưa vào bảng phẳng. Sửa nguồn cũng vô ích vì sửa xong vẫn không nói được gì về nhu cầu.
lược đồ dwh,true,fact_promo_budget_available,promotion_name,phân loại,đặc trưng,0.0,488.0,0.267,false,,0.0,1.0756,thông tin phong phú,KHÔNG CẦN THIẾT,KHÔNG TỚI ĐƯỢC,U7 không có đường nối,bảng `fact_promo_budget_available` không nối được về hạt cửa hàng × mã hàng × tháng,ĐỦ,—,Không vướng cổng nào.,,KHÔNG CÓ TÁC DỤNG,false,Không đưa vào bảng phẳng. Sửa nguồn cũng vô ích vì sửa xong vẫn không nói được gì về nhu cầu.
lược đồ dwh,false,zz_archive_om_orphans_20260804,product_code,phân loại,khoá ngoại — dùng như biến phân loại,0.0,110.0,24.664,false,,,1.0491,thông tin phong phú,KHÔNG CẦN THIẾT,KHÔNG TỚI ĐƯỢC,U7 không có đường nối,bảng `zz_archive_om_orphans_20260804` không nối được về hạt cửa hàng × mã hàng × tháng,ĐỦ,—,Không vướng cổng nào.,,KHÔNG CÓ TÁC DỤNG,false,Không đưa vào bảng phẳng. Sửa nguồn cũng vô ích vì sửa xong vẫn không nói được gì về nhu cầu.
lược đồ dwh,false,dim_products,updated_at,phân loại,cột kỹ thuật — không phải đặc trưng,0.0,1282.0,50.413,false,,,1.0346,thông tin phong phú,KHÔNG CẦN THIẾT,ĐO ĐƯỢC,U4 Khoá dòng hoặc cột kỹ thuật,Định danh một dòng hoặc phục vụ vận hành ETL. Không mô tả gì về nhu cầu.,ĐỦ,—,Không vướng cổng nào.,,KHÔNG CÓ TÁC DỤNG,false,Không đưa vào bảng phẳng. Sửa nguồn cũng vô ích vì sửa xong vẫn không nói được gì về nhu cầu.
bảng phẳng,true,panel_mt,effective_unit_price,số,đặc trưng,65.644,16838.0,,false,,,1.024,,KHÔNG CẦN THIẾT,ĐO ĐƯỢC,U5 nhãn viết cách khác,5/8 thước đo xếp vào nửa trên; hồ sơ dữ liệu kết luận BỎ,ĐỦ,—,Không vướng cổng nào.,BỎ,KHÔNG CÓ TÁC DỤNG,false,Không đưa vào bảng phẳng. Sửa nguồn cũng vô ích vì sửa xong vẫn không nói được gì về nhu cầu.
lược đồ dwh,false,dim_shippers,row_hash,phân loại,cột kỹ thuật — không phải đặc trưng,0.0,243.0,0.424,false,,,1.0201,thông tin phong phú,KHÔNG CẦN THIẾT,ĐO ĐƯỢC,U4 Khoá dòng hoặc cột kỹ thuật,Định danh một dòng hoặc phục vụ vận hành ETL. Không mô tả gì về nhu cầu.,ĐỦ,—,Không vướng cổng nào.,,KHÔNG CÓ TÁC DỤNG,false,Không đưa vào bảng phẳng. Sửa nguồn cũng vô ích vì sửa xong vẫn không nói được gì về nhu cầu.
lược đồ dwh,false,dim_assets,id,số,cột kỹ thuật — không phải đặc trưng,0.0,32878.0,100.0,false,,,1.0,thông tin phong phú,KHÔNG CẦN THIẾT,ĐO ĐƯỢC,U4 Khoá dòng hoặc cột kỹ thuật,Định danh một dòng hoặc phục vụ vận hành ETL. Không mô tả gì về nhu cầu.,ĐỦ,—,Không vướng cổng nào.,,KHÔNG CÓ TÁC DỤNG,false,Không đưa vào bảng phẳng. Sửa nguồn cũng vô ích vì sửa xong vẫn không nói được gì về nhu cầu.
lược đồ dwh,false,dim_assets,is_current,phân loại,cột kỹ thuật — không phải đặc trưng,0.0,2.0,0.006,false,,,1.0,thông tin phong phú,KHÔNG CẦN THIẾT,ĐO ĐƯỢC,U4 Khoá dòng hoặc cột kỹ thuật,Định danh một dòng hoặc phục vụ vận hành ETL. Không mô tả gì về nhu cầu.,ĐỦ,—,Không vướng cổng nào.,,KHÔNG CÓ TÁC DỤNG,false,Không đưa vào bảng phẳng. Sửa nguồn cũng vô ích vì sửa xong vẫn không nói được gì về nhu cầu.
lược đồ dwh,false,dim_chains,id,số,cột kỹ thuật — không phải đặc trưng,0.0,9638.0,100.0,false,,,1.0,thông tin phong phú,KHÔNG CẦN THIẾT,ĐO ĐƯỢC,U4 Khoá dòng hoặc cột kỹ thuật,Định danh một dòng hoặc phục vụ vận hành ETL. Không mô tả gì về nhu cầu.,ĐỦ,—,Không vướng cổng nào.,,KHÔNG CÓ TÁC DỤNG,false,Không đưa vào bảng phẳng. Sửa nguồn cũng vô ích vì sửa xong vẫn không nói được gì về nhu cầu.
lược đồ dwh,false,dim_dates,date_key,số,khoá của dòng — không dùng làm đặc trưng,0.0,4018.0,100.0,false,,,1.0,thông tin phong phú,KHÔNG CẦN THIẾT,ĐO ĐƯỢC,U4 Khoá dòng hoặc cột kỹ thuật,Định danh một dòng hoặc phục vụ vận hành ETL. Không mô tả gì về nhu cầu.,ĐỦ,—,Không vướng cổng nào.,,KHÔNG CÓ TÁC DỤNG,false,Không đưa vào bảng phẳng. Sửa nguồn cũng vô ích vì sửa xong vẫn không nói được gì về nhu cầu.
lược đồ dwh,false,dim_dates,id,số,cột kỹ thuật — không phải đặc trưng,0.0,4018.0,100.0,false,,,1.0,thông tin phong phú,KHÔNG CẦN THIẾT,ĐO ĐƯỢC,U4 Khoá dòng hoặc cột kỹ thuật,Định danh một dòng hoặc phục vụ vận hành ETL. Không mô tả gì về nhu cầu.,ĐỦ,—,Không vướng cổng nào.,,KHÔNG CÓ TÁC DỤNG,false,Không đưa vào bảng phẳng. Sửa nguồn cũng vô ích vì sửa xong vẫn không nói được gì về nhu cầu.
lược đồ dwh,false,dim_delivery_types,id,số,cột kỹ thuật — không phải đặc trưng,0.0,5.0,100.0,false,,,1.0,thông tin phong phú,KHÔNG CẦN THIẾT,ĐO ĐƯỢC,U4 Khoá dòng hoặc cột kỹ thuật,Định danh một dòng hoặc phục vụ vận hành ETL. Không mô tả gì về nhu cầu.,ĐỦ,—,Không vướng cổng nào.,,KHÔNG CÓ TÁC DỤNG,false,Không đưa vào bảng phẳng. Sửa nguồn cũng vô ích vì sửa xong vẫn không nói được gì về nhu cầu.
lược đồ dwh,false,dim_employees,id,số,cột kỹ thuật — không phải đặc trưng,0.0,6699.0,100.0,false,,,1.0,thông tin phong phú,KHÔNG CẦN THIẾT,ĐO ĐƯỢC,U4 Khoá dòng hoặc cột kỹ thuật,Định danh một dòng hoặc phục vụ vận hành ETL. Không mô tả gì về nhu cầu.,ĐỦ,—,Không vướng cổng nào.,,KHÔNG CÓ TÁC DỤNG,false,Không đưa vào bảng phẳng. Sửa nguồn cũng vô ích vì sửa xong vẫn không nói được gì về nhu cầu.
lược đồ dwh,false,dim_order_status,status_code,phân loại,khoá ngoại — dùng như biến phân loại,0.0,10.0,100.0,false,,,1.0,thông tin phong phú,KHÔNG CẦN THIẾT,KHÔNG TỚI ĐƯỢC,U7 không có đường nối,bảng `dim_order_status` không nối được về hạt cửa hàng × mã hàng × tháng,ĐỦ,—,Không vướng cổng nào.,,KHÔNG CÓ TÁC DỤNG,false,Không đưa vào bảng phẳng. Sửa nguồn cũng vô ích vì sửa xong vẫn không nói được gì về nhu cầu.
lược đồ dwh,false,dim_order_status,status_name,phân loại,đặc trưng,0.0,10.0,100.0,false,,,1.0,thông tin phong phú,KHÔNG CẦN THIẾT,KHÔNG TỚI ĐƯỢC,U7 không có đường nối,bảng `dim_order_status` không nối được về hạt cửa hàng × mã hàng × tháng,ĐỦ,—,Không vướng cổng nào.,,KHÔNG CÓ TÁC DỤNG,false,Không đưa vào bảng phẳng. Sửa nguồn cũng vô ích vì sửa xong vẫn không nói được gì về nhu cầu.
lược đồ dwh,false,dim_order_status,description,phân loại,đặc trưng,0.0,10.0,100.0,false,,,1.0,thông tin phong phú,KHÔNG CẦN THIẾT,KHÔNG TỚI ĐƯỢC,U7 không có đường nối,bảng `dim_order_status` không nối được về hạt cửa hàng × mã hàng × tháng,ĐỦ,—,Không vướng cổng nào.,,KHÔNG CÓ TÁC DỤNG,false,Không đưa vào bảng phẳng. Sửa nguồn cũng vô ích vì sửa xong vẫn không nói được gì về nhu cầu.
lược đồ dwh,false,dim_order_status,sort_order,số,đặc trưng,0.0,10.0,100.0,false,,,1.0,thông tin phong phú,KHÔNG CẦN THIẾT,KHÔNG TỚI ĐƯỢC,U7 không có đường nối,bảng `dim_order_status` không nối được về hạt cửa hàng × mã hàng × tháng,ĐỦ,—,Không vướng cổng nào.,,KHÔNG CÓ TÁC DỤNG,false,Không đưa vào bảng phẳng. Sửa nguồn cũng vô ích vì sửa xong vẫn không nói được gì về nhu cầu.
lược đồ dwh,false,dim_order_status,id,số,cột kỹ thuật — không phải đặc trưng,0.0,10.0,100.0,false,,,1.0,thông tin phong phú,KHÔNG CẦN THIẾT,ĐO ĐƯỢC,U4 Khoá dòng hoặc cột kỹ thuật,Định danh một dòng hoặc phục vụ vận hành ETL. Không mô tả gì về nhu cầu.,ĐỦ,—,Không vướng cổng nào.,,KHÔNG CÓ TÁC DỤNG,false,Không đưa vào bảng phẳng. Sửa nguồn cũng vô ích vì sửa xong vẫn không nói được gì về nhu cầu.
lược đồ dwh,false,dim_order_types,id,số,cột kỹ thuật — không phải đặc trưng,0.0,15.0,100.0,false,,,1.0,thông tin phong phú,KHÔNG CẦN THIẾT,ĐO ĐƯỢC,U4 Khoá dòng hoặc cột kỹ thuật,Định danh một dòng hoặc phục vụ vận hành ETL. Không mô tả gì về nhu cầu.,ĐỦ,—,Không vướng cổng nào.,,KHÔNG CÓ TÁC DỤNG,false,Không đưa vào bảng phẳng. Sửa nguồn cũng vô ích vì sửa xong vẫn không nói được gì về nhu cầu.
lược đồ dwh,false,dim_otif_reason,reason_text,phân loại,đặc trưng,0.0,22.0,100.0,false,,,1.0,thông tin phong phú,KHÔNG CẦN THIẾT,KHÔNG TỚI ĐƯỢC,U7 không có đường nối,bảng `dim_otif_reason` không nối được về hạt cửa hàng × mã hàng × tháng,ĐỦ,—,Không vướng cổng nào.,,KHÔNG CÓ TÁC DỤNG,false,Không đưa vào bảng phẳng. Sửa nguồn cũng vô ích vì sửa xong vẫn không nói được gì về nhu cầu.
lược đồ dwh,false,dim_otif_reason,id,số,cột kỹ thuật — không phải đặc trưng,0.0,22.0,100.0,false,,,1.0,thông tin phong phú,KHÔNG CẦN THIẾT,ĐO ĐƯỢC,U4 Khoá dòng hoặc cột kỹ thuật,Định danh một dòng hoặc phục vụ vận hành ETL. Không mô tả gì về nhu cầu.,ĐỦ,—,Không vướng cổng nào.,,KHÔNG CÓ TÁC DỤNG,false,Không đưa vào bảng phẳng. Sửa nguồn cũng vô ích vì sửa xong vẫn không nói được gì về nhu cầu.
lược đồ dwh,false,dim_product_brands,id,số,cột kỹ thuật — không phải đặc trưng,0.0,299431.0,100.0,false,,,1.0,thông tin phong phú,KHÔNG CẦN THIẾT,ĐO ĐƯỢC,U4 Khoá dòng hoặc cột kỹ thuật,Định danh một dòng hoặc phục vụ vận hành ETL. Không mô tả gì về nhu cầu.,ĐỦ,—,Không vướng cổng nào.,,KHÔNG CÓ TÁC DỤNG,false,Không đưa vào bảng phẳng. Sửa nguồn cũng vô ích vì sửa xong vẫn không nói được gì về nhu cầu.
lược đồ dwh,false,dim_product_prices,id,số,cột kỹ thuật — không phải đặc trưng,0.0,9085.0,100.0,false,,,1.0,thông tin phong phú,KHÔNG CẦN THIẾT,ĐO ĐƯỢC,U4 Khoá dòng hoặc cột kỹ thuật,Định danh một dòng hoặc phục vụ vận hành ETL. Không mô tả gì về nhu cầu.,ĐỦ,—,Không vướng cổng nào.,,KHÔNG CÓ TÁC DỤNG,false,Không đưa vào bảng phẳng. Sửa nguồn cũng vô ích vì sửa xong vẫn không nói được gì về nhu cầu.
lược đồ dwh,false,dim_products,id,số,cột kỹ thuật — không phải đặc trưng,0.0,2543.0,100.0,false,,,1.0,thông tin phong phú,KHÔNG CẦN THIẾT,ĐO ĐƯỢC,U4 Khoá dòng hoặc cột kỹ thuật,Định danh một dòng hoặc phục vụ vận hành ETL. Không mô tả gì về nhu cầu.,ĐỦ,—,Không vướng cổng nào.,,KHÔNG CÓ TÁC DỤNG,false,Không đưa vào bảng phẳng. Sửa nguồn cũng vô ích vì sửa xong vẫn không nói được gì về nhu cầu.
lược đồ dwh,false,dim_products,is_current,phân loại,cột kỹ thuật — không phải đặc trưng,0.0,2.0,0.079,false,,,1.0,thông tin phong phú,KHÔNG CẦN THIẾT,ĐO ĐƯỢC,U4 Khoá dòng hoặc cột kỹ thuật,Định danh một dòng hoặc phục vụ vận hành ETL. Không mô tả gì về nhu cầu.,ĐỦ,—,Không vướng cổng nào.,,KHÔNG CÓ TÁC DỤNG,false,Không đưa vào bảng phẳng. Sửa nguồn cũng vô ích vì sửa xong vẫn không nói được gì về nhu cầu.
lược đồ dwh,false,dim_sales_positions,id,số,cột kỹ thuật — không phải đặc trưng,0.0,7.0,100.0,false,,,1.0,thông tin phong phú,KHÔNG CẦN THIẾT,ĐO ĐƯỢC,U4 Khoá dòng hoặc cột kỹ thuật,Định danh một dòng hoặc phục vụ vận hành ETL. Không mô tả gì về nhu cầu.,ĐỦ,—,Không vướng cổng nào.,,KHÔNG CÓ TÁC DỤNG,false,Không đưa vào bảng phẳng. Sửa nguồn cũng vô ích vì sửa xong vẫn không nói được gì về nhu cầu.
lược đồ dwh,false,dim_sales_positions,position_code,phân loại,khoá ngoại — dùng như biến phân loại,0.0,7.0,100.0,false,,,1.0,thông tin phong phú,KHÔNG CẦN THIẾT,KHÔNG TỚI ĐƯỢC,U7 không có đường nối,bảng `dim_sales_positions` không nối được về hạt cửa hàng × mã hàng × tháng,ĐỦ,—,Không vướng cổng nào.,,KHÔNG CÓ TÁC DỤNG,false,Không đưa vào bảng phẳng. Sửa nguồn cũng vô ích vì sửa xong vẫn không nói được gì về nhu cầu.
lược đồ dwh,false,dim_sales_positions,position_name,phân loại,đặc trưng,0.0,7.0,100.0,false,,,1.0,thông tin phong phú,KHÔNG CẦN THIẾT,KHÔNG TỚI ĐƯỢC,U7 không có đường nối,bảng `dim_sales_positions` không nối được về hạt cửa hàng × mã hàng × tháng,ĐỦ,—,Không vướng cổng nào.,,KHÔNG CÓ TÁC DỤNG,false,Không đưa vào bảng phẳng. Sửa nguồn cũng vô ích vì sửa xong vẫn không nói được gì về nhu cầu.
lược đồ dwh,false,dim_shippers,id,số,cột kỹ thuật — không phải đặc trưng,0.0,57292.0,100.0,false,,,1.0,thông tin phong phú,KHÔNG CẦN THIẾT,ĐO ĐƯỢC,U4 Khoá dòng hoặc cột kỹ thuật,Định danh một dòng hoặc phục vụ vận hành ETL. Không mô tả gì về nhu cầu.,ĐỦ,—,Không vướng cổng nào.,,KHÔNG CÓ TÁC DỤNG,false,Không đưa vào bảng phẳng. Sửa nguồn cũng vô ích vì sửa xong vẫn không nói được gì về nhu cầu.
lược đồ dwh,false,dim_site_accounts,id,số,cột kỹ thuật — không phải đặc trưng,0.0,7.0,100.0,false,,,1.0,thông tin phong phú,KHÔNG CẦN THIẾT,ĐO ĐƯỢC,U4 Khoá dòng hoặc cột kỹ thuật,Định danh một dòng hoặc phục vụ vận hành ETL. Không mô tả gì về nhu cầu.,ĐỦ,—,Không vướng cổng nào.,,KHÔNG CÓ TÁC DỤNG,false,Không đưa vào bảng phẳng. Sửa nguồn cũng vô ích vì sửa xong vẫn không nói được gì về nhu cầu.
lược đồ dwh,false,dim_stores,id,số,cột kỹ thuật — không phải đặc trưng,0.0,301391.0,100.0,false,,,1.0,thông tin phong phú,KHÔNG CẦN THIẾT,ĐO ĐƯỢC,U4 Khoá dòng hoặc cột kỹ thuật,Định danh một dòng hoặc phục vụ vận hành ETL. Không mô tả gì về nhu cầu.,ĐỦ,—,Không vướng cổng nào.,,KHÔNG CÓ TÁC DỤNG,false,Không đưa vào bảng phẳng. Sửa nguồn cũng vô ích vì sửa xong vẫn không nói được gì về nhu cầu.
lược đồ dwh,false,dim_suppliers,row_hash,phân loại,cột kỹ thuật — không phải đặc trưng,0.0,63.0,100.0,false,,,1.0,thông tin phong phú,KHÔNG CẦN THIẾT,ĐO ĐƯỢC,U4 Khoá dòng hoặc cột kỹ thuật,Định danh một dòng hoặc phục vụ vận hành ETL. Không mô tả gì về nhu cầu.,ĐỦ,—,Không vướng cổng nào.,,KHÔNG CÓ TÁC DỤNG,false,Không đưa vào bảng phẳng. Sửa nguồn cũng vô ích vì sửa xong vẫn không nói được gì về nhu cầu.
lược đồ dwh,false,dim_suppliers,id,số,cột kỹ thuật — không phải đặc trưng,0.0,63.0,100.0,false,,,1.0,thông tin phong phú,KHÔNG CẦN THIẾT,ĐO ĐƯỢC,U4 Khoá dòng hoặc cột kỹ thuật,Định danh một dòng hoặc phục vụ vận hành ETL. Không mô tả gì về nhu cầu.,ĐỦ,—,Không vướng cổng nào.,,KHÔNG CÓ TÁC DỤNG,false,Không đưa vào bảng phẳng. Sửa nguồn cũng vô ích vì sửa xong vẫn không nói được gì về nhu cầu.
lược đồ dwh,false,dim_suppliers,source_refs,phân loại,cột kỹ thuật — không phải đặc trưng,0.0,,,false,,,1.0,thông tin phong phú,KHÔNG CẦN THIẾT,ĐO ĐƯỢC,U1 Hằng số hoặc rỗng,"Phương sai bằng 0 nên thông tin tương hỗ với BẤT KỲ nhãn nào cũng bằng 0. Hệ quả toán học, không phải ngưỡng vận hành.",ĐỦ,—,Không vướng cổng nào.,,KHÔNG CÓ TÁC DỤNG,false,Không đưa vào bảng phẳng. Sửa nguồn cũng vô ích vì sửa xong vẫn không nói được gì về nhu cầu.
lược đồ dwh,false,dim_warehouses,row_hash,phân loại,cột kỹ thuật — không phải đặc trưng,0.0,39.0,100.0,false,,,1.0,thông tin phong phú,KHÔNG CẦN THIẾT,ĐO ĐƯỢC,U4 Khoá dòng hoặc cột kỹ thuật,Định danh một dòng hoặc phục vụ vận hành ETL. Không mô tả gì về nhu cầu.,ĐỦ,—,Không vướng cổng nào.,,KHÔNG CÓ TÁC DỤNG,false,Không đưa vào bảng phẳng. Sửa nguồn cũng vô ích vì sửa xong vẫn không nói được gì về nhu cầu.
lược đồ dwh,false,dim_warehouses,id,số,cột kỹ thuật — không phải đặc trưng,0.0,39.0,100.0,false,,,1.0,thông tin phong phú,KHÔNG CẦN THIẾT,ĐO ĐƯỢC,U4 Khoá dòng hoặc cột kỹ thuật,Định danh một dòng hoặc phục vụ vận hành ETL. Không mô tả gì về nhu cầu.,ĐỦ,—,Không vướng cổng nào.,,KHÔNG CÓ TÁC DỤNG,false,Không đưa vào bảng phẳng. Sửa nguồn cũng vô ích vì sửa xong vẫn không nói được gì về nhu cầu.
lược đồ dwh,false,dim_warehouses,source_refs,phân loại,cột kỹ thuật — không phải đặc trưng,0.0,,,false,,,1.0,thông tin phong phú,KHÔNG CẦN THIẾT,ĐO ĐƯỢC,U1 Hằng số hoặc rỗng,"Phương sai bằng 0 nên thông tin tương hỗ với BẤT KỲ nhãn nào cũng bằng 0. Hệ quả toán học, không phải ngưỡng vận hành.",ĐỦ,—,Không vướng cổng nào.,,KHÔNG CÓ TÁC DỤNG,false,Không đưa vào bảng phẳng. Sửa nguồn cũng vô ích vì sửa xong vẫn không nói được gì về nhu cầu.
lược đồ dwh,false,dim_weather_locations,city_name,phân loại,đặc trưng,0.0,64.0,100.0,false,,,1.0,thông tin phong phú,KHÔNG CẦN THIẾT,KHÔNG TỚI ĐƯỢC,U7 không có đường nối,bảng `dim_weather_locations` không nối được về hạt cửa hàng × mã hàng × tháng,ĐỦ,—,Không vướng cổng nào.,DÙNG,KHÔNG CÓ TÁC DỤNG,false,Không đưa vào bảng phẳng. Sửa nguồn cũng vô ích vì sửa xong vẫn không nói được gì về nhu cầu.
lược đồ dwh,false,dim_weather_locations,id,số,cột kỹ thuật — không phải đặc trưng,0.0,64.0,100.0,false,,,1.0,thông tin phong phú,KHÔNG CẦN THIẾT,ĐO ĐƯỢC,U4 Khoá dòng hoặc cột kỹ thuật,Định danh một dòng hoặc phục vụ vận hành ETL. Không mô tả gì về nhu cầu.,ĐỦ,—,Không vướng cổng nào.,,KHÔNG CÓ TÁC DỤNG,false,Không đưa vào bảng phẳng. Sửa nguồn cũng vô ích vì sửa xong vẫn không nói được gì về nhu cầu.
lược đồ dwh,false,dim_weather_locations,created_at,phân loại,cột kỹ thuật — không phải đặc trưng,0.0,64.0,100.0,false,,,1.0,thông tin phong phú,KHÔNG CẦN THIẾT,ĐO ĐƯỢC,U4 Khoá dòng hoặc cột kỹ thuật,Định danh một dòng hoặc phục vụ vận hành ETL. Không mô tả gì về nhu cầu.,ĐỦ,—,Không vướng cổng nào.,,KHÔNG CÓ TÁC DỤNG,false,Không đưa vào bảng phẳng. Sửa nguồn cũng vô ích vì sửa xong vẫn không nói được gì về nhu cầu.
lược đồ dwh,false,dim_weather_locations,updated_at,phân loại,cột kỹ thuật — không phải đặc trưng,0.0,64.0,100.0,false,,,1.0,thông tin phong phú,KHÔNG CẦN THIẾT,ĐO ĐƯỢC,U4 Khoá dòng hoặc cột kỹ thuật,Định danh một dòng hoặc phục vụ vận hành ETL. Không mô tả gì về nhu cầu.,ĐỦ,—,Không vướng cổng nào.,,KHÔNG CÓ TÁC DỤNG,false,Không đưa vào bảng phẳng. Sửa nguồn cũng vô ích vì sửa xong vẫn không nói được gì về nhu cầu.
lược đồ dwh,false,dwh_batch_logs,id,số,cột kỹ thuật — không phải đặc trưng,0.0,241005.0,100.0,false,,,1.0,thông tin phong phú,KHÔNG CẦN THIẾT,ĐO ĐƯỢC,U4 Khoá dòng hoặc cột kỹ thuật,Định danh một dòng hoặc phục vụ vận hành ETL. Không mô tả gì về nhu cầu.,ĐỦ,—,Không vướng cổng nào.,,KHÔNG CÓ TÁC DỤNG,false,Không đưa vào bảng phẳng. Sửa nguồn cũng vô ích vì sửa xong vẫn không nói được gì về nhu cầu.
lược đồ dwh,true,fact_asset_audits,visit_id,số,khoá ngoại — dùng như biến phân loại,0.0,189998.0,87.839,false,,0.0,1.0,thông tin phong phú,KHÔNG CẦN THIẾT,KHÔNG TỚI ĐƯỢC,U7 không có đường nối,bảng `fact_asset_audits` không nối được về hạt cửa hàng × mã hàng × tháng,ĐỦ,—,Không vướng cổng nào.,,KHÔNG CÓ TÁC DỤNG,false,Không đưa vào bảng phẳng. Sửa nguồn cũng vô ích vì sửa xong vẫn không nói được gì về nhu cầu.
lược đồ dwh,true,fact_asset_audits,shop_id,số,khoá ngoại — dùng như biến phân loại,0.0,11988.0,5.542,false,0.0,0.0,1.0,thông tin phong phú,KHÔNG CẦN THIẾT,KHÔNG TỚI ĐƯỢC,U7 không có đường nối,bảng `fact_asset_audits` không nối được về hạt cửa hàng × mã hàng × tháng,ĐỦ,—,Không vướng cổng nào.,,KHÔNG CÓ TÁC DỤNG,false,Không đưa vào bảng phẳng. Sửa nguồn cũng vô ích vì sửa xong vẫn không nói được gì về nhu cầu.
lược đồ dwh,true,fact_asset_audits,asset_id,số,khoá ngoại — dùng như biến phân loại,0.0,15393.0,7.116,false,0.0,0.0,1.0,thông tin phong phú,KHÔNG CẦN THIẾT,KHÔNG TỚI ĐƯỢC,U7 không có đường nối,bảng `fact_asset_audits` không nối được về hạt cửa hàng × mã hàng × tháng,ĐỦ,—,Không vướng cổng nào.,,KHÔNG CÓ TÁC DỤNG,false,Không đưa vào bảng phẳng. Sửa nguồn cũng vô ích vì sửa xong vẫn không nói được gì về nhu cầu.
lược đồ dwh,true,fact_asset_audits,id,số,cột kỹ thuật — không phải đặc trưng,0.0,216302.0,100.0,false,,0.0,1.0,thông tin phong phú,KHÔNG CẦN THIẾT,ĐO ĐƯỢC,U4 Khoá dòng hoặc cột kỹ thuật,Định danh một dòng hoặc phục vụ vận hành ETL. Không mô tả gì về nhu cầu.,ĐỦ,—,Không vướng cổng nào.,,KHÔNG CÓ TÁC DỤNG,false,Không đưa vào bảng phẳng. Sửa nguồn cũng vô ích vì sửa xong vẫn không nói được gì về nhu cầu.
lược đồ dwh,true,fact_asset_inventory,id,số,cột kỹ thuật — không phải đặc trưng,0.0,20178.0,100.0,false,,0.0,1.0,thông tin phong phú,KHÔNG CẦN THIẾT,ĐO ĐƯỢC,U4 Khoá dòng hoặc cột kỹ thuật,Định danh một dòng hoặc phục vụ vận hành ETL. Không mô tả gì về nhu cầu.,ĐỦ,—,Không vướng cổng nào.,,KHÔNG CÓ TÁC DỤNG,false,Không đưa vào bảng phẳng. Sửa nguồn cũng vô ích vì sửa xong vẫn không nói được gì về nhu cầu.
lược đồ dwh,true,fact_asset_inventory,source_id,số,khoá của dòng — không dùng làm đặc trưng,0.0,20178.0,100.0,false,,0.0,1.0,thông tin phong phú,KHÔNG CẦN THIẾT,ĐO ĐƯỢC,U4 Khoá dòng hoặc cột kỹ thuật,Định danh một dòng hoặc phục vụ vận hành ETL. Không mô tả gì về nhu cầu.,ĐỦ,—,Không vướng cổng nào.,,KHÔNG CÓ TÁC DỤNG,false,Không đưa vào bảng phẳng. Sửa nguồn cũng vô ích vì sửa xong vẫn không nói được gì về nhu cầu.
lược đồ dwh,true,fact_delivery_details,id,số,cột kỹ thuật — không phải đặc trưng,0.0,301218.0,100.0,false,,-1446.0,1.0,thông tin phong phú,KHÔNG CẦN THIẾT,ĐO ĐƯỢC,U4 Khoá dòng hoặc cột kỹ thuật,Định danh một dòng hoặc phục vụ vận hành ETL. Không mô tả gì về nhu cầu.,ĐỦ,—,Không vướng cổng nào.,,KHÔNG CÓ TÁC DỤNG,false,Không đưa vào bảng phẳng. Sửa nguồn cũng vô ích vì sửa xong vẫn không nói được gì về nhu cầu.
lược đồ dwh,true,fact_inventory_daily_balances,id,số,cột kỹ thuật — không phải đặc trưng,0.0,116787.0,100.0,false,,0.0,1.0,thông tin phong phú,KHÔNG CẦN THIẾT,ĐO ĐƯỢC,U4 Khoá dòng hoặc cột kỹ thuật,Định danh một dòng hoặc phục vụ vận hành ETL. Không mô tả gì về nhu cầu.,ĐỦ,—,Không vướng cổng nào.,,KHÔNG CÓ TÁC DỤNG,false,Không đưa vào bảng phẳng. Sửa nguồn cũng vô ích vì sửa xong vẫn không nói được gì về nhu cầu.
lược đồ dwh,true,fact_inventory_lot_snapshot,id,số,cột kỹ thuật — không phải đặc trưng,0.0,301764.0,100.0,false,,0.0,1.0,thông tin phong phú,KHÔNG CẦN THIẾT,ĐO ĐƯỢC,U4 Khoá dòng hoặc cột kỹ thuật,Định danh một dòng hoặc phục vụ vận hành ETL. Không mô tả gì về nhu cầu.,ĐỦ,—,Không vướng cổng nào.,,KHÔNG CÓ TÁC DỤNG,false,Không đưa vào bảng phẳng. Sửa nguồn cũng vô ích vì sửa xong vẫn không nói được gì về nhu cầu.
lược đồ dwh,true,fact_inventory_transactions,transaction_id,số,khoá của dòng — không dùng làm đặc trưng,0.0,173448.0,100.0,false,,0.0,1.0,thông tin phong phú,KHÔNG CẦN THIẾT,ĐO ĐƯỢC,U4 Khoá dòng hoặc cột kỹ thuật,Định danh một dòng hoặc phục vụ vận hành ETL. Không mô tả gì về nhu cầu.,ĐỦ,—,Không vướng cổng nào.,,KHÔNG CÓ TÁC DỤNG,false,Không đưa vào bảng phẳng. Sửa nguồn cũng vô ích vì sửa xong vẫn không nói được gì về nhu cầu.
lược đồ dwh,true,fact_inventory_transactions,id,số,cột kỹ thuật — không phải đặc trưng,0.0,173448.0,100.0,false,,0.0,1.0,thông tin phong phú,KHÔNG CẦN THIẾT,ĐO ĐƯỢC,U4 Khoá dòng hoặc cột kỹ thuật,Định danh một dòng hoặc phục vụ vận hành ETL. Không mô tả gì về nhu cầu.,ĐỦ,—,Không vướng cổng nào.,,KHÔNG CÓ TÁC DỤNG,false,Không đưa vào bảng phẳng. Sửa nguồn cũng vô ích vì sửa xong vẫn không nói được gì về nhu cầu.
lược đồ dwh,true,fact_order_fulfillment,id,số,cột kỹ thuật — không phải đặc trưng,0.0,300243.0,100.0,false,,0.0,1.0,thông tin phong phú,KHÔNG CẦN THIẾT,ĐO ĐƯỢC,U4 Khoá dòng hoặc cột kỹ thuật,Định danh một dòng hoặc phục vụ vận hành ETL. Không mô tả gì về nhu cầu.,ĐỦ,—,Không vướng cổng nào.,,KHÔNG CÓ TÁC DỤNG,false,Không đưa vào bảng phẳng. Sửa nguồn cũng vô ích vì sửa xong vẫn không nói được gì về nhu cầu.
lược đồ dwh,true,fact_order_lines,id,số,cột kỹ thuật — không phải đặc trưng,0.0,297238.0,100.0,false,,0.0,1.0,thông tin phong phú,KHÔNG CẦN THIẾT,ĐO ĐƯỢC,U4 Khoá dòng hoặc cột kỹ thuật,Định danh một dòng hoặc phục vụ vận hành ETL. Không mô tả gì về nhu cầu.,ĐỦ,—,Không vướng cổng nào.,,KHÔNG CÓ TÁC DỤNG,false,Không đưa vào bảng phẳng. Sửa nguồn cũng vô ích vì sửa xong vẫn không nói được gì về nhu cầu.
lược đồ dwh,true,fact_order_status_timeline,id,số,cột kỹ thuật — không phải đặc trưng,0.0,302887.0,100.0,false,,0.0,1.0,thông tin phong phú,KHÔNG CẦN THIẾT,ĐO ĐƯỢC,U4 Khoá dòng hoặc cột kỹ thuật,Định danh một dòng hoặc phục vụ vận hành ETL. Không mô tả gì về nhu cầu.,ĐỦ,—,Không vướng cổng nào.,,KHÔNG CÓ TÁC DỤNG,false,Không đưa vào bảng phẳng. Sửa nguồn cũng vô ích vì sửa xong vẫn không nói được gì về nhu cầu.
lược đồ dwh,true,fact_promo_budget_available,ctkm_type,phân loại,đặc trưng,0.0,2.0,0.001,false,,0.0,1.0,thông tin phong phú,KHÔNG CẦN THIẾT,KHÔNG TỚI ĐƯỢC,U7 không có đường nối,bảng `fact_promo_budget_available` không nối được về hạt cửa hàng × mã hàng × tháng,ĐỦ,—,Không vướng cổng nào.,,KHÔNG CÓ TÁC DỤNG,false,Không đưa vào bảng phẳng. Sửa nguồn cũng vô ích vì sửa xong vẫn không nói được gì về nhu cầu.
lược đồ dwh,true,fact_promo_budget_available,id,số,cột kỹ thuật — không phải đặc trưng,0.0,182571.0,100.0,false,,0.0,1.0,thông tin phong phú,KHÔNG CẦN THIẾT,ĐO ĐƯỢC,U4 Khoá dòng hoặc cột kỹ thuật,Định danh một dòng hoặc phục vụ vận hành ETL. Không mô tả gì về nhu cầu.,ĐỦ,—,Không vướng cổng nào.,,KHÔNG CÓ TÁC DỤNG,false,Không đưa vào bảng phẳng. Sửa nguồn cũng vô ích vì sửa xong vẫn không nói được gì về nhu cầu.
lược đồ dwh,true,fact_roadmap_stores,store_id,số,khoá của dòng — không dùng làm đặc trưng,0.0,17942.0,100.0,false,0.0,,1.0,thông tin phong phú,KHÔNG CẦN THIẾT,ĐO ĐƯỢC,U4 Khoá dòng hoặc cột kỹ thuật,Định danh một dòng hoặc phục vụ vận hành ETL. Không mô tả gì về nhu cầu.,ĐỦ,—,Không vướng cổng nào.,,KHÔNG CÓ TÁC DỤNG,false,Không đưa vào bảng phẳng. Sửa nguồn cũng vô ích vì sửa xong vẫn không nói được gì về nhu cầu.
lược đồ dwh,true,fact_roadmap_stores,id,số,cột kỹ thuật — không phải đặc trưng,0.0,17942.0,100.0,false,,,1.0,thông tin phong phú,KHÔNG CẦN THIẾT,ĐO ĐƯỢC,U4 Khoá dòng hoặc cột kỹ thuật,Định danh một dòng hoặc phục vụ vận hành ETL. Không mô tả gì về nhu cầu.,ĐỦ,—,Không vướng cổng nào.,,KHÔNG CÓ TÁC DỤNG,false,Không đưa vào bảng phẳng. Sửa nguồn cũng vô ích vì sửa xong vẫn không nói được gì về nhu cầu.
lược đồ dwh,true,fact_visits,source_id,số,khoá của dòng — không dùng làm đặc trưng,0.0,302926.0,100.0,false,,-3.0,1.0,thông tin phong phú,KHÔNG CẦN THIẾT,ĐO ĐƯỢC,U4 Khoá dòng hoặc cột kỹ thuật,Định danh một dòng hoặc phục vụ vận hành ETL. Không mô tả gì về nhu cầu.,ĐỦ,—,Không vướng cổng nào.,,KHÔNG CÓ TÁC DỤNG,false,Không đưa vào bảng phẳng. Sửa nguồn cũng vô ích vì sửa xong vẫn không nói được gì về nhu cầu.
lược đồ dwh,true,fact_visits,id,số,cột kỹ thuật — không phải đặc trưng,0.0,302926.0,100.0,false,,-3.0,1.0,thông tin phong phú,KHÔNG CẦN THIẾT,ĐO ĐƯỢC,U4 Khoá dòng hoặc cột kỹ thuật,Định danh một dòng hoặc phục vụ vận hành ETL. Không mô tả gì về nhu cầu.,ĐỦ,—,Không vướng cổng nào.,,KHÔNG CÓ TÁC DỤNG,false,Không đưa vào bảng phẳng. Sửa nguồn cũng vô ích vì sửa xong vẫn không nói được gì về nhu cầu.
lược đồ dwh,true,fact_weather_forecast,id,số,cột kỹ thuật — không phải đặc trưng,0.0,154161.0,100.0,false,,-15.0,1.0,thông tin phong phú,KHÔNG CẦN THIẾT,ĐO ĐƯỢC,U4 Khoá dòng hoặc cột kỹ thuật,Định danh một dòng hoặc phục vụ vận hành ETL. Không mô tả gì về nhu cầu.,ĐỦ,—,Không vướng cổng nào.,,KHÔNG CÓ TÁC DỤNG,false,Không đưa vào bảng phẳng. Sửa nguồn cũng vô ích vì sửa xong vẫn không nói được gì về nhu cầu.
lược đồ dwh,false,dim_dates,week,số,đặc trưng,0.0,53.0,1.319,false,,,0.9999,thông tin phong phú,KHÔNG CẦN THIẾT,KHÔNG TỚI ĐƯỢC,U7 không có đường nối,bảng `dim_dates` không nối được về hạt cửa hàng × mã hàng × tháng,ĐỦ,—,Không vướng cổng nào.,,KHÔNG CÓ TÁC DỤNG,false,Không đưa vào bảng phẳng. Sửa nguồn cũng vô ích vì sửa xong vẫn không nói được gì về nhu cầu.
lược đồ dwh,false,zz_archive_om_orphans_20260804,id,số,cột kỹ thuật — không phải đặc trưng,0.0,446.0,100.0,false,,,0.9999,thông tin phong phú,KHÔNG CẦN THIẾT,ĐO ĐƯỢC,U4 Khoá dòng hoặc cột kỹ thuật,Định danh một dòng hoặc phục vụ vận hành ETL. Không mô tả gì về nhu cầu.,ĐỦ,—,Không vướng cổng nào.,,KHÔNG CÓ TÁC DỤNG,false,Không đưa vào bảng phẳng. Sửa nguồn cũng vô ích vì sửa xong vẫn không nói được gì về nhu cầu.
lược đồ dwh,false,dim_shippers,batch_id,số,cột kỹ thuật — không phải đặc trưng,0.005,4111.0,7.176,false,,,0.9998,thông tin phong phú,KHÔNG CẦN THIẾT,ĐO ĐƯỢC,U4 Khoá dòng hoặc cột kỹ thuật,Định danh một dòng hoặc phục vụ vận hành ETL. Không mô tả gì về nhu cầu.,ĐỦ,—,Không vướng cổng nào.,,KHÔNG CÓ TÁC DỤNG,false,Không đưa vào bảng phẳng. Sửa nguồn cũng vô ích vì sửa xong vẫn không nói được gì về nhu cầu.
lược đồ dwh,false,dim_product_brands,batch_id,số,cột kỹ thuật — không phải đặc trưng,0.0,7279.0,2.431,false,,,0.9997,thông tin phong phú,KHÔNG CẦN THIẾT,ĐO ĐƯỢC,U4 Khoá dòng hoặc cột kỹ thuật,Định danh một dòng hoặc phục vụ vận hành ETL. Không mô tả gì về nhu cầu.,ĐỦ,—,Không vướng cổng nào.,,KHÔNG CÓ TÁC DỤNG,false,Không đưa vào bảng phẳng. Sửa nguồn cũng vô ích vì sửa xong vẫn không nói được gì về nhu cầu.
lược đồ dwh,false,dim_locators,id,số,cột kỹ thuật — không phải đặc trưng,0.0,315.0,100.0,false,,,0.9996,thông tin phong phú,KHÔNG CẦN THIẾT,ĐO ĐƯỢC,U4 Khoá dòng hoặc cột kỹ thuật,Định danh một dòng hoặc phục vụ vận hành ETL. Không mô tả gì về nhu cầu.,ĐỦ,—,Không vướng cổng nào.,,KHÔNG CÓ TÁC DỤNG,false,Không đưa vào bảng phẳng. Sửa nguồn cũng vô ích vì sửa xong vẫn không nói được gì về nhu cầu.
lược đồ dwh,false,dim_account_channels,id,số,cột kỹ thuật — không phải đặc trưng,0.0,127.0,100.0,false,,,0.9994,thông tin phong phú,KHÔNG CẦN THIẾT,ĐO ĐƯỢC,U4 Khoá dòng hoặc cột kỹ thuật,Định danh một dòng hoặc phục vụ vận hành ETL. Không mô tả gì về nhu cầu.,ĐỦ,—,Không vướng cổng nào.,,KHÔNG CÓ TÁC DỤNG,false,Không đưa vào bảng phẳng. Sửa nguồn cũng vô ích vì sửa xong vẫn không nói được gì về nhu cầu.
lược đồ dwh,false,dim_price_lists,id,số,cột kỹ thuật — không phải đặc trưng,0.0,364.0,100.0,false,,,0.9992,thông tin phong phú,KHÔNG CẦN THIẾT,ĐO ĐƯỢC,U4 Khoá dòng hoặc cột kỹ thuật,Định danh một dòng hoặc phục vụ vận hành ETL. Không mô tả gì về nhu cầu.,ĐỦ,—,Không vướng cổng nào.,,KHÔNG CÓ TÁC DỤNG,false,Không đưa vào bảng phẳng. Sửa nguồn cũng vô ích vì sửa xong vẫn không nói được gì về nhu cầu.
lược đồ dwh,false,dim_sub_inventories,id,số,cột kỹ thuật — không phải đặc trưng,0.0,188.0,100.0,false,,,0.9991,thông tin phong phú,KHÔNG CẦN THIẾT,ĐO ĐƯỢC,U4 Khoá dòng hoặc cột kỹ thuật,Định danh một dòng hoặc phục vụ vận hành ETL. Không mô tả gì về nhu cầu.,ĐỦ,—,Không vướng cổng nào.,,KHÔNG CÓ TÁC DỤNG,false,Không đưa vào bảng phẳng. Sửa nguồn cũng vô ích vì sửa xong vẫn không nói được gì về nhu cầu.
lược đồ dwh,false,dim_dates,day,số,đặc trưng,0.0,31.0,0.772,false,,,0.999,thông tin phong phú,KHÔNG CẦN THIẾT,KHÔNG TỚI ĐƯỢC,U7 không có đường nối,bảng `dim_dates` không nối được về hạt cửa hàng × mã hàng × tháng,ĐỦ,—,Không vướng cổng nào.,,KHÔNG CÓ TÁC DỤNG,false,Không đưa vào bảng phẳng. Sửa nguồn cũng vô ích vì sửa xong vẫn không nói được gì về nhu cầu.
lược đồ dwh,true,fact_roadmaps,id,số,cột kỹ thuật — không phải đặc trưng,0.0,268.0,100.0,false,,,0.999,thông tin phong phú,KHÔNG CẦN THIẾT,ĐO ĐƯỢC,U4 Khoá dòng hoặc cột kỹ thuật,Định danh một dòng hoặc phục vụ vận hành ETL. Không mô tả gì về nhu cầu.,ĐỦ,—,Không vướng cổng nào.,,KHÔNG CÓ TÁC DỤNG,false,Không đưa vào bảng phẳng. Sửa nguồn cũng vô ích vì sửa xong vẫn không nói được gì về nhu cầu.
lược đồ dwh,true,fact_sales_targets,target_date_id,số,khoá ngoại — dùng như biến phân loại,0.0,270.0,100.0,false,,,0.9989,thông tin phong phú,KHÔNG CẦN THIẾT,KHÔNG TỚI ĐƯỢC,U7 không có đường nối,bảng `fact_sales_targets` không nối được về hạt cửa hàng × mã hàng × tháng,ĐỦ,—,Không vướng cổng nào.,,KHÔNG CÓ TÁC DỤNG,false,Không đưa vào bảng phẳng. Sửa nguồn cũng vô ích vì sửa xong vẫn không nói được gì về nhu cầu.
lược đồ dwh,true,fact_sales_targets,id,số,cột kỹ thuật — không phải đặc trưng,0.0,270.0,100.0,false,,,0.9989,thông tin phong phú,KHÔNG CẦN THIẾT,ĐO ĐƯỢC,U4 Khoá dòng hoặc cột kỹ thuật,Định danh một dòng hoặc phục vụ vận hành ETL. Không mô tả gì về nhu cầu.,ĐỦ,—,Không vướng cổng nào.,,KHÔNG CÓ TÁC DỤNG,false,Không đưa vào bảng phẳng. Sửa nguồn cũng vô ích vì sửa xong vẫn không nói được gì về nhu cầu.
lược đồ dwh,false,dim_categories,id,số,cột kỹ thuật — không phải đặc trưng,0.0,277.0,100.0,false,,,0.9986,thông tin phong phú,KHÔNG CẦN THIẾT,ĐO ĐƯỢC,U4 Khoá dòng hoặc cột kỹ thuật,Định danh một dòng hoặc phục vụ vận hành ETL. Không mô tả gì về nhu cầu.,ĐỦ,—,Không vướng cổng nào.,,KHÔNG CÓ TÁC DỤNG,false,Không đưa vào bảng phẳng. Sửa nguồn cũng vô ích vì sửa xong vẫn không nói được gì về nhu cầu.
lược đồ dwh,false,dim_weather_locations,latitude,số,đặc trưng,0.0,63.0,98.438,false,,,0.9986,thông tin phong phú,KHÔNG CẦN THIẾT,KHÔNG TỚI ĐƯỢC,U7 không có đường nối,bảng `dim_weather_locations` không nối được về hạt cửa hàng × mã hàng × tháng,ĐỦ,—,Không vướng cổng nào.,,KHÔNG CÓ TÁC DỤNG,false,Không đưa vào bảng phẳng. Sửa nguồn cũng vô ích vì sửa xong vẫn không nói được gì về nhu cầu.
lược đồ dwh,false,zz_archive_om_orphans_20260804,order_code,phân loại,khoá ngoại — dùng như biến phân loại,0.0,99.0,22.197,false,,,0.9985,thông tin phong phú,KHÔNG CẦN THIẾT,KHÔNG TỚI ĐƯỢC,U7 không có đường nối,bảng `zz_archive_om_orphans_20260804` không nối được về hạt cửa hàng × mã hàng × tháng,ĐỦ,—,Không vướng cổng nào.,,KHÔNG CÓ TÁC DỤNG,false,Không đưa vào bảng phẳng. Sửa nguồn cũng vô ích vì sửa xong vẫn không nói được gì về nhu cầu.
lược đồ dwh,false,zz_archive_om_orphans_20260804,ora_order_no,phân loại,khoá ngoại — dùng như biến phân loại,0.0,99.0,22.197,false,,,0.9985,thông tin phong phú,KHÔNG CẦN THIẾT,KHÔNG TỚI ĐƯỢC,U7 không có đường nối,bảng `zz_archive_om_orphans_20260804` không nối được về hạt cửa hàng × mã hàng × tháng,ĐỦ,—,Không vướng cổng nào.,,KHÔNG CÓ TÁC DỤNG,false,Không đưa vào bảng phẳng. Sửa nguồn cũng vô ích vì sửa xong vẫn không nói được gì về nhu cầu.
lược đồ dwh,false,dim_product_prices,product_id,số,khoá ngoại — dùng như biến phân loại,0.0,678.0,7.463,false,0.0,,0.9973,thông tin phong phú,KHÔNG CẦN THIẾT,KHÔNG TỚI ĐƯỢC,U7 không có đường nối,bảng `dim_product_prices` không nối được về hạt cửa hàng × mã hàng × tháng,ĐỦ,—,Không vướng cổng nào.,,KHÔNG CÓ TÁC DỤNG,false,Không đưa vào bảng phẳng. Sửa nguồn cũng vô ích vì sửa xong vẫn không nói được gì về nhu cầu.
lược đồ dwh,false,dim_site_domains,id,số,cột kỹ thuật — không phải đặc trưng,0.0,137.0,100.0,false,,,0.9971,thông tin phong phú,KHÔNG CẦN THIẾT,ĐO ĐƯỢC,U4 Khoá dòng hoặc cột kỹ thuật,Định danh một dòng hoặc phục vụ vận hành ETL. Không mô tả gì về nhu cầu.,ĐỦ,—,Không vướng cổng nào.,,KHÔNG CÓ TÁC DỤNG,false,Không đưa vào bảng phẳng. Sửa nguồn cũng vô ích vì sửa xong vẫn không nói được gì về nhu cầu.
lược đồ dwh,false,dim_weather_locations,longitude,số,đặc trưng,0.0,61.0,95.312,false,,,0.9939,thông tin phong phú,KHÔNG CẦN THIẾT,KHÔNG TỚI ĐƯỢC,U7 không có đường nối,bảng `dim_weather_locations` không nối được về hạt cửa hàng × mã hàng × tháng,ĐỦ,—,Không vướng cổng nào.,,KHÔNG CÓ TÁC DỤNG,false,Không đưa vào bảng phẳng. Sửa nguồn cũng vô ích vì sửa xong vẫn không nói được gì về nhu cầu.
lược đồ dwh,true,fact_weather_forecast,temperature_min,số,đặc trưng,0.0,283.0,0.184,false,,-15.0,0.9936,thông tin phong phú,KHÔNG CẦN THIẾT,KHÔNG TỚI ĐƯỢC,U7 không có đường nối,bảng `fact_weather_forecast` không nối được về hạt cửa hàng × mã hàng × tháng,ĐỦ,—,Không vướng cổng nào.,,KHÔNG CÓ TÁC DỤNG,false,Không đưa vào bảng phẳng. Sửa nguồn cũng vô ích vì sửa xong vẫn không nói được gì về nhu cầu.
lược đồ dwh,true,fact_weather_forecast,temperature_max,số,đặc trưng,0.0,343.0,0.222,false,,-15.0,0.9932,thông tin phong phú,KHÔNG CẦN THIẾT,KHÔNG TỚI ĐƯỢC,U7 không có đường nối,bảng `fact_weather_forecast` không nối được về hạt cửa hàng × mã hàng × tháng,ĐỦ,—,Không vướng cổng nào.,,KHÔNG CÓ TÁC DỤNG,false,Không đưa vào bảng phẳng. Sửa nguồn cũng vô ích vì sửa xong vẫn không nói được gì về nhu cầu.
lược đồ dwh,false,dim_product_prices,price_excl_vat,số,đặc trưng,0.0,2061.0,22.686,false,,,0.9931,thông tin phong phú,KHÔNG CẦN THIẾT,KHÔNG TỚI ĐƯỢC,U7 không có đường nối,bảng `dim_product_prices` không nối được về hạt cửa hàng × mã hàng × tháng,ĐỦ,—,Không vướng cổng nào.,,KHÔNG CÓ TÁC DỤNG,false,Không đưa vào bảng phẳng. Sửa nguồn cũng vô ích vì sửa xong vẫn không nói được gì về nhu cầu.
lược đồ dwh,false,dim_product_prices,price_incl_vat,số,đặc trưng,0.0,2045.0,22.51,false,,,0.993,thông tin phong phú,KHÔNG CẦN THIẾT,KHÔNG TỚI ĐƯỢC,U7 không có đường nối,bảng `dim_product_prices` không nối được về hạt cửa hàng × mã hàng × tháng,ĐỦ,—,Không vướng cổng nào.,,KHÔNG CÓ TÁC DỤNG,false,Không đưa vào bảng phẳng. Sửa nguồn cũng vô ích vì sửa xong vẫn không nói được gì về nhu cầu.
lược đồ dwh,true,fact_weather_forecast,location_id,số,khoá ngoại — dùng như biến phân loại,0.0,63.0,0.041,false,,-15.0,0.9897,thông tin phong phú,KHÔNG CẦN THIẾT,KHÔNG TỚI ĐƯỢC,U7 không có đường nối,bảng `fact_weather_forecast` không nối được về hạt cửa hàng × mã hàng × tháng,ĐỦ,—,Không vướng cổng nào.,,KHÔNG CÓ TÁC DỤNG,false,Không đưa vào bảng phẳng. Sửa nguồn cũng vô ích vì sửa xong vẫn không nói được gì về nhu cầu.
lược đồ dwh,false,dim_delivery_status,id,số,cột kỹ thuật — không phải đặc trưng,0.0,103.0,100.0,false,,,0.9882,thông tin phong phú,KHÔNG CẦN THIẾT,ĐO ĐƯỢC,U4 Khoá dòng hoặc cột kỹ thuật,Định danh một dòng hoặc phục vụ vận hành ETL. Không mô tả gì về nhu cầu.,ĐỦ,—,Không vướng cổng nào.,,KHÔNG CÓ TÁC DỤNG,false,Không đưa vào bảng phẳng. Sửa nguồn cũng vô ích vì sửa xong vẫn không nói được gì về nhu cầu.
lược đồ dwh,false,dim_dates,month,số,đặc trưng,0.0,12.0,0.299,false,,,0.9879,thông tin phong phú,KHÔNG CẦN THIẾT,KHÔNG TỚI ĐƯỢC,U7 không có đường nối,bảng `dim_dates` không nối được về hạt cửa hàng × mã hàng × tháng,ĐỦ,—,Không vướng cổng nào.,,KHÔNG CÓ TÁC DỤNG,false,Không đưa vào bảng phẳng. Sửa nguồn cũng vô ích vì sửa xong vẫn không nói được gì về nhu cầu.
lược đồ dwh,false,dim_dates,year,số,đặc trưng,0.0,11.0,0.274,false,,,0.9867,thông tin phong phú,KHÔNG CẦN THIẾT,KHÔNG TỚI ĐƯỢC,U7 không có đường nối,bảng `dim_dates` không nối được về hạt cửa hàng × mã hàng × tháng,ĐỦ,—,Không vướng cổng nào.,,KHÔNG CÓ TÁC DỤNG,false,Không đưa vào bảng phẳng. Sửa nguồn cũng vô ích vì sửa xong vẫn không nói được gì về nhu cầu.
lược đồ dwh,false,dim_dates,fiscal_year,số,đặc trưng,0.0,11.0,0.274,false,,,0.9867,thông tin phong phú,KHÔNG CẦN THIẾT,KHÔNG TỚI ĐƯỢC,U7 không có đường nối,bảng `dim_dates` không nối được về hạt cửa hàng × mã hàng × tháng,ĐỦ,—,Không vướng cổng nào.,,KHÔNG CÓ TÁC DỤNG,false,Không đưa vào bảng phẳng. Sửa nguồn cũng vô ích vì sửa xong vẫn không nói được gì về nhu cầu.
lược đồ dwh,false,dim_distributors,id,số,cột kỹ thuật — không phải đặc trưng,0.0,89.0,100.0,false,,,0.9857,thông tin phong phú,KHÔNG CẦN THIẾT,ĐO ĐƯỢC,U4 Khoá dòng hoặc cột kỹ thuật,Định danh một dòng hoặc phục vụ vận hành ETL. Không mô tả gì về nhu cầu.,ĐỦ,—,Không vướng cổng nào.,,KHÔNG CÓ TÁC DỤNG,false,Không đưa vào bảng phẳng. Sửa nguồn cũng vô ích vì sửa xong vẫn không nói được gì về nhu cầu.
lược đồ dwh,true,fact_inventory_transactions,date_key,số,khoá ngoại — dùng như biến phân loại,0.0,258.0,0.149,false,,0.0,0.9848,thông tin phong phú,KHÔNG CẦN THIẾT,KHÔNG TỚI ĐƯỢC,U7 không có đường nối,bảng `fact_inventory_transactions` không nối được về hạt cửa hàng × mã hàng × tháng,ĐỦ,—,Không vướng cổng nào.,,KHÔNG CÓ TÁC DỤNG,false,Không đưa vào bảng phẳng. Sửa nguồn cũng vô ích vì sửa xong vẫn không nói được gì về nhu cầu.
lược đồ dwh,true,fact_weather_forecast,latitude,số,đặc trưng,0.0,62.0,0.04,false,,-15.0,0.9848,thông tin phong phú,KHÔNG CẦN THIẾT,KHÔNG TỚI ĐƯỢC,U7 không có đường nối,bảng `fact_weather_forecast` không nối được về hạt cửa hàng × mã hàng × tháng,ĐỦ,—,Không vướng cổng nào.,,KHÔNG CÓ TÁC DỤNG,false,Không đưa vào bảng phẳng. Sửa nguồn cũng vô ích vì sửa xong vẫn không nói được gì về nhu cầu.
lược đồ dwh,true,fact_weather_forecast,longitude,số,đặc trưng,0.0,60.0,0.039,false,,-15.0,0.9818,thông tin phong phú,KHÔNG CẦN THIẾT,KHÔNG TỚI ĐƯỢC,U7 không có đường nối,bảng `fact_weather_forecast` không nối được về hạt cửa hàng × mã hàng × tháng,ĐỦ,—,Không vướng cổng nào.,,KHÔNG CÓ TÁC DỤNG,false,Không đưa vào bảng phẳng. Sửa nguồn cũng vô ích vì sửa xong vẫn không nói được gì về nhu cầu.
lược đồ dwh,true,fact_inventory_daily_balances,updated_at,phân loại,cột kỹ thuật — không phải đặc trưng,0.0,57.0,0.049,false,,0.0,0.9804,thông tin phong phú,KHÔNG CẦN THIẾT,ĐO ĐƯỢC,U4 Khoá dòng hoặc cột kỹ thuật,Định danh một dòng hoặc phục vụ vận hành ETL. Không mô tả gì về nhu cầu.,ĐỦ,—,Không vướng cổng nào.,,KHÔNG CÓ TÁC DỤNG,false,Không đưa vào bảng phẳng. Sửa nguồn cũng vô ích vì sửa xong vẫn không nói được gì về nhu cầu.
lược đồ dwh,false,zz_archive_om_orphans_20260804,product_key,số,khoá ngoại — dùng như biến phân loại,0.0,149.0,33.408,false,0.0,,0.9793,thông tin phong phú,KHÔNG CẦN THIẾT,KHÔNG TỚI ĐƯỢC,U7 không có đường nối,bảng `zz_archive_om_orphans_20260804` không nối được về hạt cửa hàng × mã hàng × tháng,ĐỦ,—,Không vướng cổng nào.,,KHÔNG CÓ TÁC DỤNG,false,Không đưa vào bảng phẳng. Sửa nguồn cũng vô ích vì sửa xong vẫn không nói được gì về nhu cầu.
lược đồ dwh,true,fact_promo_budget_available,region_name_raw,phân loại,đặc trưng,0.433,4.0,0.002,false,,0.0,0.9779,thông tin phong phú,KHÔNG CẦN THIẾT,KHÔNG TỚI ĐƯỢC,U7 không có đường nối,bảng `fact_promo_budget_available` không nối được về hạt cửa hàng × mã hàng × tháng,ĐỦ,—,Không vướng cổng nào.,,KHÔNG CÓ TÁC DỤNG,false,Không đưa vào bảng phẳng. Sửa nguồn cũng vô ích vì sửa xong vẫn không nói được gì về nhu cầu.
lược đồ dwh,false,dim_sales_positions,power_level,số,đặc trưng,0.0,6.0,85.714,false,,,0.9755,thông tin phong phú,KHÔNG CẦN THIẾT,KHÔNG TỚI ĐƯỢC,U7 không có đường nối,bảng `dim_sales_positions` không nối được về hạt cửa hàng × mã hàng × tháng,ĐỦ,—,Không vướng cổng nào.,,KHÔNG CÓ TÁC DỤNG,false,Không đưa vào bảng phẳng. Sửa nguồn cũng vô ích vì sửa xong vẫn không nói được gì về nhu cầu.
lược đồ dwh,true,fact_inventory_daily_balances,created_at,phân loại,cột kỹ thuật — không phải đặc trưng,0.0,68.0,0.058,false,,0.0,0.9755,thông tin phong phú,KHÔNG CẦN THIẾT,ĐO ĐƯỢC,U4 Khoá dòng hoặc cột kỹ thuật,Định danh một dòng hoặc phục vụ vận hành ETL. Không mô tả gì về nhu cầu.,ĐỦ,—,Không vướng cổng nào.,,KHÔNG CÓ TÁC DỤNG,false,Không đưa vào bảng phẳng. Sửa nguồn cũng vô ích vì sửa xong vẫn không nói được gì về nhu cầu.
lược đồ dwh,false,dim_order_status,is_closed,phân loại,đặc trưng,0.0,2.0,20.0,false,,,0.971,thông tin phong phú,KHÔNG CẦN THIẾT,KHÔNG TỚI ĐƯỢC,U7 không có đường nối,bảng `dim_order_status` không nối được về hạt cửa hàng × mã hàng × tháng,ĐỦ,—,Không vướng cổng nào.,,KHÔNG CÓ TÁC DỤNG,false,Không đưa vào bảng phẳng. Sửa nguồn cũng vô ích vì sửa xong vẫn không nói được gì về nhu cầu.
lược đồ dwh,false,dim_product_prices,price_group_code,phân loại,khoá ngoại — dùng như biến phân loại,0.0,183.0,2.014,false,,,0.9705,thông tin phong phú,KHÔNG CẦN THIẾT,KHÔNG TỚI ĐƯỢC,U7 không có đường nối,bảng `dim_product_prices` không nối được về hạt cửa hàng × mã hàng × tháng,ĐỦ,—,Không vướng cổng nào.,,KHÔNG CÓ TÁC DỤNG,false,Không đưa vào bảng phẳng. Sửa nguồn cũng vô ích vì sửa xong vẫn không nói được gì về nhu cầu.
lược đồ dwh,false,dim_order_status,bucket_group,phân loại,đặc trưng,0.0,5.0,50.0,false,,,0.9675,thông tin phong phú,KHÔNG CẦN THIẾT,KHÔNG TỚI ĐƯỢC,U7 không có đường nối,bảng `dim_order_status` không nối được về hạt cửa hàng × mã hàng × tháng,ĐỦ,—,Không vướng cổng nào.,,KHÔNG CÓ TÁC DỤNG,false,Không đưa vào bảng phẳng. Sửa nguồn cũng vô ích vì sửa xong vẫn không nói được gì về nhu cầu.
lược đồ dwh,true,fact_promo_budget_available,order_date_key,số,khoá ngoại — dùng như biến phân loại,0.433,85.0,0.047,false,,0.0,0.9666,thông tin phong phú,KHÔNG CẦN THIẾT,KHÔNG TỚI ĐƯỢC,U7 không có đường nối,bảng `fact_promo_budget_available` không nối được về hạt cửa hàng × mã hàng × tháng,ĐỦ,—,Không vướng cổng nào.,,KHÔNG CÓ TÁC DỤNG,false,Không đưa vào bảng phẳng. Sửa nguồn cũng vô ích vì sửa xong vẫn không nói được gì về nhu cầu.
lược đồ dwh,false,dim_product_prices,price_group_name,phân loại,đặc trưng,0.0,182.0,2.003,false,,,0.966,thông tin phong phú,KHÔNG CẦN THIẾT,KHÔNG TỚI ĐƯỢC,U7 không có đường nối,bảng `dim_product_prices` không nối được về hạt cửa hàng × mã hàng × tháng,ĐỦ,—,Không vướng cổng nào.,,KHÔNG CÓ TÁC DỤNG,false,Không đưa vào bảng phẳng. Sửa nguồn cũng vô ích vì sửa xong vẫn không nói được gì về nhu cầu.
lược đồ dwh,true,fact_inventory_transactions,order_id,số,khoá ngoại — dùng như biến phân loại,3.189,43500.0,25.906,false,,0.0,0.965,thông tin phong phú,KHÔNG CẦN THIẾT,KHÔNG TỚI ĐƯỢC,U7 không có đường nối,bảng `fact_inventory_transactions` không nối được về hạt cửa hàng × mã hàng × tháng,ĐỦ,—,Không vướng cổng nào.,,KHÔNG CÓ TÁC DỤNG,false,Không đưa vào bảng phẳng. Sửa nguồn cũng vô ích vì sửa xong vẫn không nói được gì về nhu cầu.
lược đồ dwh,true,fact_roadmap_stores,route_manager_employee_id,số,khoá ngoại — dùng như biến phân loại,0.072,45.0,0.251,false,,,0.963,thông tin phong phú,KHÔNG CẦN THIẾT,KHÔNG TỚI ĐƯỢC,U7 không có đường nối,bảng `fact_roadmap_stores` không nối được về hạt cửa hàng × mã hàng × tháng,ĐỦ,—,Không vướng cổng nào.,,KHÔNG CÓ TÁC DỤNG,false,Không đưa vào bảng phẳng. Sửa nguồn cũng vô ích vì sửa xong vẫn không nói được gì về nhu cầu.
lược đồ dwh,true,fact_promo_budget_available,invoice_date_key,số,khoá ngoại — dùng như biến phân loại,6.124,90.0,0.053,false,,0.0,0.9608,thông tin phong phú,KHÔNG CẦN THIẾT,KHÔNG TỚI ĐƯỢC,U7 không có đường nối,bảng `fact_promo_budget_available` không nối được về hạt cửa hàng × mã hàng × tháng,ĐỦ,—,Không vướng cổng nào.,,KHÔNG CÓ TÁC DỤNG,false,Không đưa vào bảng phẳng. Sửa nguồn cũng vô ích vì sửa xong vẫn không nói được gì về nhu cầu.
lược đồ dwh,false,zz_archive_om_orphans_20260804,amount_before_discount_before_vat,số,đặc trưng,0.0,204.0,45.74,false,,,0.9605,thông tin phong phú,KHÔNG CẦN THIẾT,KHÔNG TỚI ĐƯỢC,U7 không có đường nối,bảng `zz_archive_om_orphans_20260804` không nối được về hạt cửa hàng × mã hàng × tháng,ĐỦ,—,Không vướng cổng nào.,,KHÔNG CÓ TÁC DỤNG,false,Không đưa vào bảng phẳng. Sửa nguồn cũng vô ích vì sửa xong vẫn không nói được gì về nhu cầu.
lược đồ dwh,false,dim_sub_inventories,is_current,phân loại,cột kỹ thuật — không phải đặc trưng,0.0,2.0,1.064,false,,,0.9564,thông tin phong phú,KHÔNG CẦN THIẾT,ĐO ĐƯỢC,U4 Khoá dòng hoặc cột kỹ thuật,Định danh một dòng hoặc phục vụ vận hành ETL. Không mô tả gì về nhu cầu.,ĐỦ,—,Không vướng cổng nào.,,KHÔNG CÓ TÁC DỤNG,false,Không đưa vào bảng phẳng. Sửa nguồn cũng vô ích vì sửa xong vẫn không nói được gì về nhu cầu.
lược đồ dwh,true,fact_sales_targets,target_visit_count,số,đặc trưng,0.0,187.0,69.259,false,,,0.9557,thông tin phong phú,KHÔNG CẦN THIẾT,KHÔNG TỚI ĐƯỢC,U7 không có đường nối,bảng `fact_sales_targets` không nối được về hạt cửa hàng × mã hàng × tháng,ĐỦ,—,Không vướng cổng nào.,,KHÔNG CÓ TÁC DỤNG,false,Không đưa vào bảng phẳng. Sửa nguồn cũng vô ích vì sửa xong vẫn không nói được gì về nhu cầu.
bảng phẳng,true,panel_mt,avg_unit_price,số,đặc trưng,65.624,5189.0,,false,,,0.9532,,KHÔNG CẦN THIẾT,ĐO ĐƯỢC,U5 nhãn viết cách khác,5/8 thước đo xếp vào nửa trên; hồ sơ dữ liệu kết luận BỎ,ĐỦ,—,Không vướng cổng nào.,BỎ,KHÔNG CÓ TÁC DỤNG,false,Không đưa vào bảng phẳng. Sửa nguồn cũng vô ích vì sửa xong vẫn không nói được gì về nhu cầu.
lược đồ dwh,false,zz_archive_om_orphans_20260804,store_key,số,khoá ngoại — dùng như biến phân loại,0.0,84.0,18.834,false,0.0,,0.9523,thông tin phong phú,KHÔNG CẦN THIẾT,KHÔNG TỚI ĐƯỢC,U7 không có đường nối,bảng `zz_archive_om_orphans_20260804` không nối được về hạt cửa hàng × mã hàng × tháng,ĐỦ,—,Không vướng cổng nào.,,KHÔNG CÓ TÁC DỤNG,false,Không đưa vào bảng phẳng. Sửa nguồn cũng vô ích vì sửa xong vẫn không nói được gì về nhu cầu.
lược đồ dwh,true,fact_order_status_timeline,shipping_at,phân loại,thời gian — dẫn xuất đặc trưng,51.574,74248.0,50.62,false,,0.0,0.9519,thông tin phong phú,KHÔNG CẦN THIẾT,KHÔNG TỚI ĐƯỢC,U7 không có đường nối,bảng `fact_order_status_timeline` không nối được về hạt cửa hàng × mã hàng × tháng,ĐỦ,—,Không vướng cổng nào.,,KHÔNG CÓ TÁC DỤNG,false,Không đưa vào bảng phẳng. Sửa nguồn cũng vô ích vì sửa xong vẫn không nói được gì về nhu cầu.
bảng phẳng,true,panel_mt,avg_unit_price_excl_vat,số,đặc trưng,65.624,5702.0,,false,,,0.9515,,KHÔNG CẦN THIẾT,ĐO ĐƯỢC,U5 nhãn viết cách khác,5/8 thước đo xếp vào nửa trên; hồ sơ dữ liệu kết luận BỎ,ĐỦ,—,Không vướng cổng nào.,BỎ,KHÔNG CÓ TÁC DỤNG,false,Không đưa vào bảng phẳng. Sửa nguồn cũng vô ích vì sửa xong vẫn không nói được gì về nhu cầu.
lược đồ dwh,false,dim_otif_reason,cancel_nature,phân loại,đặc trưng,4.545,20.0,95.238,false,,,0.9491,thông tin phong phú,KHÔNG CẦN THIẾT,KHÔNG TỚI ĐƯỢC,U7 không có đường nối,bảng `dim_otif_reason` không nối được về hạt cửa hàng × mã hàng × tháng,ĐỦ,—,Không vướng cổng nào.,,KHÔNG CÓ TÁC DỤNG,false,Không đưa vào bảng phẳng. Sửa nguồn cũng vô ích vì sửa xong vẫn không nói được gì về nhu cầu.
lược đồ dwh,true,fact_roadmaps,region_code,phân loại,khoá ngoại — dùng như biến phân loại,0.0,7.0,2.612,false,,,0.9441,thông tin phong phú,KHÔNG CẦN THIẾT,KHÔNG TỚI ĐƯỢC,U7 không có đường nối,bảng `fact_roadmaps` không nối được về hạt cửa hàng × mã hàng × tháng,ĐỦ,—,Không vướng cổng nào.,,KHÔNG CÓ TÁC DỤNG,false,Không đưa vào bảng phẳng. Sửa nguồn cũng vô ích vì sửa xong vẫn không nói được gì về nhu cầu.
lược đồ dwh,true,fact_roadmaps,region_name,phân loại,đặc trưng,0.0,7.0,2.612,false,,,0.9441,thông tin phong phú,KHÔNG CẦN THIẾT,KHÔNG TỚI ĐƯỢC,U7 không có đường nối,bảng `fact_roadmaps` không nối được về hạt cửa hàng × mã hàng × tháng,ĐỦ,—,Không vướng cổng nào.,,KHÔNG CÓ TÁC DỤNG,false,Không đưa vào bảng phẳng. Sửa nguồn cũng vô ích vì sửa xong vẫn không nói được gì về nhu cầu.
lược đồ dwh,false,dim_dates,quarter,số,đặc trưng,0.0,4.0,0.1,false,,,0.944,thông tin phong phú,KHÔNG CẦN THIẾT,KHÔNG TỚI ĐƯỢC,U7 không có đường nối,bảng `dim_dates` không nối được về hạt cửa hàng × mã hàng × tháng,ĐỦ,—,Không vướng cổng nào.,,KHÔNG CÓ TÁC DỤNG,false,Không đưa vào bảng phẳng. Sửa nguồn cũng vô ích vì sửa xong vẫn không nói được gì về nhu cầu.
lược đồ dwh,false,dim_employees,batch_id,số,cột kỹ thuật — không phải đặc trưng,0.0,94.0,1.403,false,,,0.9428,thông tin phong phú,KHÔNG CẦN THIẾT,ĐO ĐƯỢC,U4 Khoá dòng hoặc cột kỹ thuật,Định danh một dòng hoặc phục vụ vận hành ETL. Không mô tả gì về nhu cầu.,ĐỦ,—,Không vướng cổng nào.,,KHÔNG CÓ TÁC DỤNG,false,Không đưa vào bảng phẳng. Sửa nguồn cũng vô ích vì sửa xong vẫn không nói được gì về nhu cầu.
lược đồ dwh,true,fact_inventory_transactions,product_id,số,khoá ngoại — dùng như biến phân loại,0.0,390.0,0.225,false,0.0,0.0,0.9428,thông tin phong phú,KHÔNG CẦN THIẾT,KHÔNG TỚI ĐƯỢC,U7 không có đường nối,bảng `fact_inventory_transactions` không nối được về hạt cửa hàng × mã hàng × tháng,ĐỦ,—,Không vướng cổng nào.,,KHÔNG CÓ TÁC DỤNG,false,Không đưa vào bảng phẳng. Sửa nguồn cũng vô ích vì sửa xong vẫn không nói được gì về nhu cầu.
lược đồ dwh,false,dwh_batch_logs,target_table,phân loại,đặc trưng,0.0,44.0,0.018,false,,,0.9394,thông tin phong phú,KHÔNG CẦN THIẾT,KHÔNG TỚI ĐƯỢC,U7 không có đường nối,bảng `dwh_batch_logs` không nối được về hạt cửa hàng × mã hàng × tháng,ĐỦ,—,Không vướng cổng nào.,,KHÔNG CÓ TÁC DỤNG,false,Không đưa vào bảng phẳng. Sửa nguồn cũng vô ích vì sửa xong vẫn không nói được gì về nhu cầu.
lược đồ dwh,false,zz_archive_om_orphans_20260804,unit_price_before_vat,số,đặc trưng,0.0,116.0,26.009,false,,,0.9393,thông tin phong phú,KHÔNG CẦN THIẾT,KHÔNG TỚI ĐƯỢC,U7 không có đường nối,bảng `zz_archive_om_orphans_20260804` không nối được về hạt cửa hàng × mã hàng × tháng,ĐỦ,—,Không vướng cổng nào.,,KHÔNG CÓ TÁC DỤNG,false,Không đưa vào bảng phẳng. Sửa nguồn cũng vô ích vì sửa xong vẫn không nói được gì về nhu cầu.
lược đồ dwh,false,zz_archive_om_orphans_20260804,warehouse_key,số,khoá ngoại — dùng như biến phân loại,0.0,5.0,1.121,false,0.0,,0.9281,thông tin phong phú,KHÔNG CẦN THIẾT,KHÔNG TỚI ĐƯỢC,U7 không có đường nối,bảng `zz_archive_om_orphans_20260804` không nối được về hạt cửa hàng × mã hàng × tháng,ĐỦ,—,Không vướng cổng nào.,,KHÔNG CÓ TÁC DỤNG,false,Không đưa vào bảng phẳng. Sửa nguồn cũng vô ích vì sửa xong vẫn không nói được gì về nhu cầu.
lược đồ dwh,true,fact_order_lines,net_revenue,số,đặc trưng,0.0,14121.0,4.751,false,,0.0,0.9169,thông tin phong phú,KHÔNG CẦN THIẾT,ĐO ĐƯỢC,U5 nhãn viết cách khác,8/8 thước đo xếp vào nửa trên; hồ sơ dữ liệu kết luận BỎ,ĐỦ,—,Không vướng cổng nào.,BỎ,KHÔNG CÓ TÁC DỤNG,false,Không đưa vào bảng phẳng. Sửa nguồn cũng vô ích vì sửa xong vẫn không nói được gì về nhu cầu.
lược đồ dwh,false,dim_product_prices,is_current,phân loại,cột kỹ thuật — không phải đặc trưng,0.0,2.0,0.022,false,,,0.9162,thông tin phong phú,KHÔNG CẦN THIẾT,ĐO ĐƯỢC,U4 Khoá dòng hoặc cột kỹ thuật,Định danh một dòng hoặc phục vụ vận hành ETL. Không mô tả gì về nhu cầu.,ĐỦ,—,Không vướng cổng nào.,,KHÔNG CÓ TÁC DỤNG,false,Không đưa vào bảng phẳng. Sửa nguồn cũng vô ích vì sửa xong vẫn không nói được gì về nhu cầu.
lược đồ dwh,true,fact_roadmaps,employee_id,số,khoá ngoại — dùng như biến phân loại,0.0,211.0,78.731,false,0.0,,0.9092,thông tin phong phú,KHÔNG CẦN THIẾT,KHÔNG TỚI ĐƯỢC,U7 không có đường nối,bảng `fact_roadmaps` không nối được về hạt cửa hàng × mã hàng × tháng,ĐỦ,—,Không vướng cổng nào.,,KHÔNG CÓ TÁC DỤNG,false,Không đưa vào bảng phẳng. Sửa nguồn cũng vô ích vì sửa xong vẫn không nói được gì về nhu cầu.
lược đồ dwh,false,dim_otif_reason,classification_rationale,phân loại,đặc trưng,9.091,20.0,100.0,false,,,0.9091,thông tin phong phú,KHÔNG CẦN THIẾT,KHÔNG TỚI ĐƯỢC,U7 không có đường nối,bảng `dim_otif_reason` không nối được về hạt cửa hàng × mã hàng × tháng,ĐỦ,—,Không vướng cổng nào.,,KHÔNG CÓ TÁC DỤNG,false,Không đưa vào bảng phẳng. Sửa nguồn cũng vô ích vì sửa xong vẫn không nói được gì về nhu cầu.
lược đồ dwh,true,fact_roadmaps,store_count,số,đặc trưng,0.0,125.0,46.642,false,,,0.9091,thông tin phong phú,KHÔNG CẦN THIẾT,KHÔNG TỚI ĐƯỢC,U7 không có đường nối,bảng `fact_roadmaps` không nối được về hạt cửa hàng × mã hàng × tháng,ĐỦ,—,Không vướng cổng nào.,,KHÔNG CÓ TÁC DỤNG,false,Không đưa vào bảng phẳng. Sửa nguồn cũng vô ích vì sửa xong vẫn không nói được gì về nhu cầu.
lược đồ dwh,false,dim_distributors,is_current,phân loại,cột kỹ thuật — không phải đặc trưng,0.0,2.0,2.247,false,,,0.8984,thông tin phong phú,KHÔNG CẦN THIẾT,ĐO ĐƯỢC,U4 Khoá dòng hoặc cột kỹ thuật,Định danh một dòng hoặc phục vụ vận hành ETL. Không mô tả gì về nhu cầu.,ĐỦ,—,Không vướng cổng nào.,,KHÔNG CÓ TÁC DỤNG,false,Không đưa vào bảng phẳng. Sửa nguồn cũng vô ích vì sửa xong vẫn không nói được gì về nhu cầu.
lược đồ dwh,true,fact_inventory_transactions,total_amount,số,đặc trưng,0.0,3667.0,2.114,false,,0.0,0.8983,thông tin phong phú,KHÔNG CẦN THIẾT,KHÔNG TỚI ĐƯỢC,U7 không có đường nối,bảng `fact_inventory_transactions` không nối được về hạt cửa hàng × mã hàng × tháng,ĐỦ,—,Không vướng cổng nào.,,KHÔNG CÓ TÁC DỤNG,false,Không đưa vào bảng phẳng. Sửa nguồn cũng vô ích vì sửa xong vẫn không nói được gì về nhu cầu.
lược đồ dwh,false,zz_archive_om_orphans_20260804,sales_qty,số,đặc trưng,0.0,79.0,17.713,false,,,0.8976,thông tin phong phú,KHÔNG CẦN THIẾT,KHÔNG TỚI ĐƯỢC,U7 không có đường nối,bảng `zz_archive_om_orphans_20260804` không nối được về hạt cửa hàng × mã hàng × tháng,ĐỦ,—,Không vướng cổng nào.,,KHÔNG CÓ TÁC DỤNG,false,Không đưa vào bảng phẳng. Sửa nguồn cũng vô ích vì sửa xong vẫn không nói được gì về nhu cầu.
lược đồ dwh,true,fact_inventory_transactions,warehouse_id,số,khoá ngoại — dùng như biến phân loại,0.0,24.0,0.014,false,0.0,0.0,0.8959,thông tin phong phú,KHÔNG CẦN THIẾT,KHÔNG TỚI ĐƯỢC,U7 không có đường nối,bảng `fact_inventory_transactions` không nối được về hạt cửa hàng × mã hàng × tháng,ĐỦ,—,Không vướng cổng nào.,,KHÔNG CÓ TÁC DỤNG,false,Không đưa vào bảng phẳng. Sửa nguồn cũng vô ích vì sửa xong vẫn không nói được gì về nhu cầu.
lược đồ dwh,false,zz_archive_om_orphans_20260804,salesman_id,số,khoá ngoại — dùng như biến phân loại,0.0,46.0,10.314,false,0.0,,0.8937,thông tin phong phú,KHÔNG CẦN THIẾT,KHÔNG TỚI ĐƯỢC,U7 không có đường nối,bảng `zz_archive_om_orphans_20260804` không nối được về hạt cửa hàng × mã hàng × tháng,ĐỦ,—,Không vướng cổng nào.,BỎ,KHÔNG CÓ TÁC DỤNG,false,Không đưa vào bảng phẳng. Sửa nguồn cũng vô ích vì sửa xong vẫn không nói được gì về nhu cầu.
lược đồ dwh,true,fact_roadmaps,route_manager_employee_id,số,khoá ngoại — dùng như biến phân loại,0.746,45.0,16.917,false,,,0.889,thông tin phong phú,KHÔNG CẦN THIẾT,KHÔNG TỚI ĐƯỢC,U7 không có đường nối,bảng `fact_roadmaps` không nối được về hạt cửa hàng × mã hàng × tháng,ĐỦ,—,Không vướng cổng nào.,,KHÔNG CÓ TÁC DỤNG,false,Không đưa vào bảng phẳng. Sửa nguồn cũng vô ích vì sửa xong vẫn không nói được gì về nhu cầu.
lược đồ dwh,false,dim_order_status,is_revenue_recognized,phân loại,đặc trưng,0.0,2.0,20.0,false,,,0.8813,thông tin phong phú,KHÔNG CẦN THIẾT,KHÔNG TỚI ĐƯỢC,U7 không có đường nối,bảng `dim_order_status` không nối được về hạt cửa hàng × mã hàng × tháng,ĐỦ,—,Không vướng cổng nào.,,KHÔNG CÓ TÁC DỤNG,false,Không đưa vào bảng phẳng. Sửa nguồn cũng vô ích vì sửa xong vẫn không nói được gì về nhu cầu.
lược đồ dwh,false,dim_stores,valid_to,phân loại,cột kỹ thuật — không phải đặc trưng,7.907,4529.0,1.632,false,,,0.8799,thông tin phong phú,KHÔNG CẦN THIẾT,ĐO ĐƯỢC,U4 Khoá dòng hoặc cột kỹ thuật,Định danh một dòng hoặc phục vụ vận hành ETL. Không mô tả gì về nhu cầu.,ĐỦ,—,Không vướng cổng nào.,,KHÔNG CÓ TÁC DỤNG,false,Không đưa vào bảng phẳng. Sửa nguồn cũng vô ích vì sửa xong vẫn không nói được gì về nhu cầu.
lược đồ dwh,false,dim_otif_reason,impact_type,phân loại,đặc trưng,4.545,3.0,14.286,false,,,0.8797,thông tin phong phú,KHÔNG CẦN THIẾT,KHÔNG TỚI ĐƯỢC,U7 không có đường nối,bảng `dim_otif_reason` không nối được về hạt cửa hàng × mã hàng × tháng,ĐỦ,—,Không vướng cổng nào.,,KHÔNG CÓ TÁC DỤNG,false,Không đưa vào bảng phẳng. Sửa nguồn cũng vô ích vì sửa xong vẫn không nói được gì về nhu cầu.
lược đồ dwh,false,dim_otif_reason,revenue_impact,phân loại,đặc trưng,4.545,3.0,14.286,false,,,0.8797,thông tin phong phú,KHÔNG CẦN THIẾT,KHÔNG TỚI ĐƯỢC,U7 không có đường nối,bảng `dim_otif_reason` không nối được về hạt cửa hàng × mã hàng × tháng,ĐỦ,—,Không vướng cổng nào.,,KHÔNG CÓ TÁC DỤNG,false,Không đưa vào bảng phẳng. Sửa nguồn cũng vô ích vì sửa xong vẫn không nói được gì về nhu cầu.
lược đồ dwh,true,fact_roadmap_stores,employee_id,số,khoá ngoại — dùng như biến phân loại,0.0,209.0,1.165,false,0.0,,0.8782,thông tin phong phú,KHÔNG CẦN THIẾT,KHÔNG TỚI ĐƯỢC,U7 không có đường nối,bảng `fact_roadmap_stores` không nối được về hạt cửa hàng × mã hàng × tháng,ĐỦ,—,Không vướng cổng nào.,,KHÔNG CÓ TÁC DỤNG,false,Không đưa vào bảng phẳng. Sửa nguồn cũng vô ích vì sửa xong vẫn không nói được gì về nhu cầu.
lược đồ dwh,false,dim_stores,batch_id,số,cột kỹ thuật — không phải đặc trưng,0.0,3028.0,1.005,false,,,0.8738,thông tin phong phú,KHÔNG CẦN THIẾT,ĐO ĐƯỢC,U4 Khoá dòng hoặc cột kỹ thuật,Định danh một dòng hoặc phục vụ vận hành ETL. Không mô tả gì về nhu cầu.,ĐỦ,—,Không vướng cổng nào.,,KHÔNG CÓ TÁC DỤNG,false,Không đưa vào bảng phẳng. Sửa nguồn cũng vô ích vì sửa xong vẫn không nói được gì về nhu cầu.
lược đồ dwh,true,fact_inventory_transactions,quantity,số,đặc trưng,0.0,720.0,0.415,false,,0.0,0.8674,thông tin phong phú,KHÔNG CẦN THIẾT,KHÔNG TỚI ĐƯỢC,U7 không có đường nối,bảng `fact_inventory_transactions` không nối được về hạt cửa hàng × mã hàng × tháng,ĐỦ,—,Không vướng cổng nào.,,KHÔNG CÓ TÁC DỤNG,false,Không đưa vào bảng phẳng. Sửa nguồn cũng vô ích vì sửa xong vẫn không nói được gì về nhu cầu.
lược đồ dwh,true,fact_inventory_transactions,unit_price,số,đặc trưng,0.0,223.0,0.129,false,,0.0,0.8665,thông tin phong phú,KHÔNG CẦN THIẾT,KHÔNG TỚI ĐƯỢC,U7 không có đường nối,bảng `fact_inventory_transactions` không nối được về hạt cửa hàng × mã hàng × tháng,ĐỦ,—,Không vướng cổng nào.,,KHÔNG CÓ TÁC DỤNG,false,Không đưa vào bảng phẳng. Sửa nguồn cũng vô ích vì sửa xong vẫn không nói được gì về nhu cầu.
lược đồ dwh,false,dim_dates,is_working_day,phân loại,đặc trưng,0.0,2.0,0.05,false,,,0.8631,thông tin phong phú,KHÔNG CẦN THIẾT,KHÔNG TỚI ĐƯỢC,U7 không có đường nối,bảng `dim_dates` không nối được về hạt cửa hàng × mã hàng × tháng,ĐỦ,—,Không vướng cổng nào.,,KHÔNG CÓ TÁC DỤNG,false,Không đưa vào bảng phẳng. Sửa nguồn cũng vô ích vì sửa xong vẫn không nói được gì về nhu cầu.
lược đồ dwh,false,dim_dates,is_weekend,phân loại,đặc trưng,0.0,2.0,0.05,false,,,0.8631,thông tin phong phú,KHÔNG CẦN THIẾT,KHÔNG TỚI ĐƯỢC,U7 không có đường nối,bảng `dim_dates` không nối được về hạt cửa hàng × mã hàng × tháng,ĐỦ,—,Không vướng cổng nào.,,KHÔNG CÓ TÁC DỤNG,false,Không đưa vào bảng phẳng. Sửa nguồn cũng vô ích vì sửa xong vẫn không nói được gì về nhu cầu.
lược đồ dwh,true,fact_weather_forecast,precipitation_day_sum,số,đặc trưng,0.0,1948.0,1.264,false,,-15.0,0.8573,thông tin phong phú,KHÔNG CẦN THIẾT,KHÔNG TỚI ĐƯỢC,U7 không có đường nối,bảng `fact_weather_forecast` không nối được về hạt cửa hàng × mã hàng × tháng,ĐỦ,—,Không vướng cổng nào.,,KHÔNG CÓ TÁC DỤNG,false,Không đưa vào bảng phẳng. Sửa nguồn cũng vô ích vì sửa xong vẫn không nói được gì về nhu cầu.
lược đồ dwh,false,zz_archive_om_orphans_20260804,sub_inventory_key,số,khoá ngoại — dùng như biến phân loại,0.0,21.0,4.709,false,0.0,,0.8557,thông tin phong phú,KHÔNG CẦN THIẾT,KHÔNG TỚI ĐƯỢC,U7 không có đường nối,bảng `zz_archive_om_orphans_20260804` không nối được về hạt cửa hàng × mã hàng × tháng,ĐỦ,—,Không vướng cổng nào.,,KHÔNG CÓ TÁC DỤNG,false,Không đưa vào bảng phẳng. Sửa nguồn cũng vô ích vì sửa xong vẫn không nói được gì về nhu cầu.
lược đồ dwh,true,fact_promo_budget_available,subregion_site_domain_id,số,khoá ngoại — dùng như biến phân loại,0.0,12.0,0.007,false,,0.0,0.8535,thông tin phong phú,KHÔNG CẦN THIẾT,KHÔNG TỚI ĐƯỢC,U7 không có đường nối,bảng `fact_promo_budget_available` không nối được về hạt cửa hàng × mã hàng × tháng,ĐỦ,—,Không vướng cổng nào.,,KHÔNG CÓ TÁC DỤNG,false,Không đưa vào bảng phẳng. Sửa nguồn cũng vô ích vì sửa xong vẫn không nói được gì về nhu cầu.
lược đồ dwh,true,fact_promo_budget_available,subregion_name_raw,phân loại,đặc trưng,0.433,11.0,0.006,false,,0.0,0.8454,thông tin phong phú,KHÔNG CẦN THIẾT,KHÔNG TỚI ĐƯỢC,U7 không có đường nối,bảng `fact_promo_budget_available` không nối được về hạt cửa hàng × mã hàng × tháng,ĐỦ,—,Không vướng cổng nào.,,KHÔNG CÓ TÁC DỤNG,false,Không đưa vào bảng phẳng. Sửa nguồn cũng vô ích vì sửa xong vẫn không nói được gì về nhu cầu.
lược đồ dwh,false,dim_distributors,source_refs,phân loại,cột kỹ thuật — không phải đặc trưng,0.0,,,false,,,0.841,thông tin phong phú,KHÔNG CẦN THIẾT,ĐO ĐƯỢC,U1 Hằng số hoặc rỗng,"Phương sai bằng 0 nên thông tin tương hỗ với BẤT KỲ nhãn nào cũng bằng 0. Hệ quả toán học, không phải ngưỡng vận hành.",ĐỦ,—,Không vướng cổng nào.,,KHÔNG CÓ TÁC DỤNG,false,Không đưa vào bảng phẳng. Sửa nguồn cũng vô ích vì sửa xong vẫn không nói được gì về nhu cầu.
lược đồ dwh,true,fact_promo_budget_available,sub_inventory_key,số,khoá ngoại — dùng như biến phân loại,0.0,42.0,0.023,false,0.0,0.0,0.8406,thông tin phong phú,KHÔNG CẦN THIẾT,KHÔNG TỚI ĐƯỢC,U7 không có đường nối,bảng `fact_promo_budget_available` không nối được về hạt cửa hàng × mã hàng × tháng,ĐỦ,—,Không vướng cổng nào.,,KHÔNG CÓ TÁC DỤNG,false,Không đưa vào bảng phẳng. Sửa nguồn cũng vô ích vì sửa xong vẫn không nói được gì về nhu cầu.
lược đồ dwh,false,dim_distributors,row_hash,phân loại,cột kỹ thuật — không phải đặc trưng,0.0,37.0,41.573,false,,,0.8366,thông tin phong phú,KHÔNG CẦN THIẾT,ĐO ĐƯỢC,U4 Khoá dòng hoặc cột kỹ thuật,Định danh một dòng hoặc phục vụ vận hành ETL. Không mô tả gì về nhu cầu.,ĐỦ,—,Không vướng cổng nào.,,KHÔNG CÓ TÁC DỤNG,false,Không đưa vào bảng phẳng. Sửa nguồn cũng vô ích vì sửa xong vẫn không nói được gì về nhu cầu.
lược đồ dwh,true,fact_delivery_details,created_at,phân loại,cột kỹ thuật — không phải đặc trưng,0.0,1873.0,0.622,false,,-1446.0,0.8305,thông tin phong phú,KHÔNG CẦN THIẾT,ĐO ĐƯỢC,U4 Khoá dòng hoặc cột kỹ thuật,Định danh một dòng hoặc phục vụ vận hành ETL. Không mô tả gì về nhu cầu.,ĐỦ,—,Không vướng cổng nào.,,KHÔNG CÓ TÁC DỤNG,false,Không đưa vào bảng phẳng. Sửa nguồn cũng vô ích vì sửa xong vẫn không nói được gì về nhu cầu.
lược đồ dwh,true,fact_delivery_details,updated_at,phân loại,cột kỹ thuật — không phải đặc trưng,0.0,1873.0,0.622,false,,-1446.0,0.8305,thông tin phong phú,KHÔNG CẦN THIẾT,ĐO ĐƯỢC,U4 Khoá dòng hoặc cột kỹ thuật,Định danh một dòng hoặc phục vụ vận hành ETL. Không mô tả gì về nhu cầu.,ĐỦ,—,Không vướng cổng nào.,,KHÔNG CÓ TÁC DỤNG,false,Không đưa vào bảng phẳng. Sửa nguồn cũng vô ích vì sửa xong vẫn không nói được gì về nhu cầu.
lược đồ dwh,true,fact_roadmaps,channel_code,phân loại,khoá ngoại — dùng như biến phân loại,0.0,4.0,1.493,false,,,0.8273,thông tin phong phú,KHÔNG CẦN THIẾT,KHÔNG TỚI ĐƯỢC,U7 không có đường nối,bảng `fact_roadmaps` không nối được về hạt cửa hàng × mã hàng × tháng,ĐỦ,—,Không vướng cổng nào.,DÙNG,KHÔNG CÓ TÁC DỤNG,false,Không đưa vào bảng phẳng. Sửa nguồn cũng vô ích vì sửa xong vẫn không nói được gì về nhu cầu.
lược đồ dwh,true,fact_roadmaps,channel_name,phân loại,đặc trưng,0.0,4.0,1.493,false,,,0.8273,thông tin phong phú,KHÔNG CẦN THIẾT,KHÔNG TỚI ĐƯỢC,U7 không có đường nối,bảng `fact_roadmaps` không nối được về hạt cửa hàng × mã hàng × tháng,ĐỦ,—,Không vướng cổng nào.,DÙNG,KHÔNG CÓ TÁC DỤNG,false,Không đưa vào bảng phẳng. Sửa nguồn cũng vô ích vì sửa xong vẫn không nói được gì về nhu cầu.
lược đồ dwh,true,fact_promo_budget_available,promo_start_date_key,số,khoá ngoại — dùng như biến phân loại,0.0,127.0,0.07,false,,0.0,0.8261,thông tin phong phú,KHÔNG CẦN THIẾT,KHÔNG TỚI ĐƯỢC,U7 không có đường nối,bảng `fact_promo_budget_available` không nối được về hạt cửa hàng × mã hàng × tháng,ĐỦ,—,Không vướng cổng nào.,,KHÔNG CÓ TÁC DỤNG,false,Không đưa vào bảng phẳng. Sửa nguồn cũng vô ích vì sửa xong vẫn không nói được gì về nhu cầu.
lược đồ dwh,false,zz_archive_om_orphans_20260804,created_at,phân loại,cột kỹ thuật — không phải đặc trưng,0.0,11.0,2.466,false,,,0.8188,thông tin phong phú,KHÔNG CẦN THIẾT,ĐO ĐƯỢC,U4 Khoá dòng hoặc cột kỹ thuật,Định danh một dòng hoặc phục vụ vận hành ETL. Không mô tả gì về nhu cầu.,ĐỦ,—,Không vướng cổng nào.,,KHÔNG CÓ TÁC DỤNG,false,Không đưa vào bảng phẳng. Sửa nguồn cũng vô ích vì sửa xong vẫn không nói được gì về nhu cầu.
lược đồ dwh,true,fact_promo_budget_available,promo_end_date_key,số,khoá ngoại — dùng như biến phân loại,0.0,100.0,0.055,false,,0.0,0.8155,thông tin phong phú,KHÔNG CẦN THIẾT,KHÔNG TỚI ĐƯỢC,U7 không có đường nối,bảng `fact_promo_budget_available` không nối được về hạt cửa hàng × mã hàng × tháng,ĐỦ,—,Không vướng cổng nào.,,KHÔNG CÓ TÁC DỤNG,false,Không đưa vào bảng phẳng. Sửa nguồn cũng vô ích vì sửa xong vẫn không nói được gì về nhu cầu.
lược đồ dwh,false,dim_otif_reason,incharge_group,phân loại,đặc trưng,0.0,5.0,22.727,false,,,0.8139,thông tin phong phú,KHÔNG CẦN THIẾT,KHÔNG TỚI ĐƯỢC,U7 không có đường nối,bảng `dim_otif_reason` không nối được về hạt cửa hàng × mã hàng × tháng,ĐỦ,—,Không vướng cổng nào.,,KHÔNG CÓ TÁC DỤNG,false,Không đưa vào bảng phẳng. Sửa nguồn cũng vô ích vì sửa xong vẫn không nói được gì về nhu cầu.
lược đồ dwh,false,zz_archive_om_orphans_20260804,order_date_key,số,khoá ngoại — dùng như biến phân loại,0.0,23.0,5.157,false,,,0.8102,thông tin phong phú,KHÔNG CẦN THIẾT,KHÔNG TỚI ĐƯỢC,U7 không có đường nối,bảng `zz_archive_om_orphans_20260804` không nối được về hạt cửa hàng × mã hàng × tháng,ĐỦ,—,Không vướng cổng nào.,,KHÔNG CÓ TÁC DỤNG,false,Không đưa vào bảng phẳng. Sửa nguồn cũng vô ích vì sửa xong vẫn không nói được gì về nhu cầu.
lược đồ dwh,false,zz_archive_om_orphans_20260804,updated_at,phân loại,cột kỹ thuật — không phải đặc trưng,0.0,18.0,4.036,false,,,0.807,thông tin phong phú,KHÔNG CẦN THIẾT,ĐO ĐƯỢC,U4 Khoá dòng hoặc cột kỹ thuật,Định danh một dòng hoặc phục vụ vận hành ETL. Không mô tả gì về nhu cầu.,ĐỦ,—,Không vướng cổng nào.,,KHÔNG CÓ TÁC DỤNG,false,Không đưa vào bảng phẳng. Sửa nguồn cũng vô ích vì sửa xong vẫn không nói được gì về nhu cầu.
lược đồ dwh,false,dim_otif_reason,revenue_loss_level,phân loại,đặc trưng,4.545,6.0,28.571,false,,,0.8038,thông tin phong phú,KHÔNG CẦN THIẾT,KHÔNG TỚI ĐƯỢC,U7 không có đường nối,bảng `dim_otif_reason` không nối được về hạt cửa hàng × mã hàng × tháng,ĐỦ,—,Không vướng cổng nào.,,KHÔNG CÓ TÁC DỤNG,false,Không đưa vào bảng phẳng. Sửa nguồn cũng vô ích vì sửa xong vẫn không nói được gì về nhu cầu.
lược đồ dwh,false,dim_distributors,updated_at,phân loại,cột kỹ thuật — không phải đặc trưng,0.0,39.0,43.82,false,,,0.779,thông tin phong phú,KHÔNG CẦN THIẾT,ĐO ĐƯỢC,U4 Khoá dòng hoặc cột kỹ thuật,Định danh một dòng hoặc phục vụ vận hành ETL. Không mô tả gì về nhu cầu.,ĐỦ,—,Không vướng cổng nào.,,KHÔNG CÓ TÁC DỤNG,false,Không đưa vào bảng phẳng. Sửa nguồn cũng vô ích vì sửa xong vẫn không nói được gì về nhu cầu.
lược đồ dwh,true,fact_asset_inventory,holder_name,phân loại,đặc trưng,0.0,32.0,0.159,false,,0.0,0.7739,thông tin phong phú,KHÔNG CẦN THIẾT,KHÔNG TỚI ĐƯỢC,U7 không có đường nối,bảng `fact_asset_inventory` không nối được về hạt cửa hàng × mã hàng × tháng,ĐỦ,—,Không vướng cổng nào.,,KHÔNG CÓ TÁC DỤNG,false,Không đưa vào bảng phẳng. Sửa nguồn cũng vô ích vì sửa xong vẫn không nói được gì về nhu cầu.
lược đồ dwh,true,fact_promo_budget_available,region_site_domain_id,số,khoá ngoại — dùng như biến phân loại,0.0,5.0,0.003,false,,0.0,0.7717,thông tin phong phú,KHÔNG CẦN THIẾT,KHÔNG TỚI ĐƯỢC,U7 không có đường nối,bảng `fact_promo_budget_available` không nối được về hạt cửa hàng × mã hàng × tháng,ĐỦ,—,Không vướng cổng nào.,,KHÔNG CÓ TÁC DỤNG,false,Không đưa vào bảng phẳng. Sửa nguồn cũng vô ích vì sửa xong vẫn không nói được gì về nhu cầu.
lược đồ dwh,false,dim_distributors,batch_id,số,cột kỹ thuật — không phải đặc trưng,0.0,39.0,43.82,false,,,0.7672,thông tin phong phú,KHÔNG CẦN THIẾT,ĐO ĐƯỢC,U4 Khoá dòng hoặc cột kỹ thuật,Định danh một dòng hoặc phục vụ vận hành ETL. Không mô tả gì về nhu cầu.,ĐỦ,—,Không vướng cổng nào.,,KHÔNG CÓ TÁC DỤNG,false,Không đưa vào bảng phẳng. Sửa nguồn cũng vô ích vì sửa xong vẫn không nói được gì về nhu cầu.
lược đồ dwh,false,dim_distributors,created_at,phân loại,cột kỹ thuật — không phải đặc trưng,0.0,39.0,43.82,false,,,0.7601,thông tin phong phú,KHÔNG CẦN THIẾT,ĐO ĐƯỢC,U4 Khoá dòng hoặc cột kỹ thuật,Định danh một dòng hoặc phục vụ vận hành ETL. Không mô tả gì về nhu cầu.,ĐỦ,—,Không vướng cổng nào.,,KHÔNG CÓ TÁC DỤNG,false,Không đưa vào bảng phẳng. Sửa nguồn cũng vô ích vì sửa xong vẫn không nói được gì về nhu cầu.
lược đồ dwh,true,fact_asset_inventory,holder_code,phân loại,khoá ngoại — dùng như biến phân loại,0.0,32.0,0.159,false,,0.0,0.7549,thông tin phong phú,KHÔNG CẦN THIẾT,KHÔNG TỚI ĐƯỢC,U7 không có đường nối,bảng `fact_asset_inventory` không nối được về hạt cửa hàng × mã hàng × tháng,ĐỦ,—,Không vướng cổng nào.,,KHÔNG CÓ TÁC DỤNG,false,Không đưa vào bảng phẳng. Sửa nguồn cũng vô ích vì sửa xong vẫn không nói được gì về nhu cầu.
lược đồ dwh,false,dwh_batch_logs,row_count,số,đặc trưng,0.0,5730.0,2.378,false,,,0.7527,thông tin phong phú,KHÔNG CẦN THIẾT,KHÔNG TỚI ĐƯỢC,U7 không có đường nối,bảng `dwh_batch_logs` không nối được về hạt cửa hàng × mã hàng × tháng,ĐỦ,—,Không vướng cổng nào.,,KHÔNG CÓ TÁC DỤNG,false,Không đưa vào bảng phẳng. Sửa nguồn cũng vô ích vì sửa xong vẫn không nói được gì về nhu cầu.
lược đồ dwh,true,fact_asset_inventory,model,phân loại,đặc trưng,0.0,84.0,0.416,false,,0.0,0.7341,thông tin phong phú,KHÔNG CẦN THIẾT,KHÔNG TỚI ĐƯỢC,U7 không có đường nối,bảng `fact_asset_inventory` không nối được về hạt cửa hàng × mã hàng × tháng,ĐỦ,—,Không vướng cổng nào.,,KHÔNG CÓ TÁC DỤNG,false,Không đưa vào bảng phẳng. Sửa nguồn cũng vô ích vì sửa xong vẫn không nói được gì về nhu cầu.
bảng phẳng,true,panel_mt,purchase_count,số,đặc trưng,0.0,28.0,,false,,,0.73,,KHÔNG CẦN THIẾT,ĐO ĐƯỢC,U5 nhãn viết cách khác,8/8 thước đo xếp vào nửa trên; hồ sơ dữ liệu kết luận BỎ,ĐỦ,—,Không vướng cổng nào.,BỎ,KHÔNG CÓ TÁC DỤNG,false,Không đưa vào bảng phẳng. Sửa nguồn cũng vô ích vì sửa xong vẫn không nói được gì về nhu cầu.
lược đồ dwh,false,dim_assets,asset_model,phân loại,đặc trưng,0.0,85.0,0.259,false,,,0.7242,thông tin phong phú,KHÔNG CẦN THIẾT,KHÔNG TỚI ĐƯỢC,U7 không có đường nối,bảng `dim_assets` không nối được về hạt cửa hàng × mã hàng × tháng,ĐỦ,—,Không vướng cổng nào.,,KHÔNG CÓ TÁC DỤNG,false,Không đưa vào bảng phẳng. Sửa nguồn cũng vô ích vì sửa xong vẫn không nói được gì về nhu cầu.
lược đồ dwh,false,dim_delivery_types,created_at,phân loại,cột kỹ thuật — không phải đặc trưng,0.0,2.0,40.0,false,,,0.7219,thông tin phong phú,KHÔNG CẦN THIẾT,ĐO ĐƯỢC,U4 Khoá dòng hoặc cột kỹ thuật,Định danh một dòng hoặc phục vụ vận hành ETL. Không mô tả gì về nhu cầu.,ĐỦ,—,Không vướng cổng nào.,,KHÔNG CÓ TÁC DỤNG,false,Không đưa vào bảng phẳng. Sửa nguồn cũng vô ích vì sửa xong vẫn không nói được gì về nhu cầu.
lược đồ dwh,false,dim_order_status,is_cancelled,phân loại,đặc trưng,0.0,2.0,20.0,false,,,0.7219,thông tin phong phú,KHÔNG CẦN THIẾT,KHÔNG TỚI ĐƯỢC,U7 không có đường nối,bảng `dim_order_status` không nối được về hạt cửa hàng × mã hàng × tháng,ĐỦ,—,Không vướng cổng nào.,,KHÔNG CÓ TÁC DỤNG,false,Không đưa vào bảng phẳng. Sửa nguồn cũng vô ích vì sửa xong vẫn không nói được gì về nhu cầu.
lược đồ dwh,false,dim_employees,updated_at,phân loại,cột kỹ thuật — không phải đặc trưng,0.0,73.0,1.09,false,,,0.7185,thông tin phong phú,KHÔNG CẦN THIẾT,ĐO ĐƯỢC,U4 Khoá dòng hoặc cột kỹ thuật,Định danh một dòng hoặc phục vụ vận hành ETL. Không mô tả gì về nhu cầu.,ĐỦ,—,Không vướng cổng nào.,,KHÔNG CÓ TÁC DỤNG,false,Không đưa vào bảng phẳng. Sửa nguồn cũng vô ích vì sửa xong vẫn không nói được gì về nhu cầu.
lược đồ dwh,false,dim_employees,created_at,phân loại,cột kỹ thuật — không phải đặc trưng,0.0,96.0,1.433,false,,,0.7111,thông tin phong phú,KHÔNG CẦN THIẾT,ĐO ĐƯỢC,U4 Khoá dòng hoặc cột kỹ thuật,Định danh một dòng hoặc phục vụ vận hành ETL. Không mô tả gì về nhu cầu.,ĐỦ,—,Không vướng cổng nào.,,KHÔNG CÓ TÁC DỤNG,false,Không đưa vào bảng phẳng. Sửa nguồn cũng vô ích vì sửa xong vẫn không nói được gì về nhu cầu.
lược đồ dwh,true,fact_weather_forecast,precipitation_night_sum,số,đặc trưng,0.0,1806.0,1.172,false,,-15.0,0.7108,thông tin phong phú,KHÔNG CẦN THIẾT,KHÔNG TỚI ĐƯỢC,U7 không có đường nối,bảng `fact_weather_forecast` không nối được về hạt cửa hàng × mã hàng × tháng,ĐỦ,—,Không vướng cổng nào.,,KHÔNG CÓ TÁC DỤNG,false,Không đưa vào bảng phẳng. Sửa nguồn cũng vô ích vì sửa xong vẫn không nói được gì về nhu cầu.
lược đồ dwh,true,fact_asset_inventory,shop_id,số,khoá ngoại — dùng như biến phân loại,29.621,10981.0,77.326,false,0.0,0.0,0.7025,thông tin phong phú,KHÔNG CẦN THIẾT,KHÔNG TỚI ĐƯỢC,U7 không có đường nối,bảng `fact_asset_inventory` không nối được về hạt cửa hàng × mã hàng × tháng,ĐỦ,—,Không vướng cổng nào.,,KHÔNG CÓ TÁC DỤNG,false,Không đưa vào bảng phẳng. Sửa nguồn cũng vô ích vì sửa xong vẫn không nói được gì về nhu cầu.
lược đồ dwh,true,fact_promo_budget_available,foc_used_total,số,đặc trưng,0.0,580.0,0.318,false,,0.0,0.6964,thông tin phong phú,KHÔNG CẦN THIẾT,KHÔNG TỚI ĐƯỢC,U7 không có đường nối,bảng `fact_promo_budget_available` không nối được về hạt cửa hàng × mã hàng × tháng,ĐỦ,—,Không vướng cổng nào.,,KHÔNG CÓ TÁC DỤNG,false,Không đưa vào bảng phẳng. Sửa nguồn cũng vô ích vì sửa xong vẫn không nói được gì về nhu cầu.
lược đồ dwh,true,fact_delivery_details,batch_id,số,cột kỹ thuật — không phải đặc trưng,0.0,1873.0,0.622,false,,-1446.0,0.6878,thông tin phong phú,KHÔNG CẦN THIẾT,ĐO ĐƯỢC,U4 Khoá dòng hoặc cột kỹ thuật,Định danh một dòng hoặc phục vụ vận hành ETL. Không mô tả gì về nhu cầu.,ĐỦ,—,Không vướng cổng nào.,,KHÔNG CÓ TÁC DỤNG,false,Không đưa vào bảng phẳng. Sửa nguồn cũng vô ích vì sửa xong vẫn không nói được gì về nhu cầu.
lược đồ dwh,true,fact_promo_budget_available,budget_used_total,số,đặc trưng,0.0,5890.0,3.226,false,,0.0,0.6748,thông tin phong phú,KHÔNG CẦN THIẾT,KHÔNG TỚI ĐƯỢC,U7 không có đường nối,bảng `fact_promo_budget_available` không nối được về hạt cửa hàng × mã hàng × tháng,ĐỦ,—,Không vướng cổng nào.,,KHÔNG CÓ TÁC DỤNG,false,Không đưa vào bảng phẳng. Sửa nguồn cũng vô ích vì sửa xong vẫn không nói được gì về nhu cầu.
lược đồ dwh,true,fact_order_lines,discount_amount,số,đặc trưng,0.0,6992.0,2.352,false,,0.0,0.6646,thông tin phong phú,KHÔNG CẦN THIẾT,ĐO ĐƯỢC,U6 đóng góp đo được thấp,2/8 thước đo xếp vào nửa trên,ĐỦ,—,Không vướng cổng nào.,CHUYỂN THÀNH LAG,KHÔNG CÓ TÁC DỤNG,false,Không đưa vào bảng phẳng. Sửa nguồn cũng vô ích vì sửa xong vẫn không nói được gì về nhu cầu.
lược đồ dwh,true,fact_order_status_timeline,last_status_key,số,khoá ngoại — dùng như biến phân loại,0.0,8.0,0.003,false,,0.0,0.6643,thông tin phong phú,KHÔNG CẦN THIẾT,KHÔNG TỚI ĐƯỢC,U7 không có đường nối,bảng `fact_order_status_timeline` không nối được về hạt cửa hàng × mã hàng × tháng,ĐỦ,—,Không vướng cổng nào.,,KHÔNG CÓ TÁC DỤNG,false,Không đưa vào bảng phẳng. Sửa nguồn cũng vô ích vì sửa xong vẫn không nói được gì về nhu cầu.
lược đồ dwh,false,dim_employees,valid_to,phân loại,cột kỹ thuật — không phải đặc trưng,4.299,71.0,1.107,false,,,0.6636,thông tin phong phú,KHÔNG CẦN THIẾT,ĐO ĐƯỢC,U4 Khoá dòng hoặc cột kỹ thuật,Định danh một dòng hoặc phục vụ vận hành ETL. Không mô tả gì về nhu cầu.,ĐỦ,—,Không vướng cổng nào.,,KHÔNG CÓ TÁC DỤNG,false,Không đưa vào bảng phẳng. Sửa nguồn cũng vô ích vì sửa xong vẫn không nói được gì về nhu cầu.
lược đồ dwh,true,fact_inventory_lot_snapshot,batch_id,số,cột kỹ thuật — không phải đặc trưng,0.0,141.0,0.047,false,,0.0,0.6599,thông tin phong phú,KHÔNG CẦN THIẾT,ĐO ĐƯỢC,U4 Khoá dòng hoặc cột kỹ thuật,Định danh một dòng hoặc phục vụ vận hành ETL. Không mô tả gì về nhu cầu.,ĐỦ,—,Không vướng cổng nào.,,KHÔNG CÓ TÁC DỤNG,false,Không đưa vào bảng phẳng. Sửa nguồn cũng vô ích vì sửa xong vẫn không nói được gì về nhu cầu.
lược đồ dwh,false,dim_assets,asset_category,phân loại,đặc trưng,3.726,53.0,0.167,false,,,0.6447,thông tin phong phú,KHÔNG CẦN THIẾT,KHÔNG TỚI ĐƯỢC,U7 không có đường nối,bảng `dim_assets` không nối được về hạt cửa hàng × mã hàng × tháng,ĐỦ,—,Không vướng cổng nào.,,KHÔNG CÓ TÁC DỤNG,false,Không đưa vào bảng phẳng. Sửa nguồn cũng vô ích vì sửa xong vẫn không nói được gì về nhu cầu.
lược đồ dwh,true,fact_asset_inventory,supplier,phân loại,đặc trưng,0.099,3.0,0.015,false,,0.0,0.6439,thông tin phong phú,KHÔNG CẦN THIẾT,KHÔNG TỚI ĐƯỢC,U7 không có đường nối,bảng `fact_asset_inventory` không nối được về hạt cửa hàng × mã hàng × tháng,ĐỦ,—,Không vướng cổng nào.,,KHÔNG CÓ TÁC DỤNG,false,Không đưa vào bảng phẳng. Sửa nguồn cũng vô ích vì sửa xong vẫn không nói được gì về nhu cầu.
lược đồ dwh,true,fact_order_status_timeline,created_at,phân loại,cột kỹ thuật — không phải đặc trưng,0.0,1819.0,0.601,false,,0.0,0.6435,thông tin phong phú,KHÔNG CẦN THIẾT,ĐO ĐƯỢC,U4 Khoá dòng hoặc cột kỹ thuật,Định danh một dòng hoặc phục vụ vận hành ETL. Không mô tả gì về nhu cầu.,ĐỦ,—,Không vướng cổng nào.,,KHÔNG CÓ TÁC DỤNG,false,Không đưa vào bảng phẳng. Sửa nguồn cũng vô ích vì sửa xong vẫn không nói được gì về nhu cầu.
bảng phẳng,true,panel_mt,issuing_warehouse_count,số,đặc trưng,0.0,3.0,,false,,,0.6435,,KHÔNG CẦN THIẾT,ĐO ĐƯỢC,U6 đóng góp đo được thấp,2/8 thước đo xếp vào nửa trên,ĐỦ,—,Không vướng cổng nào.,CHUYỂN THÀNH LAG,KHÔNG CÓ TÁC DỤNG,false,Không đưa vào bảng phẳng. Sửa nguồn cũng vô ích vì sửa xong vẫn không nói được gì về nhu cầu.
lược đồ dwh,false,dim_products,conversion_rate,số,đặc trưng,27.527,54.0,2.93,false,,,0.635,thông tin phong phú,KHÔNG CẦN THIẾT,ĐO ĐƯỢC,U5 nhãn viết cách khác,6/8 thước đo xếp vào nửa trên; hồ sơ dữ liệu kết luận BỎ,ĐỦ,—,Không vướng cổng nào.,BỎ,KHÔNG CÓ TÁC DỤNG,false,Không đưa vào bảng phẳng. Sửa nguồn cũng vô ích vì sửa xong vẫn không nói được gì về nhu cầu.
lược đồ dwh,false,dim_products,net_weight,số,đặc trưng,32.56,245.0,14.286,false,,,0.6343,thông tin phong phú,KHÔNG CẦN THIẾT,ĐO ĐƯỢC,U6 đóng góp đo được thấp,2/8 thước đo xếp vào nửa trên,ĐỦ,—,Không vướng cổng nào.,DÙNG,KHÔNG CÓ TÁC DỤNG,false,Không đưa vào bảng phẳng. Sửa nguồn cũng vô ích vì sửa xong vẫn không nói được gì về nhu cầu.
lược đồ dwh,true,fact_inventory_lot_snapshot,updated_at,phân loại,cột kỹ thuật — không phải đặc trưng,0.0,141.0,0.047,false,,0.0,0.6326,thông tin phong phú,KHÔNG CẦN THIẾT,ĐO ĐƯỢC,U4 Khoá dòng hoặc cột kỹ thuật,Định danh một dòng hoặc phục vụ vận hành ETL. Không mô tả gì về nhu cầu.,ĐỦ,—,Không vướng cổng nào.,,KHÔNG CÓ TÁC DỤNG,false,Không đưa vào bảng phẳng. Sửa nguồn cũng vô ích vì sửa xong vẫn không nói được gì về nhu cầu.
lược đồ dwh,false,dim_assets,updated_at,phân loại,cột kỹ thuật — không phải đặc trưng,0.0,1250.0,3.802,false,,,0.6288,thông tin phong phú,KHÔNG CẦN THIẾT,ĐO ĐƯỢC,U4 Khoá dòng hoặc cột kỹ thuật,Định danh một dòng hoặc phục vụ vận hành ETL. Không mô tả gì về nhu cầu.,ĐỦ,—,Không vướng cổng nào.,,KHÔNG CÓ TÁC DỤNG,false,Không đưa vào bảng phẳng. Sửa nguồn cũng vô ích vì sửa xong vẫn không nói được gì về nhu cầu.
lược đồ dwh,false,dim_distributors,valid_to,phân loại,cột kỹ thuật — không phải đặc trưng,31.461,38.0,62.295,false,,,0.6247,thông tin phong phú,KHÔNG CẦN THIẾT,ĐO ĐƯỢC,U4 Khoá dòng hoặc cột kỹ thuật,Định danh một dòng hoặc phục vụ vận hành ETL. Không mô tả gì về nhu cầu.,ĐỦ,—,Không vướng cổng nào.,,KHÔNG CÓ TÁC DỤNG,false,Không đưa vào bảng phẳng. Sửa nguồn cũng vô ích vì sửa xong vẫn không nói được gì về nhu cầu.
lược đồ dwh,false,dim_delivery_status,created_at,phân loại,cột kỹ thuật — không phải đặc trưng,0.0,28.0,27.184,false,,,0.6228,thông tin phong phú,KHÔNG CẦN THIẾT,ĐO ĐƯỢC,U4 Khoá dòng hoặc cột kỹ thuật,Định danh một dòng hoặc phục vụ vận hành ETL. Không mô tả gì về nhu cầu.,ĐỦ,—,Không vướng cổng nào.,,KHÔNG CÓ TÁC DỤNG,false,Không đưa vào bảng phẳng. Sửa nguồn cũng vô ích vì sửa xong vẫn không nói được gì về nhu cầu.
lược đồ dwh,false,dim_delivery_status,updated_at,phân loại,cột kỹ thuật — không phải đặc trưng,0.0,28.0,27.184,false,,,0.6228,thông tin phong phú,KHÔNG CẦN THIẾT,ĐO ĐƯỢC,U4 Khoá dòng hoặc cột kỹ thuật,Định danh một dòng hoặc phục vụ vận hành ETL. Không mô tả gì về nhu cầu.,ĐỦ,—,Không vướng cổng nào.,,KHÔNG CÓ TÁC DỤNG,false,Không đưa vào bảng phẳng. Sửa nguồn cũng vô ích vì sửa xong vẫn không nói được gì về nhu cầu.
lược đồ dwh,false,dim_product_prices,uom,phân loại,đặc trưng,3.17,16.0,0.182,false,,,0.6133,thông tin phong phú,KHÔNG CẦN THIẾT,KHÔNG TỚI ĐƯỢC,U7 không có đường nối,bảng `dim_product_prices` không nối được về hạt cửa hàng × mã hàng × tháng,ĐỦ,—,Không vướng cổng nào.,DÙNG,KHÔNG CÓ TÁC DỤNG,false,Không đưa vào bảng phẳng. Sửa nguồn cũng vô ích vì sửa xong vẫn không nói được gì về nhu cầu.
bảng phẳng,true,panel_mt,last_purchase_day,số,đặc trưng,65.624,32.0,,false,,,0.6112,,KHÔNG CẦN THIẾT,ĐO ĐƯỢC,U5 nhãn viết cách khác,6/8 thước đo xếp vào nửa trên; hồ sơ dữ liệu kết luận BỎ,ĐỦ,—,Không vướng cổng nào.,BỎ,KHÔNG CÓ TÁC DỤNG,false,Không đưa vào bảng phẳng. Sửa nguồn cũng vô ích vì sửa xong vẫn không nói được gì về nhu cầu.
bảng phẳng,true,panel_mt,first_purchase_day,số,đặc trưng,65.624,32.0,,false,,,0.6027,,KHÔNG CẦN THIẾT,ĐO ĐƯỢC,U5 nhãn viết cách khác,7/8 thước đo xếp vào nửa trên; hồ sơ dữ liệu kết luận BỎ,ĐỦ,—,Không vướng cổng nào.,BỎ,KHÔNG CÓ TÁC DỤNG,false,Không đưa vào bảng phẳng. Sửa nguồn cũng vô ích vì sửa xong vẫn không nói được gì về nhu cầu.
lược đồ dwh,false,dim_sales_positions,created_at,phân loại,cột kỹ thuật — không phải đặc trưng,0.0,2.0,28.571,false,,,0.5917,thông tin phong phú,KHÔNG CẦN THIẾT,ĐO ĐƯỢC,U4 Khoá dòng hoặc cột kỹ thuật,Định danh một dòng hoặc phục vụ vận hành ETL. Không mô tả gì về nhu cầu.,ĐỦ,—,Không vướng cổng nào.,,KHÔNG CÓ TÁC DỤNG,false,Không đưa vào bảng phẳng. Sửa nguồn cũng vô ích vì sửa xong vẫn không nói được gì về nhu cầu.
lược đồ dwh,false,dim_sub_inventories,batch_id,số,cột kỹ thuật — không phải đặc trưng,0.0,8.0,4.255,false,,,0.5834,thông tin phong phú,KHÔNG CẦN THIẾT,ĐO ĐƯỢC,U4 Khoá dòng hoặc cột kỹ thuật,Định danh một dòng hoặc phục vụ vận hành ETL. Không mô tả gì về nhu cầu.,ĐỦ,—,Không vướng cổng nào.,,KHÔNG CÓ TÁC DỤNG,false,Không đưa vào bảng phẳng. Sửa nguồn cũng vô ích vì sửa xong vẫn không nói được gì về nhu cầu.
lược đồ dwh,false,dim_order_status,created_at,phân loại,cột kỹ thuật — không phải đặc trưng,0.0,3.0,30.0,false,,,0.5817,thông tin phong phú,KHÔNG CẦN THIẾT,ĐO ĐƯỢC,U4 Khoá dòng hoặc cột kỹ thuật,Định danh một dòng hoặc phục vụ vận hành ETL. Không mô tả gì về nhu cầu.,ĐỦ,—,Không vướng cổng nào.,,KHÔNG CÓ TÁC DỤNG,false,Không đưa vào bảng phẳng. Sửa nguồn cũng vô ích vì sửa xong vẫn không nói được gì về nhu cầu.
lược đồ dwh,true,fact_order_lines,batch_id,số,cột kỹ thuật — không phải đặc trưng,0.0,1241.0,0.418,false,,0.0,0.5802,thông tin phong phú,KHÔNG CẦN THIẾT,ĐO ĐƯỢC,U4 Khoá dòng hoặc cột kỹ thuật,Định danh một dòng hoặc phục vụ vận hành ETL. Không mô tả gì về nhu cầu.,ĐỦ,—,Không vướng cổng nào.,,KHÔNG CÓ TÁC DỤNG,false,Không đưa vào bảng phẳng. Sửa nguồn cũng vô ích vì sửa xong vẫn không nói được gì về nhu cầu.
lược đồ dwh,false,dim_otif_reason,is_included_otif,phân loại,đặc trưng,0.0,2.0,9.091,false,,,0.5746,thông tin phong phú,KHÔNG CẦN THIẾT,KHÔNG TỚI ĐƯỢC,U7 không có đường nối,bảng `dim_otif_reason` không nối được về hạt cửa hàng × mã hàng × tháng,ĐỦ,—,Không vướng cổng nào.,,KHÔNG CÓ TÁC DỤNG,false,Không đưa vào bảng phẳng. Sửa nguồn cũng vô ích vì sửa xong vẫn không nói được gì về nhu cầu.
lược đồ dwh,true,fact_asset_inventory,distributor_key,số,khoá ngoại — dùng như biến phân loại,0.0,23.0,0.114,false,0.0,0.0,0.5381,thông tin phong phú,KHÔNG CẦN THIẾT,KHÔNG TỚI ĐƯỢC,U7 không có đường nối,bảng `fact_asset_inventory` không nối được về hạt cửa hàng × mã hàng × tháng,ĐỦ,—,Không vướng cổng nào.,,KHÔNG CÓ TÁC DỤNG,false,Không đưa vào bảng phẳng. Sửa nguồn cũng vô ích vì sửa xong vẫn không nói được gì về nhu cầu.
lược đồ dwh,true,fact_asset_inventory,subinventory_code,phân loại,khoá ngoại — dùng như biến phân loại,2.711,27.0,0.138,false,,0.0,0.5341,thông tin phong phú,KHÔNG CẦN THIẾT,KHÔNG TỚI ĐƯỢC,U7 không có đường nối,bảng `fact_asset_inventory` không nối được về hạt cửa hàng × mã hàng × tháng,ĐỦ,—,Không vướng cổng nào.,,KHÔNG CÓ TÁC DỤNG,false,Không đưa vào bảng phẳng. Sửa nguồn cũng vô ích vì sửa xong vẫn không nói được gì về nhu cầu.
lược đồ dwh,true,fact_asset_inventory,capacity,phân loại,đặc trưng,0.0,27.0,0.134,false,,0.0,0.5164,thông tin phong phú,KHÔNG CẦN THIẾT,KHÔNG TỚI ĐƯỢC,U7 không có đường nối,bảng `fact_asset_inventory` không nối được về hạt cửa hàng × mã hàng × tháng,ĐỦ,—,Không vướng cổng nào.,,KHÔNG CÓ TÁC DỤNG,false,Không đưa vào bảng phẳng. Sửa nguồn cũng vô ích vì sửa xong vẫn không nói được gì về nhu cầu.
lược đồ dwh,false,dim_products,batch_id,số,cột kỹ thuật — không phải đặc trưng,0.0,14.0,0.551,false,,,0.51,thông tin phong phú,KHÔNG CẦN THIẾT,ĐO ĐƯỢC,U4 Khoá dòng hoặc cột kỹ thuật,Định danh một dòng hoặc phục vụ vận hành ETL. Không mô tả gì về nhu cầu.,ĐỦ,—,Không vướng cổng nào.,,KHÔNG CÓ TÁC DỤNG,false,Không đưa vào bảng phẳng. Sửa nguồn cũng vô ích vì sửa xong vẫn không nói được gì về nhu cầu.
bảng phẳng,true,panel_mt,discount_rate,số,đặc trưng,65.725,14609.0,,false,,,0.5064,,KHÔNG CẦN THIẾT,ĐO ĐƯỢC,U6 đóng góp đo được thấp,1/8 thước đo xếp vào nửa trên,ĐỦ,—,Không vướng cổng nào.,CHUYỂN THÀNH LAG,KHÔNG CÓ TÁC DỤNG,false,Không đưa vào bảng phẳng. Sửa nguồn cũng vô ích vì sửa xong vẫn không nói được gì về nhu cầu.
lược đồ dwh,false,dim_account_channels,created_at,phân loại,cột kỹ thuật — không phải đặc trưng,0.0,4.0,3.15,false,,,0.4994,thông tin vừa,KHÔNG CẦN THIẾT,ĐO ĐƯỢC,U4 Khoá dòng hoặc cột kỹ thuật,Định danh một dòng hoặc phục vụ vận hành ETL. Không mô tả gì về nhu cầu.,ĐỦ,—,Không vướng cổng nào.,,KHÔNG CÓ TÁC DỤNG,false,Không đưa vào bảng phẳng. Sửa nguồn cũng vô ích vì sửa xong vẫn không nói được gì về nhu cầu.
bảng phẳng,true,panel_mt,discount_amount,số,đặc trưng,0.0,6633.0,,false,,,0.4937,,KHÔNG CẦN THIẾT,ĐO ĐƯỢC,U6 đóng góp đo được thấp,2/8 thước đo xếp vào nửa trên,ĐỦ,—,Không vướng cổng nào.,CHUYỂN THÀNH LAG,KHÔNG CÓ TÁC DỤNG,false,Không đưa vào bảng phẳng. Sửa nguồn cũng vô ích vì sửa xong vẫn không nói được gì về nhu cầu.
lược đồ dwh,true,fact_sales_targets,batch_id,số,cột kỹ thuật — không phải đặc trưng,0.0,81.0,30.0,false,,,0.4905,thông tin vừa,KHÔNG CẦN THIẾT,ĐO ĐƯỢC,U4 Khoá dòng hoặc cột kỹ thuật,Định danh một dòng hoặc phục vụ vận hành ETL. Không mô tả gì về nhu cầu.,ĐỦ,—,Không vướng cổng nào.,,KHÔNG CÓ TÁC DỤNG,false,Không đưa vào bảng phẳng. Sửa nguồn cũng vô ích vì sửa xong vẫn không nói được gì về nhu cầu.
lược đồ dwh,true,fact_promo_budget_available,invoiced_amount,số,đặc trưng,55.446,5341.0,6.566,false,,0.0,0.4893,thông tin vừa,KHÔNG CẦN THIẾT,KHÔNG TỚI ĐƯỢC,U7 không có đường nối,bảng `fact_promo_budget_available` không nối được về hạt cửa hàng × mã hàng × tháng,ĐỦ,—,Không vướng cổng nào.,,KHÔNG CÓ TÁC DỤNG,false,Không đưa vào bảng phẳng. Sửa nguồn cũng vô ích vì sửa xong vẫn không nói được gì về nhu cầu.
lược đồ dwh,false,dim_order_status,batch_id,số,cột kỹ thuật — không phải đặc trưng,0.0,2.0,20.0,false,,,0.469,thông tin vừa,KHÔNG CẦN THIẾT,ĐO ĐƯỢC,U4 Khoá dòng hoặc cột kỹ thuật,Định danh một dòng hoặc phục vụ vận hành ETL. Không mô tả gì về nhu cầu.,ĐỦ,—,Không vướng cổng nào.,,KHÔNG CÓ TÁC DỤNG,false,Không đưa vào bảng phẳng. Sửa nguồn cũng vô ích vì sửa xong vẫn không nói được gì về nhu cầu.
lược đồ dwh,false,dim_order_status,updated_at,phân loại,cột kỹ thuật — không phải đặc trưng,0.0,2.0,20.0,false,,,0.469,thông tin vừa,KHÔNG CẦN THIẾT,ĐO ĐƯỢC,U4 Khoá dòng hoặc cột kỹ thuật,Định danh một dòng hoặc phục vụ vận hành ETL. Không mô tả gì về nhu cầu.,ĐỦ,—,Không vướng cổng nào.,,KHÔNG CÓ TÁC DỤNG,false,Không đưa vào bảng phẳng. Sửa nguồn cũng vô ích vì sửa xong vẫn không nói được gì về nhu cầu.
lược đồ dwh,false,dim_product_prices,valid_from,phân loại,cột kỹ thuật — không phải đặc trưng,0.0,200.0,2.201,false,,,0.4637,thông tin vừa,KHÔNG CẦN THIẾT,ĐO ĐƯỢC,U4 Khoá dòng hoặc cột kỹ thuật,Định danh một dòng hoặc phục vụ vận hành ETL. Không mô tả gì về nhu cầu.,ĐỦ,—,Không vướng cổng nào.,,KHÔNG CÓ TÁC DỤNG,false,Không đưa vào bảng phẳng. Sửa nguồn cũng vô ích vì sửa xong vẫn không nói được gì về nhu cầu.
lược đồ dwh,false,dim_assets,asset_supplier,phân loại,đặc trưng,0.0,5.0,0.015,false,,,0.4325,thông tin vừa,KHÔNG CẦN THIẾT,KHÔNG TỚI ĐƯỢC,U7 không có đường nối,bảng `dim_assets` không nối được về hạt cửa hàng × mã hàng × tháng,ĐỦ,—,Không vướng cổng nào.,,KHÔNG CÓ TÁC DỤNG,false,Không đưa vào bảng phẳng. Sửa nguồn cũng vô ích vì sửa xong vẫn không nói được gì về nhu cầu.
lược đồ dwh,false,dim_sub_inventories,created_at,phân loại,cột kỹ thuật — không phải đặc trưng,0.0,8.0,4.255,false,,,0.4316,thông tin vừa,KHÔNG CẦN THIẾT,ĐO ĐƯỢC,U4 Khoá dòng hoặc cột kỹ thuật,Định danh một dòng hoặc phục vụ vận hành ETL. Không mô tả gì về nhu cầu.,ĐỦ,—,Không vướng cổng nào.,,KHÔNG CÓ TÁC DỤNG,false,Không đưa vào bảng phẳng. Sửa nguồn cũng vô ích vì sửa xong vẫn không nói được gì về nhu cầu.
lược đồ dwh,false,dim_sub_inventories,valid_from,phân loại,cột kỹ thuật — không phải đặc trưng,0.0,8.0,4.255,false,,,0.4316,thông tin vừa,KHÔNG CẦN THIẾT,ĐO ĐƯỢC,U4 Khoá dòng hoặc cột kỹ thuật,Định danh một dòng hoặc phục vụ vận hành ETL. Không mô tả gì về nhu cầu.,ĐỦ,—,Không vướng cổng nào.,,KHÔNG CÓ TÁC DỤNG,false,Không đưa vào bảng phẳng. Sửa nguồn cũng vô ích vì sửa xong vẫn không nói được gì về nhu cầu.
lược đồ dwh,true,fact_promo_budget_available,invoiced_qty,số,đặc trưng,49.811,562.0,0.613,false,,0.0,0.4205,thông tin vừa,KHÔNG CẦN THIẾT,KHÔNG TỚI ĐƯỢC,U7 không có đường nối,bảng `fact_promo_budget_available` không nối được về hạt cửa hàng × mã hàng × tháng,ĐỦ,—,Không vướng cổng nào.,,KHÔNG CÓ TÁC DỤNG,false,Không đưa vào bảng phẳng. Sửa nguồn cũng vô ích vì sửa xong vẫn không nói được gì về nhu cầu.
lược đồ dwh,false,dim_stores,is_current,phân loại,cột kỹ thuật — không phải đặc trưng,0.0,2.0,0.001,false,,,0.4114,thông tin vừa,KHÔNG CẦN THIẾT,ĐO ĐƯỢC,U4 Khoá dòng hoặc cột kỹ thuật,Định danh một dòng hoặc phục vụ vận hành ETL. Không mô tả gì về nhu cầu.,ĐỦ,—,Không vướng cổng nào.,,KHÔNG CÓ TÁC DỤNG,false,Không đưa vào bảng phẳng. Sửa nguồn cũng vô ích vì sửa xong vẫn không nói được gì về nhu cầu.
lược đồ dwh,true,fact_asset_inventory,brand_code,phân loại,khoá ngoại — dùng như biến phân loại,0.0,20.0,0.099,false,,0.0,0.411,thông tin vừa,KHÔNG CẦN THIẾT,KHÔNG TỚI ĐƯỢC,U7 không có đường nối,bảng `fact_asset_inventory` không nối được về hạt cửa hàng × mã hàng × tháng,ĐỦ,—,Không vướng cổng nào.,,KHÔNG CÓ TÁC DỤNG,false,Không đưa vào bảng phẳng. Sửa nguồn cũng vô ích vì sửa xong vẫn không nói được gì về nhu cầu.
lược đồ dwh,false,dim_assets,valid_from,phân loại,cột kỹ thuật — không phải đặc trưng,0.0,833.0,2.534,false,,,0.3979,thông tin vừa,KHÔNG CẦN THIẾT,ĐO ĐƯỢC,U4 Khoá dòng hoặc cột kỹ thuật,Định danh một dòng hoặc phục vụ vận hành ETL. Không mô tả gì về nhu cầu.,ĐỦ,—,Không vướng cổng nào.,,KHÔNG CÓ TÁC DỤNG,false,Không đưa vào bảng phẳng. Sửa nguồn cũng vô ích vì sửa xong vẫn không nói được gì về nhu cầu.
lược đồ dwh,false,dim_assets,created_at,phân loại,cột kỹ thuật — không phải đặc trưng,0.0,833.0,2.534,false,,,0.3979,thông tin vừa,KHÔNG CẦN THIẾT,ĐO ĐƯỢC,U4 Khoá dòng hoặc cột kỹ thuật,Định danh một dòng hoặc phục vụ vận hành ETL. Không mô tả gì về nhu cầu.,ĐỦ,—,Không vướng cổng nào.,,KHÔNG CÓ TÁC DỤNG,false,Không đưa vào bảng phẳng. Sửa nguồn cũng vô ích vì sửa xong vẫn không nói được gì về nhu cầu.
lược đồ dwh,false,dim_product_prices,valid_to,phân loại,cột kỹ thuật — không phải đặc trưng,0.132,154.0,1.697,false,,,0.3962,thông tin vừa,KHÔNG CẦN THIẾT,ĐO ĐƯỢC,U4 Khoá dòng hoặc cột kỹ thuật,Định danh một dòng hoặc phục vụ vận hành ETL. Không mô tả gì về nhu cầu.,ĐỦ,—,Không vướng cổng nào.,,KHÔNG CÓ TÁC DỤNG,false,Không đưa vào bảng phẳng. Sửa nguồn cũng vô ích vì sửa xong vẫn không nói được gì về nhu cầu.
lược đồ dwh,false,dim_sub_inventories,updated_at,phân loại,cột kỹ thuật — không phải đặc trưng,0.0,11.0,5.851,false,,,0.3877,thông tin vừa,KHÔNG CẦN THIẾT,ĐO ĐƯỢC,U4 Khoá dòng hoặc cột kỹ thuật,Định danh một dòng hoặc phục vụ vận hành ETL. Không mô tả gì về nhu cầu.,ĐỦ,—,Không vướng cổng nào.,,KHÔNG CÓ TÁC DỤNG,false,Không đưa vào bảng phẳng. Sửa nguồn cũng vô ích vì sửa xong vẫn không nói được gì về nhu cầu.
lược đồ dwh,false,dim_assets,batch_id,số,cột kỹ thuật — không phải đặc trưng,0.0,833.0,2.534,false,,,0.3768,thông tin vừa,KHÔNG CẦN THIẾT,ĐO ĐƯỢC,U4 Khoá dòng hoặc cột kỹ thuật,Định danh một dòng hoặc phục vụ vận hành ETL. Không mô tả gì về nhu cầu.,ĐỦ,—,Không vướng cổng nào.,,KHÔNG CÓ TÁC DỤNG,false,Không đưa vào bảng phẳng. Sửa nguồn cũng vô ích vì sửa xong vẫn không nói được gì về nhu cầu.
lược đồ dwh,false,dim_products,shelf_life,phân loại,đặc trưng,38.97,19.0,1.224,false,,,0.3752,thông tin vừa,KHÔNG CẦN THIẾT,ĐO ĐƯỢC,U6 đóng góp đo được thấp,0/8 thước đo xếp vào nửa trên,ĐỦ,—,Không vướng cổng nào.,DÙNG,KHÔNG CÓ TÁC DỤNG,false,Không đưa vào bảng phẳng. Sửa nguồn cũng vô ích vì sửa xong vẫn không nói được gì về nhu cầu.
lược đồ dwh,true,fact_order_status_timeline,batch_id,số,cột kỹ thuật — không phải đặc trưng,0.0,1615.0,0.533,false,,0.0,0.3594,thông tin vừa,KHÔNG CẦN THIẾT,ĐO ĐƯỢC,U4 Khoá dòng hoặc cột kỹ thuật,Định danh một dòng hoặc phục vụ vận hành ETL. Không mô tả gì về nhu cầu.,ĐỦ,—,Không vướng cổng nào.,,KHÔNG CÓ TÁC DỤNG,false,Không đưa vào bảng phẳng. Sửa nguồn cũng vô ích vì sửa xong vẫn không nói được gì về nhu cầu.
lược đồ dwh,true,fact_order_status_timeline,updated_at,phân loại,cột kỹ thuật — không phải đặc trưng,0.0,1865.0,0.616,false,,0.0,0.3572,thông tin vừa,KHÔNG CẦN THIẾT,ĐO ĐƯỢC,U4 Khoá dòng hoặc cột kỹ thuật,Định danh một dòng hoặc phục vụ vận hành ETL. Không mô tả gì về nhu cầu.,ĐỦ,—,Không vướng cổng nào.,,KHÔNG CÓ TÁC DỤNG,false,Không đưa vào bảng phẳng. Sửa nguồn cũng vô ích vì sửa xong vẫn không nói được gì về nhu cầu.
lược đồ dwh,true,fact_order_status_timeline,last_status_at,phân loại,thời gian — dẫn xuất đặc trưng,0.0,1513.0,0.5,false,,0.0,0.3543,thông tin vừa,KHÔNG CẦN THIẾT,KHÔNG TỚI ĐƯỢC,U7 không có đường nối,bảng `fact_order_status_timeline` không nối được về hạt cửa hàng × mã hàng × tháng,ĐỦ,—,Không vướng cổng nào.,,KHÔNG CÓ TÁC DỤNG,false,Không đưa vào bảng phẳng. Sửa nguồn cũng vô ích vì sửa xong vẫn không nói được gì về nhu cầu.
lược đồ dwh,false,dim_order_types,batch_id,số,cột kỹ thuật — không phải đặc trưng,0.0,2.0,13.333,false,,,0.3534,thông tin vừa,KHÔNG CẦN THIẾT,ĐO ĐƯỢC,U4 Khoá dòng hoặc cột kỹ thuật,Định danh một dòng hoặc phục vụ vận hành ETL. Không mô tả gì về nhu cầu.,ĐỦ,—,Không vướng cổng nào.,,KHÔNG CÓ TÁC DỤNG,false,Không đưa vào bảng phẳng. Sửa nguồn cũng vô ích vì sửa xong vẫn không nói được gì về nhu cầu.
lược đồ dwh,false,dim_order_types,created_at,phân loại,cột kỹ thuật — không phải đặc trưng,0.0,2.0,13.333,false,,,0.3534,thông tin vừa,KHÔNG CẦN THIẾT,ĐO ĐƯỢC,U4 Khoá dòng hoặc cột kỹ thuật,Định danh một dòng hoặc phục vụ vận hành ETL. Không mô tả gì về nhu cầu.,ĐỦ,—,Không vướng cổng nào.,,KHÔNG CÓ TÁC DỤNG,false,Không đưa vào bảng phẳng. Sửa nguồn cũng vô ích vì sửa xong vẫn không nói được gì về nhu cầu.
lược đồ dwh,false,dim_order_types,updated_at,phân loại,cột kỹ thuật — không phải đặc trưng,0.0,2.0,13.333,false,,,0.3534,thông tin vừa,KHÔNG CẦN THIẾT,ĐO ĐƯỢC,U4 Khoá dòng hoặc cột kỹ thuật,Định danh một dòng hoặc phục vụ vận hành ETL. Không mô tả gì về nhu cầu.,ĐỦ,—,Không vướng cổng nào.,,KHÔNG CÓ TÁC DỤNG,false,Không đưa vào bảng phẳng. Sửa nguồn cũng vô ích vì sửa xong vẫn không nói được gì về nhu cầu.
lược đồ dwh,true,fact_visits,batch_id,số,cột kỹ thuật — không phải đặc trưng,0.0,1973.0,0.651,false,,-3.0,0.3517,thông tin vừa,KHÔNG CẦN THIẾT,ĐO ĐƯỢC,U4 Khoá dòng hoặc cột kỹ thuật,Định danh một dòng hoặc phục vụ vận hành ETL. Không mô tả gì về nhu cầu.,ĐỦ,—,Không vướng cổng nào.,,KHÔNG CÓ TÁC DỤNG,false,Không đưa vào bảng phẳng. Sửa nguồn cũng vô ích vì sửa xong vẫn không nói được gì về nhu cầu.
lược đồ dwh,false,dim_products,valid_to,phân loại,cột kỹ thuật — không phải đặc trưng,0.039,8.0,0.315,false,,,0.345,thông tin vừa,KHÔNG CẦN THIẾT,ĐO ĐƯỢC,U4 Khoá dòng hoặc cột kỹ thuật,Định danh một dòng hoặc phục vụ vận hành ETL. Không mô tả gì về nhu cầu.,ĐỦ,—,Không vướng cổng nào.,,KHÔNG CÓ TÁC DỤNG,false,Không đưa vào bảng phẳng. Sửa nguồn cũng vô ích vì sửa xong vẫn không nói được gì về nhu cầu.
lược đồ dwh,true,fact_roadmaps,created_at,phân loại,cột kỹ thuật — không phải đặc trưng,0.0,21.0,7.836,false,,,0.343,thông tin vừa,KHÔNG CẦN THIẾT,ĐO ĐƯỢC,U4 Khoá dòng hoặc cột kỹ thuật,Định danh một dòng hoặc phục vụ vận hành ETL. Không mô tả gì về nhu cầu.,ĐỦ,—,Không vướng cổng nào.,,KHÔNG CÓ TÁC DỤNG,false,Không đưa vào bảng phẳng. Sửa nguồn cũng vô ích vì sửa xong vẫn không nói được gì về nhu cầu.
lược đồ dwh,true,fact_roadmaps,distributor_code,phân loại,khoá ngoại — dùng như biến phân loại,0.0,21.0,7.836,false,,,0.3406,thông tin vừa,KHÔNG CẦN THIẾT,KHÔNG TỚI ĐƯỢC,U7 không có đường nối,bảng `fact_roadmaps` không nối được về hạt cửa hàng × mã hàng × tháng,ĐỦ,—,Không vướng cổng nào.,,KHÔNG CÓ TÁC DỤNG,false,Không đưa vào bảng phẳng. Sửa nguồn cũng vô ích vì sửa xong vẫn không nói được gì về nhu cầu.
lược đồ dwh,true,fact_roadmaps,distributor_name,phân loại,đặc trưng,0.0,21.0,7.836,false,,,0.3406,thông tin vừa,KHÔNG CẦN THIẾT,KHÔNG TỚI ĐƯỢC,U7 không có đường nối,bảng `fact_roadmaps` không nối được về hạt cửa hàng × mã hàng × tháng,ĐỦ,—,Không vướng cổng nào.,,KHÔNG CÓ TÁC DỤNG,false,Không đưa vào bảng phẳng. Sửa nguồn cũng vô ích vì sửa xong vẫn không nói được gì về nhu cầu.
lược đồ dwh,true,fact_order_fulfillment,batch_id,số,cột kỹ thuật — không phải đặc trưng,0.0,859.0,0.286,false,,0.0,0.3398,thông tin vừa,KHÔNG CẦN THIẾT,ĐO ĐƯỢC,U4 Khoá dòng hoặc cột kỹ thuật,Định danh một dòng hoặc phục vụ vận hành ETL. Không mô tả gì về nhu cầu.,ĐỦ,—,Không vướng cổng nào.,,KHÔNG CÓ TÁC DỤNG,false,Không đưa vào bảng phẳng. Sửa nguồn cũng vô ích vì sửa xong vẫn không nói được gì về nhu cầu.
lược đồ dwh,false,dim_product_brands,is_current,phân loại,cột kỹ thuật — không phải đặc trưng,0.0,2.0,0.001,false,,,0.3207,thông tin vừa,KHÔNG CẦN THIẾT,ĐO ĐƯỢC,U4 Khoá dòng hoặc cột kỹ thuật,Định danh một dòng hoặc phục vụ vận hành ETL. Không mô tả gì về nhu cầu.,ĐỦ,—,Không vướng cổng nào.,,KHÔNG CÓ TÁC DỤNG,false,Không đưa vào bảng phẳng. Sửa nguồn cũng vô ích vì sửa xong vẫn không nói được gì về nhu cầu.
lược đồ dwh,false,dim_assets,valid_to,phân loại,cột kỹ thuật — không phải đặc trưng,61.375,825.0,6.497,false,,,0.3032,thông tin vừa,KHÔNG CẦN THIẾT,ĐO ĐƯỢC,U4 Khoá dòng hoặc cột kỹ thuật,Định danh một dòng hoặc phục vụ vận hành ETL. Không mô tả gì về nhu cầu.,ĐỦ,—,Không vướng cổng nào.,,KHÔNG CÓ TÁC DỤNG,false,Không đưa vào bảng phẳng. Sửa nguồn cũng vô ích vì sửa xong vẫn không nói được gì về nhu cầu.
bảng phẳng,true,panel_mt,net_weight,số,đặc trưng,0.014,122.0,,false,,,0.2936,,KHÔNG CẦN THIẾT,ĐO ĐƯỢC,U6 đóng góp đo được thấp,2/8 thước đo xếp vào nửa trên,ĐỦ,—,Không vướng cổng nào.,DÙNG,KHÔNG CÓ TÁC DỤNG,false,Không đưa vào bảng phẳng. Sửa nguồn cũng vô ích vì sửa xong vẫn không nói được gì về nhu cầu.
lược đồ dwh,true,fact_order_fulfillment,updated_at,phân loại,cột kỹ thuật — không phải đặc trưng,0.0,866.0,0.288,false,,0.0,0.2867,thông tin vừa,KHÔNG CẦN THIẾT,ĐO ĐƯỢC,U4 Khoá dòng hoặc cột kỹ thuật,Định danh một dòng hoặc phục vụ vận hành ETL. Không mô tả gì về nhu cầu.,ĐỦ,—,Không vướng cổng nào.,,KHÔNG CÓ TÁC DỤNG,false,Không đưa vào bảng phẳng. Sửa nguồn cũng vô ích vì sửa xong vẫn không nói được gì về nhu cầu.
lược đồ dwh,true,fact_order_fulfillment,created_at,phân loại,cột kỹ thuật — không phải đặc trưng,0.0,859.0,0.286,false,,0.0,0.2865,thông tin vừa,KHÔNG CẦN THIẾT,ĐO ĐƯỢC,U4 Khoá dòng hoặc cột kỹ thuật,Định danh một dòng hoặc phục vụ vận hành ETL. Không mô tả gì về nhu cầu.,ĐỦ,—,Không vướng cổng nào.,,KHÔNG CÓ TÁC DỤNG,false,Không đưa vào bảng phẳng. Sửa nguồn cũng vô ích vì sửa xong vẫn không nói được gì về nhu cầu.
lược đồ dwh,true,fact_inventory_transactions,batch_code,phân loại,khoá ngoại — dùng như biến phân loại,0.0,2.0,0.001,false,,0.0,0.2855,thông tin vừa,KHÔNG CẦN THIẾT,KHÔNG TỚI ĐƯỢC,U7 không có đường nối,bảng `fact_inventory_transactions` không nối được về hạt cửa hàng × mã hàng × tháng,ĐỦ,—,Không vướng cổng nào.,,KHÔNG CÓ TÁC DỤNG,false,Không đưa vào bảng phẳng. Sửa nguồn cũng vô ích vì sửa xong vẫn không nói được gì về nhu cầu.
lược đồ dwh,true,fact_promo_budget_available,foc_primary_uom,phân loại,đặc trưng,45.71,9.0,0.009,false,,0.0,0.2818,thông tin vừa,KHÔNG CẦN THIẾT,KHÔNG TỚI ĐƯỢC,U7 không có đường nối,bảng `fact_promo_budget_available` không nối được về hạt cửa hàng × mã hàng × tháng,ĐỦ,—,Không vướng cổng nào.,,KHÔNG CÓ TÁC DỤNG,false,Không đưa vào bảng phẳng. Sửa nguồn cũng vô ích vì sửa xong vẫn không nói được gì về nhu cầu.
lược đồ dwh,false,dim_account_channels,updated_at,phân loại,cột kỹ thuật — không phải đặc trưng,0.0,3.0,2.362,false,,,0.2742,thông tin vừa,KHÔNG CẦN THIẾT,ĐO ĐƯỢC,U4 Khoá dòng hoặc cột kỹ thuật,Định danh một dòng hoặc phục vụ vận hành ETL. Không mô tả gì về nhu cầu.,ĐỦ,—,Không vướng cổng nào.,,KHÔNG CÓ TÁC DỤNG,false,Không đưa vào bảng phẳng. Sửa nguồn cũng vô ích vì sửa xong vẫn không nói được gì về nhu cầu.
lược đồ dwh,true,fact_inventory_transactions,batch_id,số,cột kỹ thuật — không phải đặc trưng,0.0,958.0,0.552,false,,0.0,0.2733,thông tin vừa,KHÔNG CẦN THIẾT,ĐO ĐƯỢC,U4 Khoá dòng hoặc cột kỹ thuật,Định danh một dòng hoặc phục vụ vận hành ETL. Không mô tả gì về nhu cầu.,ĐỦ,—,Không vướng cổng nào.,,KHÔNG CÓ TÁC DỤNG,false,Không đưa vào bảng phẳng. Sửa nguồn cũng vô ích vì sửa xong vẫn không nói được gì về nhu cầu.
lược đồ dwh,false,dim_employees,management_path,phân loại,khoá của dòng — không dùng làm đặc trưng,83.818,1084.0,100.0,false,,,0.2719,thông tin vừa,KHÔNG CẦN THIẾT,ĐO ĐƯỢC,U4 Khoá dòng hoặc cột kỹ thuật,Định danh một dòng hoặc phục vụ vận hành ETL. Không mô tả gì về nhu cầu.,ĐỦ,—,Không vướng cổng nào.,,KHÔNG CÓ TÁC DỤNG,false,Không đưa vào bảng phẳng. Sửa nguồn cũng vô ích vì sửa xong vẫn không nói được gì về nhu cầu.
lược đồ dwh,true,fact_inventory_daily_balances,batch_id,số,cột kỹ thuật — không phải đặc trưng,0.0,17.0,0.015,false,,0.0,0.2673,thông tin vừa,KHÔNG CẦN THIẾT,ĐO ĐƯỢC,U4 Khoá dòng hoặc cột kỹ thuật,Định danh một dòng hoặc phục vụ vận hành ETL. Không mô tả gì về nhu cầu.,ĐỦ,—,Không vướng cổng nào.,,KHÔNG CÓ TÁC DỤNG,false,Không đưa vào bảng phẳng. Sửa nguồn cũng vô ích vì sửa xong vẫn không nói được gì về nhu cầu.
lược đồ dwh,false,dim_otif_reason,batch_id,số,cột kỹ thuật — không phải đặc trưng,0.0,2.0,9.091,false,,,0.2668,thông tin vừa,KHÔNG CẦN THIẾT,ĐO ĐƯỢC,U4 Khoá dòng hoặc cột kỹ thuật,Định danh một dòng hoặc phục vụ vận hành ETL. Không mô tả gì về nhu cầu.,ĐỦ,—,Không vướng cổng nào.,,KHÔNG CÓ TÁC DỤNG,false,Không đưa vào bảng phẳng. Sửa nguồn cũng vô ích vì sửa xong vẫn không nói được gì về nhu cầu.
lược đồ dwh,false,dim_otif_reason,created_at,phân loại,cột kỹ thuật — không phải đặc trưng,0.0,2.0,9.091,false,,,0.2668,thông tin vừa,KHÔNG CẦN THIẾT,ĐO ĐƯỢC,U4 Khoá dòng hoặc cột kỹ thuật,Định danh một dòng hoặc phục vụ vận hành ETL. Không mô tả gì về nhu cầu.,ĐỦ,—,Không vướng cổng nào.,,KHÔNG CÓ TÁC DỤNG,false,Không đưa vào bảng phẳng. Sửa nguồn cũng vô ích vì sửa xong vẫn không nói được gì về nhu cầu.
lược đồ dwh,false,dim_otif_reason,updated_at,phân loại,cột kỹ thuật — không phải đặc trưng,0.0,2.0,9.091,false,,,0.2668,thông tin vừa,KHÔNG CẦN THIẾT,ĐO ĐƯỢC,U4 Khoá dòng hoặc cột kỹ thuật,Định danh một dòng hoặc phục vụ vận hành ETL. Không mô tả gì về nhu cầu.,ĐỦ,—,Không vướng cổng nào.,,KHÔNG CÓ TÁC DỤNG,false,Không đưa vào bảng phẳng. Sửa nguồn cũng vô ích vì sửa xong vẫn không nói được gì về nhu cầu.
lược đồ dwh,false,zz_archive_om_orphans_20260804,delivery_date_source,phân loại,đặc trưng,0.0,2.0,0.448,false,,,0.2641,thông tin vừa,KHÔNG CẦN THIẾT,KHÔNG TỚI ĐƯỢC,U7 không có đường nối,bảng `zz_archive_om_orphans_20260804` không nối được về hạt cửa hàng × mã hàng × tháng,ĐỦ,—,Không vướng cổng nào.,,KHÔNG CÓ TÁC DỤNG,false,Không đưa vào bảng phẳng. Sửa nguồn cũng vô ích vì sửa xong vẫn không nói được gì về nhu cầu.
lược đồ dwh,true,fact_asset_audits,created_at,phân loại,cột kỹ thuật — không phải đặc trưng,0.0,1868.0,0.864,false,,0.0,0.2624,thông tin vừa,KHÔNG CẦN THIẾT,ĐO ĐƯỢC,U4 Khoá dòng hoặc cột kỹ thuật,Định danh một dòng hoặc phục vụ vận hành ETL. Không mô tả gì về nhu cầu.,ĐỦ,—,Không vướng cổng nào.,,KHÔNG CÓ TÁC DỤNG,false,Không đưa vào bảng phẳng. Sửa nguồn cũng vô ích vì sửa xong vẫn không nói được gì về nhu cầu.
lược đồ dwh,true,fact_asset_audits,updated_at,phân loại,cột kỹ thuật — không phải đặc trưng,0.0,1868.0,0.864,false,,0.0,0.2624,thông tin vừa,KHÔNG CẦN THIẾT,ĐO ĐƯỢC,U4 Khoá dòng hoặc cột kỹ thuật,Định danh một dòng hoặc phục vụ vận hành ETL. Không mô tả gì về nhu cầu.,ĐỦ,—,Không vướng cổng nào.,,KHÔNG CÓ TÁC DỤNG,false,Không đưa vào bảng phẳng. Sửa nguồn cũng vô ích vì sửa xong vẫn không nói được gì về nhu cầu.
lược đồ dwh,false,dim_employees,is_current,phân loại,cột kỹ thuật — không phải đặc trưng,0.0,2.0,0.03,false,,,0.2558,thông tin vừa,KHÔNG CẦN THIẾT,ĐO ĐƯỢC,U4 Khoá dòng hoặc cột kỹ thuật,Định danh một dòng hoặc phục vụ vận hành ETL. Không mô tả gì về nhu cầu.,ĐỦ,—,Không vướng cổng nào.,,KHÔNG CÓ TÁC DỤNG,false,Không đưa vào bảng phẳng. Sửa nguồn cũng vô ích vì sửa xong vẫn không nói được gì về nhu cầu.
lược đồ dwh,true,fact_asset_inventory,batch_id,số,cột kỹ thuật — không phải đặc trưng,0.0,469.0,2.324,false,,0.0,0.251,thông tin vừa,KHÔNG CẦN THIẾT,ĐO ĐƯỢC,U4 Khoá dòng hoặc cột kỹ thuật,Định danh một dòng hoặc phục vụ vận hành ETL. Không mô tả gì về nhu cầu.,ĐỦ,—,Không vướng cổng nào.,,KHÔNG CÓ TÁC DỤNG,false,Không đưa vào bảng phẳng. Sửa nguồn cũng vô ích vì sửa xong vẫn không nói được gì về nhu cầu.
lược đồ dwh,false,dim_assets,asset_brand,phân loại,đặc trưng,24.548,20.0,0.081,false,,,0.2502,thông tin vừa,KHÔNG CẦN THIẾT,KHÔNG TỚI ĐƯỢC,U7 không có đường nối,bảng `dim_assets` không nối được về hạt cửa hàng × mã hàng × tháng,ĐỦ,—,Không vướng cổng nào.,,KHÔNG CÓ TÁC DỤNG,false,Không đưa vào bảng phẳng. Sửa nguồn cũng vô ích vì sửa xong vẫn không nói được gì về nhu cầu.
bảng phẳng,true,panel_mt,conversion_rate,số,đặc trưng,0.003,23.0,,false,,,0.2288,,KHÔNG CẦN THIẾT,ĐO ĐƯỢC,U5 nhãn viết cách khác,6/8 thước đo xếp vào nửa trên; hồ sơ dữ liệu kết luận BỎ,ĐỦ,—,Không vướng cổng nào.,BỎ,KHÔNG CÓ TÁC DỤNG,false,Không đưa vào bảng phẳng. Sửa nguồn cũng vô ích vì sửa xong vẫn không nói được gì về nhu cầu.
lược đồ dwh,false,dim_chains,batch_id,số,cột kỹ thuật — không phải đặc trưng,0.0,155.0,1.608,false,,,0.2212,thông tin vừa,KHÔNG CẦN THIẾT,ĐO ĐƯỢC,U4 Khoá dòng hoặc cột kỹ thuật,Định danh một dòng hoặc phục vụ vận hành ETL. Không mô tả gì về nhu cầu.,ĐỦ,—,Không vướng cổng nào.,,KHÔNG CÓ TÁC DỤNG,false,Không đưa vào bảng phẳng. Sửa nguồn cũng vô ích vì sửa xong vẫn không nói được gì về nhu cầu.
lược đồ dwh,true,fact_asset_inventory,updated_at,phân loại,cột kỹ thuật — không phải đặc trưng,0.0,469.0,2.324,false,,0.0,0.2152,thông tin vừa,KHÔNG CẦN THIẾT,ĐO ĐƯỢC,U4 Khoá dòng hoặc cột kỹ thuật,Định danh một dòng hoặc phục vụ vận hành ETL. Không mô tả gì về nhu cầu.,ĐỦ,—,Không vướng cổng nào.,,KHÔNG CÓ TÁC DỤNG,false,Không đưa vào bảng phẳng. Sửa nguồn cũng vô ích vì sửa xong vẫn không nói được gì về nhu cầu.
lược đồ dwh,true,fact_inventory_transactions,updated_at,phân loại,cột kỹ thuật — không phải đặc trưng,0.0,958.0,0.552,false,,0.0,0.2115,thông tin vừa,KHÔNG CẦN THIẾT,ĐO ĐƯỢC,U4 Khoá dòng hoặc cột kỹ thuật,Định danh một dòng hoặc phục vụ vận hành ETL. Không mô tả gì về nhu cầu.,ĐỦ,—,Không vướng cổng nào.,,KHÔNG CÓ TÁC DỤNG,false,Không đưa vào bảng phẳng. Sửa nguồn cũng vô ích vì sửa xong vẫn không nói được gì về nhu cầu.
lược đồ dwh,true,fact_inventory_transactions,created_at,phân loại,cột kỹ thuật — không phải đặc trưng,0.0,962.0,0.555,false,,0.0,0.2111,thông tin vừa,KHÔNG CẦN THIẾT,ĐO ĐƯỢC,U4 Khoá dòng hoặc cột kỹ thuật,Định danh một dòng hoặc phục vụ vận hành ETL. Không mô tả gì về nhu cầu.,ĐỦ,—,Không vướng cổng nào.,,KHÔNG CÓ TÁC DỤNG,false,Không đưa vào bảng phẳng. Sửa nguồn cũng vô ích vì sửa xong vẫn không nói được gì về nhu cầu.
bảng phẳng,true,panel_mt,unit_price_stddev,số,đặc trưng,65.624,3914.0,,false,,,0.1905,,KHÔNG CẦN THIẾT,ĐO ĐƯỢC,U5 nhãn viết cách khác,5/8 thước đo xếp vào nửa trên; hồ sơ dữ liệu kết luận BỎ,ĐỦ,—,Không vướng cổng nào.,BỎ,KHÔNG CÓ TÁC DỤNG,false,Không đưa vào bảng phẳng. Sửa nguồn cũng vô ích vì sửa xong vẫn không nói được gì về nhu cầu.
bảng phẳng,true,panel_mt,adjusted_sales_rate,số,đặc trưng,84.396,1357.0,,false,,,0.1863,,KHÔNG CẦN THIẾT,ĐO ĐƯỢC,U5 nhãn viết cách khác,7/8 thước đo xếp vào nửa trên; hồ sơ dữ liệu kết luận BỎ,ĐỦ,—,Không vướng cổng nào.,BỎ,KHÔNG CÓ TÁC DỤNG,false,Không đưa vào bảng phẳng. Sửa nguồn cũng vô ích vì sửa xong vẫn không nói được gì về nhu cầu.
lược đồ dwh,false,dim_suppliers,batch_id,số,cột kỹ thuật — không phải đặc trưng,0.0,4.0,6.349,false,,,0.1758,thông tin vừa,KHÔNG CẦN THIẾT,ĐO ĐƯỢC,U4 Khoá dòng hoặc cột kỹ thuật,Định danh một dòng hoặc phục vụ vận hành ETL. Không mô tả gì về nhu cầu.,ĐỦ,—,Không vướng cổng nào.,,KHÔNG CÓ TÁC DỤNG,false,Không đưa vào bảng phẳng. Sửa nguồn cũng vô ích vì sửa xong vẫn không nói được gì về nhu cầu.
lược đồ dwh,false,dim_suppliers,valid_from,phân loại,cột kỹ thuật — không phải đặc trưng,0.0,4.0,6.349,false,,,0.1758,thông tin vừa,KHÔNG CẦN THIẾT,ĐO ĐƯỢC,U4 Khoá dòng hoặc cột kỹ thuật,Định danh một dòng hoặc phục vụ vận hành ETL. Không mô tả gì về nhu cầu.,ĐỦ,—,Không vướng cổng nào.,,KHÔNG CÓ TÁC DỤNG,false,Không đưa vào bảng phẳng. Sửa nguồn cũng vô ích vì sửa xong vẫn không nói được gì về nhu cầu.
lược đồ dwh,false,dim_suppliers,created_at,phân loại,cột kỹ thuật — không phải đặc trưng,0.0,4.0,6.349,false,,,0.1758,thông tin vừa,KHÔNG CẦN THIẾT,ĐO ĐƯỢC,U4 Khoá dòng hoặc cột kỹ thuật,Định danh một dòng hoặc phục vụ vận hành ETL. Không mô tả gì về nhu cầu.,ĐỦ,—,Không vướng cổng nào.,,KHÔNG CÓ TÁC DỤNG,false,Không đưa vào bảng phẳng. Sửa nguồn cũng vô ích vì sửa xong vẫn không nói được gì về nhu cầu.
lược đồ dwh,false,dim_suppliers,updated_at,phân loại,cột kỹ thuật — không phải đặc trưng,0.0,4.0,6.349,false,,,0.1758,thông tin vừa,KHÔNG CẦN THIẾT,ĐO ĐƯỢC,U4 Khoá dòng hoặc cột kỹ thuật,Định danh một dòng hoặc phục vụ vận hành ETL. Không mô tả gì về nhu cầu.,ĐỦ,—,Không vướng cổng nào.,,KHÔNG CÓ TÁC DỤNG,false,Không đưa vào bảng phẳng. Sửa nguồn cũng vô ích vì sửa xong vẫn không nói được gì về nhu cầu.
lược đồ dwh,false,dim_warehouses,batch_id,số,cột kỹ thuật — không phải đặc trưng,0.0,2.0,5.128,false,,,0.172,thông tin vừa,KHÔNG CẦN THIẾT,ĐO ĐƯỢC,U4 Khoá dòng hoặc cột kỹ thuật,Định danh một dòng hoặc phục vụ vận hành ETL. Không mô tả gì về nhu cầu.,ĐỦ,—,Không vướng cổng nào.,,KHÔNG CÓ TÁC DỤNG,false,Không đưa vào bảng phẳng. Sửa nguồn cũng vô ích vì sửa xong vẫn không nói được gì về nhu cầu.
lược đồ dwh,false,dim_warehouses,valid_from,phân loại,cột kỹ thuật — không phải đặc trưng,0.0,2.0,5.128,false,,,0.172,thông tin vừa,KHÔNG CẦN THIẾT,ĐO ĐƯỢC,U4 Khoá dòng hoặc cột kỹ thuật,Định danh một dòng hoặc phục vụ vận hành ETL. Không mô tả gì về nhu cầu.,ĐỦ,—,Không vướng cổng nào.,,KHÔNG CÓ TÁC DỤNG,false,Không đưa vào bảng phẳng. Sửa nguồn cũng vô ích vì sửa xong vẫn không nói được gì về nhu cầu.
lược đồ dwh,false,dim_warehouses,created_at,phân loại,cột kỹ thuật — không phải đặc trưng,0.0,2.0,5.128,false,,,0.172,thông tin vừa,KHÔNG CẦN THIẾT,ĐO ĐƯỢC,U4 Khoá dòng hoặc cột kỹ thuật,Định danh một dòng hoặc phục vụ vận hành ETL. Không mô tả gì về nhu cầu.,ĐỦ,—,Không vướng cổng nào.,,KHÔNG CÓ TÁC DỤNG,false,Không đưa vào bảng phẳng. Sửa nguồn cũng vô ích vì sửa xong vẫn không nói được gì về nhu cầu.
lược đồ dwh,false,dim_warehouses,updated_at,phân loại,cột kỹ thuật — không phải đặc trưng,0.0,2.0,5.128,false,,,0.172,thông tin vừa,KHÔNG CẦN THIẾT,ĐO ĐƯỢC,U4 Khoá dòng hoặc cột kỹ thuật,Định danh một dòng hoặc phục vụ vận hành ETL. Không mô tả gì về nhu cầu.,ĐỦ,—,Không vướng cổng nào.,,KHÔNG CÓ TÁC DỤNG,false,Không đưa vào bảng phẳng. Sửa nguồn cũng vô ích vì sửa xong vẫn không nói được gì về nhu cầu.
lược đồ dwh,false,dim_chains,valid_from,phân loại,cột kỹ thuật — không phải đặc trưng,0.0,155.0,1.608,false,,,0.156,thông tin vừa,KHÔNG CẦN THIẾT,ĐO ĐƯỢC,U4 Khoá dòng hoặc cột kỹ thuật,Định danh một dòng hoặc phục vụ vận hành ETL. Không mô tả gì về nhu cầu.,ĐỦ,—,Không vướng cổng nào.,,KHÔNG CÓ TÁC DỤNG,false,Không đưa vào bảng phẳng. Sửa nguồn cũng vô ích vì sửa xong vẫn không nói được gì về nhu cầu.
lược đồ dwh,false,dim_chains,created_at,phân loại,cột kỹ thuật — không phải đặc trưng,0.0,155.0,1.608,false,,,0.156,thông tin vừa,KHÔNG CẦN THIẾT,ĐO ĐƯỢC,U4 Khoá dòng hoặc cột kỹ thuật,Định danh một dòng hoặc phục vụ vận hành ETL. Không mô tả gì về nhu cầu.,ĐỦ,—,Không vướng cổng nào.,,KHÔNG CÓ TÁC DỤNG,false,Không đưa vào bảng phẳng. Sửa nguồn cũng vô ích vì sửa xong vẫn không nói được gì về nhu cầu.
lược đồ dwh,false,dim_chains,updated_at,phân loại,cột kỹ thuật — không phải đặc trưng,0.0,155.0,1.608,false,,,0.156,thông tin vừa,KHÔNG CẦN THIẾT,ĐO ĐƯỢC,U4 Khoá dòng hoặc cột kỹ thuật,Định danh một dòng hoặc phục vụ vận hành ETL. Không mô tả gì về nhu cầu.,ĐỦ,—,Không vướng cổng nào.,,KHÔNG CÓ TÁC DỤNG,false,Không đưa vào bảng phẳng. Sửa nguồn cũng vô ích vì sửa xong vẫn không nói được gì về nhu cầu.
lược đồ dwh,false,dwh_batch_logs,status,phân loại,đặc trưng,0.0,5.0,0.002,false,,,0.1498,gần như một giá trị — ít dùng được,KHÔNG CẦN THIẾT,ĐO ĐƯỢC,U2 Gần như chỉ một giá trị,"Entropy đo được gần 0: hầu hết dòng mang cùng một giá trị, phần khác biệt quá mỏng để mô hình tách được tín hiệu.",ĐỦ,—,Không vướng cổng nào.,,KHÔNG CÓ TÁC DỤNG,false,Không đưa vào bảng phẳng. Sửa nguồn cũng vô ích vì sửa xong vẫn không nói được gì về nhu cầu.
lược đồ dwh,true,fact_order_fulfillment,visit_key,số,khoá ngoại — dùng như biến phân loại,89.964,27040.0,89.736,false,,0.0,0.1445,gần như một giá trị — ít dùng được,KHÔNG CẦN THIẾT,ĐO ĐƯỢC,U2 Gần như chỉ một giá trị,"Entropy đo được gần 0: hầu hết dòng mang cùng một giá trị, phần khác biệt quá mỏng để mô hình tách được tín hiệu.",ĐỦ,—,Không vướng cổng nào.,,KHÔNG CÓ TÁC DỤNG,false,Không đưa vào bảng phẳng. Sửa nguồn cũng vô ích vì sửa xong vẫn không nói được gì về nhu cầu.
lược đồ dwh,false,zz_archive_om_orphans_20260804,invoice_no,phân loại,khoá ngoại — dùng như biến phân loại,85.65,11.0,17.188,false,,,0.1304,gần như một giá trị — ít dùng được,KHÔNG CẦN THIẾT,ĐO ĐƯỢC,U2 Gần như chỉ một giá trị,"Entropy đo được gần 0: hầu hết dòng mang cùng một giá trị, phần khác biệt quá mỏng để mô hình tách được tín hiệu.",ĐỦ,—,Không vướng cổng nào.,,KHÔNG CÓ TÁC DỤNG,false,Không đưa vào bảng phẳng. Sửa nguồn cũng vô ích vì sửa xong vẫn không nói được gì về nhu cầu.
lược đồ dwh,false,zz_archive_om_orphans_20260804,ar_doc_no,phân loại,khoá ngoại — dùng như biến phân loại,85.65,11.0,17.188,false,,,0.1304,gần như một giá trị — ít dùng được,KHÔNG CẦN THIẾT,ĐO ĐƯỢC,U2 Gần như chỉ một giá trị,"Entropy đo được gần 0: hầu hết dòng mang cùng một giá trị, phần khác biệt quá mỏng để mô hình tách được tín hiệu.",ĐỦ,—,Không vướng cổng nào.,,KHÔNG CÓ TÁC DỤNG,false,Không đưa vào bảng phẳng. Sửa nguồn cũng vô ích vì sửa xong vẫn không nói được gì về nhu cầu.
bảng phẳng,true,panel_mt,months_since_first_purchase,số,đặc trưng,0.0,16.0,,false,,,0.1289,,KHÔNG CẦN THIẾT,ĐO ĐƯỢC,U6 đóng góp đo được thấp,2/8 thước đo xếp vào nửa trên,ĐỦ,—,Không vướng cổng nào.,DÙNG,KHÔNG CÓ TÁC DỤNG,false,Không đưa vào bảng phẳng. Sửa nguồn cũng vô ích vì sửa xong vẫn không nói được gì về nhu cầu.
lược đồ dwh,true,fact_asset_inventory,status,phân loại,đặc trưng,0.0,3.0,0.015,false,,0.0,0.1226,gần như một giá trị — ít dùng được,KHÔNG CẦN THIẾT,ĐO ĐƯỢC,U2 Gần như chỉ một giá trị,"Entropy đo được gần 0: hầu hết dòng mang cùng một giá trị, phần khác biệt quá mỏng để mô hình tách được tín hiệu.",ĐỦ,—,Không vướng cổng nào.,,KHÔNG CÓ TÁC DỤNG,false,Không đưa vào bảng phẳng. Sửa nguồn cũng vô ích vì sửa xong vẫn không nói được gì về nhu cầu.
lược đồ dwh,true,fact_promo_budget_available,invoice_status,phân loại,đặc trưng,14.772,6.0,0.004,false,,0.0,0.1217,gần như một giá trị — ít dùng được,KHÔNG CẦN THIẾT,ĐO ĐƯỢC,U2 Gần như chỉ một giá trị,"Entropy đo được gần 0: hầu hết dòng mang cùng một giá trị, phần khác biệt quá mỏng để mô hình tách được tín hiệu.",ĐỦ,—,Không vướng cổng nào.,,KHÔNG CÓ TÁC DỤNG,false,Không đưa vào bảng phẳng. Sửa nguồn cũng vô ích vì sửa xong vẫn không nói được gì về nhu cầu.
lược đồ dwh,false,zz_archive_om_orphans_20260804,warehouse_out_at,phân loại,thời gian — dẫn xuất đặc trưng,85.65,7.0,10.938,false,,,0.1204,gần như một giá trị — ít dùng được,KHÔNG CẦN THIẾT,ĐO ĐƯỢC,U2 Gần như chỉ một giá trị,"Entropy đo được gần 0: hầu hết dòng mang cùng một giá trị, phần khác biệt quá mỏng để mô hình tách được tín hiệu.",ĐỦ,—,Không vướng cổng nào.,,KHÔNG CÓ TÁC DỤNG,false,Không đưa vào bảng phẳng. Sửa nguồn cũng vô ích vì sửa xong vẫn không nói được gì về nhu cầu.
lược đồ dwh,true,fact_inventory_daily_balances,source_refs,phân loại,cột kỹ thuật — không phải đặc trưng,0.0,,,false,,0.0,0.1169,gần như một giá trị — ít dùng được,KHÔNG CẦN THIẾT,ĐO ĐƯỢC,U1 Hằng số hoặc rỗng,"Phương sai bằng 0 nên thông tin tương hỗ với BẤT KỲ nhãn nào cũng bằng 0. Hệ quả toán học, không phải ngưỡng vận hành.",ĐỦ,—,Không vướng cổng nào.,,KHÔNG CÓ TÁC DỤNG,false,Không đưa vào bảng phẳng. Sửa nguồn cũng vô ích vì sửa xong vẫn không nói được gì về nhu cầu.
bảng phẳng,true,panel_mt,promo_max_discount_pct,số,đặc trưng,41.547,167.0,,false,,,0.1166,,KHÔNG CẦN THIẾT,ĐO ĐƯỢC,U5 nhãn viết cách khác,6/8 thước đo xếp vào nửa trên; hồ sơ dữ liệu kết luận BỎ,ĐỦ,—,Không vướng cổng nào.,BỎ,KHÔNG CÓ TÁC DỤNG,false,Không đưa vào bảng phẳng. Sửa nguồn cũng vô ích vì sửa xong vẫn không nói được gì về nhu cầu.
lược đồ dwh,false,zz_archive_om_orphans_20260804,order_type_key,số,khoá ngoại — dùng như biến phân loại,0.0,4.0,0.897,false,0.0,,0.1165,gần như một giá trị — ít dùng được,KHÔNG CẦN THIẾT,ĐO ĐƯỢC,U2 Gần như chỉ một giá trị,"Entropy đo được gần 0: hầu hết dòng mang cùng một giá trị, phần khác biệt quá mỏng để mô hình tách được tín hiệu.",ĐỦ,—,Không vướng cổng nào.,,KHÔNG CÓ TÁC DỤNG,false,Không đưa vào bảng phẳng. Sửa nguồn cũng vô ích vì sửa xong vẫn không nói được gì về nhu cầu.
lược đồ dwh,true,fact_inventory_daily_balances,import_quantity,số,đặc trưng,0.0,209.0,0.179,false,,0.0,0.1163,gần như một giá trị — ít dùng được,KHÔNG CẦN THIẾT,ĐO ĐƯỢC,U2 Gần như chỉ một giá trị,"Entropy đo được gần 0: hầu hết dòng mang cùng một giá trị, phần khác biệt quá mỏng để mô hình tách được tín hiệu.",ĐỦ,—,Không vướng cổng nào.,,KHÔNG CÓ TÁC DỤNG,false,Không đưa vào bảng phẳng. Sửa nguồn cũng vô ích vì sửa xong vẫn không nói được gì về nhu cầu.
lược đồ dwh,false,dim_weather_locations,source_refs,phân loại,cột kỹ thuật — không phải đặc trưng,0.0,,,false,,,0.1161,gần như một giá trị — ít dùng được,KHÔNG CẦN THIẾT,ĐO ĐƯỢC,U1 Hằng số hoặc rỗng,"Phương sai bằng 0 nên thông tin tương hỗ với BẤT KỲ nhãn nào cũng bằng 0. Hệ quả toán học, không phải ngưỡng vận hành.",ĐỦ,—,Không vướng cổng nào.,,KHÔNG CÓ TÁC DỤNG,false,Không đưa vào bảng phẳng. Sửa nguồn cũng vô ích vì sửa xong vẫn không nói được gì về nhu cầu.
lược đồ dwh,true,fact_order_lines,is_return,phân loại,đặc trưng,0.0,2.0,0.001,false,,0.0,0.1096,gần như một giá trị — ít dùng được,KHÔNG CẦN THIẾT,ĐO ĐƯỢC,U2 Gần như chỉ một giá trị,"Entropy đo được gần 0: hầu hết dòng mang cùng một giá trị, phần khác biệt quá mỏng để mô hình tách được tín hiệu.",ĐỦ,—,Không vướng cổng nào.,,KHÔNG CÓ TÁC DỤNG,false,Không đưa vào bảng phẳng. Sửa nguồn cũng vô ích vì sửa xong vẫn không nói được gì về nhu cầu.
lược đồ dwh,true,fact_order_fulfillment,chain_key,số,khoá ngoại — dùng như biến phân loại,70.377,19.0,0.021,false,0.0,0.0,0.0949,gần như một giá trị — ít dùng được,KHÔNG CẦN THIẾT,ĐO ĐƯỢC,U2 Gần như chỉ một giá trị,"Entropy đo được gần 0: hầu hết dòng mang cùng một giá trị, phần khác biệt quá mỏng để mô hình tách được tín hiệu.",ĐỦ,—,Không vướng cổng nào.,BỎ,KHÔNG CÓ TÁC DỤNG,false,Không đưa vào bảng phẳng. Sửa nguồn cũng vô ích vì sửa xong vẫn không nói được gì về nhu cầu.
lược đồ dwh,false,dim_price_lists,batch_id,số,cột kỹ thuật — không phải đặc trưng,0.0,6.0,1.648,false,,,0.0937,gần như một giá trị — ít dùng được,KHÔNG CẦN THIẾT,ĐO ĐƯỢC,U2 Gần như chỉ một giá trị,"Entropy đo được gần 0: hầu hết dòng mang cùng một giá trị, phần khác biệt quá mỏng để mô hình tách được tín hiệu.",ĐỦ,—,Không vướng cổng nào.,,KHÔNG CÓ TÁC DỤNG,false,Không đưa vào bảng phẳng. Sửa nguồn cũng vô ích vì sửa xong vẫn không nói được gì về nhu cầu.
lược đồ dwh,false,dim_product_prices,tax_rate,số,đặc trưng,0.0,4.0,0.044,false,,,0.0893,gần như một giá trị — ít dùng được,KHÔNG CẦN THIẾT,ĐO ĐƯỢC,U2 Gần như chỉ một giá trị,"Entropy đo được gần 0: hầu hết dòng mang cùng một giá trị, phần khác biệt quá mỏng để mô hình tách được tín hiệu.",ĐỦ,—,Không vướng cổng nào.,DÙNG,KHÔNG CÓ TÁC DỤNG,false,Không đưa vào bảng phẳng. Sửa nguồn cũng vô ích vì sửa xong vẫn không nói được gì về nhu cầu.
lược đồ dwh,false,dim_delivery_status,line_status,phân loại,đặc trưng,50.485,3.0,5.882,false,,,0.0868,gần như một giá trị — ít dùng được,KHÔNG CẦN THIẾT,ĐO ĐƯỢC,U2 Gần như chỉ một giá trị,"Entropy đo được gần 0: hầu hết dòng mang cùng một giá trị, phần khác biệt quá mỏng để mô hình tách được tín hiệu.",ĐỦ,—,Không vướng cổng nào.,,KHÔNG CÓ TÁC DỤNG,false,Không đưa vào bảng phẳng. Sửa nguồn cũng vô ích vì sửa xong vẫn không nói được gì về nhu cầu.
bảng phẳng,true,panel_mt,avg_vat_rate,số,đặc trưng,65.624,209.0,,false,,,0.082,,KHÔNG CẦN THIẾT,ĐO ĐƯỢC,U5 nhãn viết cách khác,3/8 thước đo xếp vào nửa trên; hồ sơ dữ liệu kết luận BỎ,ĐỦ,—,Không vướng cổng nào.,BỎ,KHÔNG CÓ TÁC DỤNG,false,Không đưa vào bảng phẳng. Sửa nguồn cũng vô ích vì sửa xong vẫn không nói được gì về nhu cầu.
lược đồ dwh,true,fact_order_lines,supervisor_employee_id,số,khoá ngoại — dùng như biến phân loại,89.927,88.0,0.294,false,0.0,0.0,0.0813,gần như một giá trị — ít dùng được,KHÔNG CẦN THIẾT,ĐO ĐƯỢC,U2 Gần như chỉ một giá trị,"Entropy đo được gần 0: hầu hết dòng mang cùng một giá trị, phần khác biệt quá mỏng để mô hình tách được tín hiệu.",ĐỦ,—,Không vướng cổng nào.,,KHÔNG CÓ TÁC DỤNG,false,Không đưa vào bảng phẳng. Sửa nguồn cũng vô ích vì sửa xong vẫn không nói được gì về nhu cầu.
lược đồ dwh,false,dim_delivery_status,received_qty_status,phân loại,đặc trưng,0.0,2.0,1.942,false,,,0.0789,gần như một giá trị — ít dùng được,KHÔNG CẦN THIẾT,ĐO ĐƯỢC,U2 Gần như chỉ một giá trị,"Entropy đo được gần 0: hầu hết dòng mang cùng một giá trị, phần khác biệt quá mỏng để mô hình tách được tín hiệu.",ĐỦ,—,Không vướng cổng nào.,,KHÔNG CÓ TÁC DỤNG,false,Không đưa vào bảng phẳng. Sửa nguồn cũng vô ích vì sửa xong vẫn không nói được gì về nhu cầu.
lược đồ dwh,false,dim_delivery_status,recon_status,phân loại,đặc trưng,0.0,2.0,1.942,false,,,0.0789,gần như một giá trị — ít dùng được,KHÔNG CẦN THIẾT,ĐO ĐƯỢC,U2 Gần như chỉ một giá trị,"Entropy đo được gần 0: hầu hết dòng mang cùng một giá trị, phần khác biệt quá mỏng để mô hình tách được tín hiệu.",ĐỦ,—,Không vướng cổng nào.,,KHÔNG CÓ TÁC DỤNG,false,Không đưa vào bảng phẳng. Sửa nguồn cũng vô ích vì sửa xong vẫn không nói được gì về nhu cầu.
lược đồ dwh,true,fact_promo_budget_available,updated_at,phân loại,cột kỹ thuật — không phải đặc trưng,0.0,2.0,0.001,false,,0.0,0.0778,gần như một giá trị — ít dùng được,KHÔNG CẦN THIẾT,ĐO ĐƯỢC,U2 Gần như chỉ một giá trị,"Entropy đo được gần 0: hầu hết dòng mang cùng một giá trị, phần khác biệt quá mỏng để mô hình tách được tín hiệu.",ĐỦ,—,Không vướng cổng nào.,,KHÔNG CÓ TÁC DỤNG,false,Không đưa vào bảng phẳng. Sửa nguồn cũng vô ích vì sửa xong vẫn không nói được gì về nhu cầu.
lược đồ dwh,true,fact_asset_inventory,is_deleted,phân loại,đặc trưng,0.0,2.0,0.01,false,,0.0,0.0737,gần như một giá trị — ít dùng được,KHÔNG CẦN THIẾT,ĐO ĐƯỢC,U2 Gần như chỉ một giá trị,"Entropy đo được gần 0: hầu hết dòng mang cùng một giá trị, phần khác biệt quá mỏng để mô hình tách được tín hiệu.",ĐỦ,—,Không vướng cổng nào.,,KHÔNG CÓ TÁC DỤNG,false,Không đưa vào bảng phẳng. Sửa nguồn cũng vô ích vì sửa xong vẫn không nói được gì về nhu cầu.
bảng phẳng,true,panel_mt,promo_forecast_qty,số,đặc trưng,36.38,138.0,,false,,,0.0731,,KHÔNG CẦN THIẾT,ĐO ĐƯỢC,U6 đóng góp đo được thấp,1/8 thước đo xếp vào nửa trên,ĐỦ,—,Không vướng cổng nào.,DÙNG,KHÔNG CÓ TÁC DỤNG,false,Không đưa vào bảng phẳng. Sửa nguồn cũng vô ích vì sửa xong vẫn không nói được gì về nhu cầu.
lược đồ dwh,true,fact_order_lines,sales_flow,phân loại,đặc trưng,0.0,2.0,0.001,false,,0.0,0.0717,gần như một giá trị — ít dùng được,KHÔNG CẦN THIẾT,ĐO ĐƯỢC,U2 Gần như chỉ một giá trị,"Entropy đo được gần 0: hầu hết dòng mang cùng một giá trị, phần khác biệt quá mỏng để mô hình tách được tín hiệu.",ĐỦ,—,Không vướng cổng nào.,,KHÔNG CÓ TÁC DỤNG,false,Không đưa vào bảng phẳng. Sửa nguồn cũng vô ích vì sửa xong vẫn không nói được gì về nhu cầu.
lược đồ dwh,false,dim_price_lists,updated_at,phân loại,cột kỹ thuật — không phải đặc trưng,0.0,8.0,2.198,false,,,0.0709,gần như một giá trị — ít dùng được,KHÔNG CẦN THIẾT,ĐO ĐƯỢC,U2 Gần như chỉ một giá trị,"Entropy đo được gần 0: hầu hết dòng mang cùng một giá trị, phần khác biệt quá mỏng để mô hình tách được tín hiệu.",ĐỦ,—,Không vướng cổng nào.,,KHÔNG CÓ TÁC DỤNG,false,Không đưa vào bảng phẳng. Sửa nguồn cũng vô ích vì sửa xong vẫn không nói được gì về nhu cầu.
lược đồ dwh,false,dim_price_lists,valid_from,phân loại,cột kỹ thuật — không phải đặc trưng,0.0,6.0,1.648,false,,,0.0697,gần như một giá trị — ít dùng được,KHÔNG CẦN THIẾT,ĐO ĐƯỢC,U2 Gần như chỉ một giá trị,"Entropy đo được gần 0: hầu hết dòng mang cùng một giá trị, phần khác biệt quá mỏng để mô hình tách được tín hiệu.",ĐỦ,—,Không vướng cổng nào.,,KHÔNG CÓ TÁC DỤNG,false,Không đưa vào bảng phẳng. Sửa nguồn cũng vô ích vì sửa xong vẫn không nói được gì về nhu cầu.
lược đồ dwh,false,dim_price_lists,created_at,phân loại,cột kỹ thuật — không phải đặc trưng,0.0,6.0,1.648,false,,,0.0697,gần như một giá trị — ít dùng được,KHÔNG CẦN THIẾT,ĐO ĐƯỢC,U2 Gần như chỉ một giá trị,"Entropy đo được gần 0: hầu hết dòng mang cùng một giá trị, phần khác biệt quá mỏng để mô hình tách được tín hiệu.",ĐỦ,—,Không vướng cổng nào.,,KHÔNG CÓ TÁC DỤNG,false,Không đưa vào bảng phẳng. Sửa nguồn cũng vô ích vì sửa xong vẫn không nói được gì về nhu cầu.
lược đồ dwh,false,dim_employees,manager_user_id,số,khoá ngoại — dùng như biến phân loại,93.193,100.0,21.93,false,,,0.0642,gần như một giá trị — ít dùng được,KHÔNG CẦN THIẾT,ĐO ĐƯỢC,U2 Gần như chỉ một giá trị,"Entropy đo được gần 0: hầu hết dòng mang cùng một giá trị, phần khác biệt quá mỏng để mô hình tách được tín hiệu.",ĐỦ,—,Không vướng cổng nào.,,KHÔNG CÓ TÁC DỤNG,false,Không đưa vào bảng phẳng. Sửa nguồn cũng vô ích vì sửa xong vẫn không nói được gì về nhu cầu.
bảng phẳng,true,panel_mt,promo_days,số,đặc trưng,0.521,33.0,,false,,,0.0636,,KHÔNG CẦN THIẾT,ĐO ĐƯỢC,U5 nhãn viết cách khác,5/8 thước đo xếp vào nửa trên; hồ sơ dữ liệu kết luận BỎ,ĐỦ,—,Không vướng cổng nào.,BỎ,KHÔNG CÓ TÁC DỤNG,false,Không đưa vào bảng phẳng. Sửa nguồn cũng vô ích vì sửa xong vẫn không nói được gì về nhu cầu.
lược đồ dwh,false,dim_site_domains,updated_at,phân loại,cột kỹ thuật — không phải đặc trưng,0.0,2.0,1.46,false,,,0.0623,gần như một giá trị — ít dùng được,KHÔNG CẦN THIẾT,ĐO ĐƯỢC,U2 Gần như chỉ một giá trị,"Entropy đo được gần 0: hầu hết dòng mang cùng một giá trị, phần khác biệt quá mỏng để mô hình tách được tín hiệu.",ĐỦ,—,Không vướng cổng nào.,,KHÔNG CÓ TÁC DỤNG,false,Không đưa vào bảng phẳng. Sửa nguồn cũng vô ích vì sửa xong vẫn không nói được gì về nhu cầu.
lược đồ dwh,false,dim_stores,account_status,phân loại,đặc trưng,89.038,2.0,0.006,false,,,0.0616,gần như một giá trị — ít dùng được,KHÔNG CẦN THIẾT,ĐO ĐƯỢC,U2 Gần như chỉ một giá trị,"Entropy đo được gần 0: hầu hết dòng mang cùng một giá trị, phần khác biệt quá mỏng để mô hình tách được tín hiệu.",ĐỦ,—,Không vướng cổng nào.,DÙNG,KHÔNG CÓ TÁC DỤNG,false,Không đưa vào bảng phẳng. Sửa nguồn cũng vô ích vì sửa xong vẫn không nói được gì về nhu cầu.
lược đồ dwh,true,fact_order_lines,asm_employee_id,số,khoá ngoại — dùng như biến phân loại,92.324,38.0,0.167,false,0.0,0.0,0.0615,gần như một giá trị — ít dùng được,KHÔNG CẦN THIẾT,ĐO ĐƯỢC,U2 Gần như chỉ một giá trị,"Entropy đo được gần 0: hầu hết dòng mang cùng một giá trị, phần khác biệt quá mỏng để mô hình tách được tín hiệu.",ĐỦ,—,Không vướng cổng nào.,,KHÔNG CÓ TÁC DỤNG,false,Không đưa vào bảng phẳng. Sửa nguồn cũng vô ích vì sửa xong vẫn không nói được gì về nhu cầu.
lược đồ dwh,false,dim_sub_inventories,valid_to,phân loại,cột kỹ thuật — không phải đặc trưng,62.234,4.0,5.634,false,,,0.0603,gần như một giá trị — ít dùng được,KHÔNG CẦN THIẾT,ĐO ĐƯỢC,U2 Gần như chỉ một giá trị,"Entropy đo được gần 0: hầu hết dòng mang cùng một giá trị, phần khác biệt quá mỏng để mô hình tách được tín hiệu.",ĐỦ,—,Không vướng cổng nào.,,KHÔNG CÓ TÁC DỤNG,false,Không đưa vào bảng phẳng. Sửa nguồn cũng vô ích vì sửa xong vẫn không nói được gì về nhu cầu.
bảng phẳng,true,panel_mt,avg_days_to_delivery,số,đặc trưng,93.686,645.0,,false,,,0.0589,,KHÔNG CẦN THIẾT,ĐO ĐƯỢC,U6 đóng góp đo được thấp,1/8 thước đo xếp vào nửa trên,ĐỦ,—,Không vướng cổng nào.,CHUYỂN THÀNH LAG,KHÔNG CÓ TÁC DỤNG,false,Không đưa vào bảng phẳng. Sửa nguồn cũng vô ích vì sửa xong vẫn không nói được gì về nhu cầu.
bảng phẳng,true,panel_mt,peak_tmax,số,đặc trưng,0.088,164.0,,false,,,0.0558,,KHÔNG CẦN THIẾT,ĐO ĐƯỢC,U5 nhãn viết cách khác,3/8 thước đo xếp vào nửa trên; hồ sơ dữ liệu kết luận BỎ,ĐỦ,—,Không vướng cổng nào.,BỎ,KHÔNG CÓ TÁC DỤNG,false,Không đưa vào bảng phẳng. Sửa nguồn cũng vô ích vì sửa xong vẫn không nói được gì về nhu cầu.
lược đồ dwh,false,dim_locators,is_from_master,phân loại,đặc trưng,0.0,2.0,0.635,false,,,0.0555,gần như một giá trị — ít dùng được,KHÔNG CẦN THIẾT,ĐO ĐƯỢC,U2 Gần như chỉ một giá trị,"Entropy đo được gần 0: hầu hết dòng mang cùng một giá trị, phần khác biệt quá mỏng để mô hình tách được tín hiệu.",ĐỦ,—,Không vướng cổng nào.,,KHÔNG CÓ TÁC DỤNG,false,Không đưa vào bảng phẳng. Sửa nguồn cũng vô ích vì sửa xong vẫn không nói được gì về nhu cầu.
lược đồ dwh,false,dim_stores,distributor_id,số,khoá ngoại — dùng như biến phân loại,93.925,26.0,0.142,false,0.0,,0.0518,gần như một giá trị — ít dùng được,KHÔNG CẦN THIẾT,ĐO ĐƯỢC,U2 Gần như chỉ một giá trị,"Entropy đo được gần 0: hầu hết dòng mang cùng một giá trị, phần khác biệt quá mỏng để mô hình tách được tín hiệu.",ĐỦ,—,Không vướng cổng nào.,,KHÔNG CÓ TÁC DỤNG,false,Không đưa vào bảng phẳng. Sửa nguồn cũng vô ích vì sửa xong vẫn không nói được gì về nhu cầu.
lược đồ dwh,true,fact_asset_inventory,warehouse_key,số,khoá ngoại — dùng như biến phân loại,92.859,8.0,0.555,false,0.0,0.0,0.051,gần như một giá trị — ít dùng được,KHÔNG CẦN THIẾT,ĐO ĐƯỢC,U2 Gần như chỉ một giá trị,"Entropy đo được gần 0: hầu hết dòng mang cùng một giá trị, phần khác biệt quá mỏng để mô hình tách được tín hiệu.",ĐỦ,—,Không vướng cổng nào.,,KHÔNG CÓ TÁC DỤNG,false,Không đưa vào bảng phẳng. Sửa nguồn cũng vô ích vì sửa xong vẫn không nói được gì về nhu cầu.
lược đồ dwh,false,dim_price_lists,is_current,phân loại,cột kỹ thuật — không phải đặc trưng,0.0,2.0,0.549,false,,,0.0492,gần như một giá trị — ít dùng được,KHÔNG CẦN THIẾT,ĐO ĐƯỢC,U2 Gần như chỉ một giá trị,"Entropy đo được gần 0: hầu hết dòng mang cùng một giá trị, phần khác biệt quá mỏng để mô hình tách được tín hiệu.",ĐỦ,—,Không vướng cổng nào.,,KHÔNG CÓ TÁC DỤNG,false,Không đưa vào bảng phẳng. Sửa nguồn cũng vô ích vì sửa xong vẫn không nói được gì về nhu cầu.
lược đồ dwh,false,dim_locators,created_at,phân loại,cột kỹ thuật — không phải đặc trưng,0.0,4.0,1.27,false,,,0.0464,gần như một giá trị — ít dùng được,KHÔNG CẦN THIẾT,ĐO ĐƯỢC,U2 Gần như chỉ một giá trị,"Entropy đo được gần 0: hầu hết dòng mang cùng một giá trị, phần khác biệt quá mỏng để mô hình tách được tín hiệu.",ĐỦ,—,Không vướng cổng nào.,,KHÔNG CÓ TÁC DỤNG,false,Không đưa vào bảng phẳng. Sửa nguồn cũng vô ích vì sửa xong vẫn không nói được gì về nhu cầu.
lược đồ dwh,false,dim_products,tax_rate,số,đặc trưng,50.138,4.0,0.315,false,,,0.0462,gần như một giá trị — ít dùng được,KHÔNG CẦN THIẾT,ĐO ĐƯỢC,U2 Gần như chỉ một giá trị,"Entropy đo được gần 0: hầu hết dòng mang cùng một giá trị, phần khác biệt quá mỏng để mô hình tách được tín hiệu.",ĐỦ,—,Không vướng cổng nào.,DÙNG,KHÔNG CÓ TÁC DỤNG,false,Không đưa vào bảng phẳng. Sửa nguồn cũng vô ích vì sửa xong vẫn không nói được gì về nhu cầu.
lược đồ dwh,false,dim_products,tax_code,phân loại,khoá ngoại — dùng như biến phân loại,50.138,4.0,0.315,false,,,0.0444,gần như một giá trị — ít dùng được,KHÔNG CẦN THIẾT,ĐO ĐƯỢC,U2 Gần như chỉ một giá trị,"Entropy đo được gần 0: hầu hết dòng mang cùng một giá trị, phần khác biệt quá mỏng để mô hình tách được tín hiệu.",ĐỦ,—,Không vướng cổng nào.,,KHÔNG CÓ TÁC DỤNG,false,Không đưa vào bảng phẳng. Sửa nguồn cũng vô ích vì sửa xong vẫn không nói được gì về nhu cầu.
lược đồ dwh,true,fact_order_lines,delivery_days_sla,số,đặc trưng,93.835,46.0,0.251,false,,0.0,0.0414,gần như một giá trị — ít dùng được,KHÔNG CẦN THIẾT,ĐO ĐƯỢC,U2 Gần như chỉ một giá trị,"Entropy đo được gần 0: hầu hết dòng mang cùng một giá trị, phần khác biệt quá mỏng để mô hình tách được tín hiệu.",ĐỦ,—,Không vướng cổng nào.,,KHÔNG CÓ TÁC DỤNG,false,Không đưa vào bảng phẳng. Sửa nguồn cũng vô ích vì sửa xong vẫn không nói được gì về nhu cầu.
lược đồ dwh,false,zz_archive_om_orphans_20260804,order_source,phân loại,đặc trưng,0.0,2.0,0.448,false,,,0.0414,gần như một giá trị — ít dùng được,KHÔNG CẦN THIẾT,ĐO ĐƯỢC,U2 Gần như chỉ một giá trị,"Entropy đo được gần 0: hầu hết dòng mang cùng một giá trị, phần khác biệt quá mỏng để mô hình tách được tín hiệu.",ĐỦ,—,Không vướng cổng nào.,,KHÔNG CÓ TÁC DỤNG,false,Không đưa vào bảng phẳng. Sửa nguồn cũng vô ích vì sửa xong vẫn không nói được gì về nhu cầu.
lược đồ dwh,false,dim_stores,store_brand_code,phân loại,khoá ngoại — dùng như biến phân loại,91.306,48.0,0.183,false,,,0.0404,gần như một giá trị — ít dùng được,KHÔNG CẦN THIẾT,ĐO ĐƯỢC,U2 Gần như chỉ một giá trị,"Entropy đo được gần 0: hầu hết dòng mang cùng một giá trị, phần khác biệt quá mỏng để mô hình tách được tín hiệu.",ĐỦ,—,Không vướng cổng nào.,DÙNG,KHÔNG CÓ TÁC DỤNG,false,Không đưa vào bảng phẳng. Sửa nguồn cũng vô ích vì sửa xong vẫn không nói được gì về nhu cầu.
lược đồ dwh,true,fact_asset_inventory,created_at,phân loại,cột kỹ thuật — không phải đặc trưng,0.0,13.0,0.064,false,,0.0,0.0403,gần như một giá trị — ít dùng được,KHÔNG CẦN THIẾT,ĐO ĐƯỢC,U2 Gần như chỉ một giá trị,"Entropy đo được gần 0: hầu hết dòng mang cùng một giá trị, phần khác biệt quá mỏng để mô hình tách được tín hiệu.",ĐỦ,—,Không vướng cổng nào.,,KHÔNG CÓ TÁC DỤNG,false,Không đưa vào bảng phẳng. Sửa nguồn cũng vô ích vì sửa xong vẫn không nói được gì về nhu cầu.
bảng phẳng,true,panel_mt,shelf_life,số,đặc trưng,0.003,11.0,,false,,,0.0401,,KHÔNG CẦN THIẾT,ĐO ĐƯỢC,U6 đóng góp đo được thấp,0/8 thước đo xếp vào nửa trên,ĐỦ,—,Không vướng cổng nào.,DÙNG,KHÔNG CÓ TÁC DỤNG,false,Không đưa vào bảng phẳng. Sửa nguồn cũng vô ích vì sửa xong vẫn không nói được gì về nhu cầu.
lược đồ dwh,true,fact_promo_budget_available,row_type,phân loại,đặc trưng,0.0,2.0,0.001,false,,0.0,0.04,gần như một giá trị — ít dùng được,KHÔNG CẦN THIẾT,ĐO ĐƯỢC,U2 Gần như chỉ một giá trị,"Entropy đo được gần 0: hầu hết dòng mang cùng một giá trị, phần khác biệt quá mỏng để mô hình tách được tín hiệu.",ĐỦ,—,Không vướng cổng nào.,,KHÔNG CÓ TÁC DỤNG,false,Không đưa vào bảng phẳng. Sửa nguồn cũng vô ích vì sửa xong vẫn không nói được gì về nhu cầu.
lược đồ dwh,false,dim_delivery_status,source_refs,phân loại,cột kỹ thuật — không phải đặc trưng,94.175,,,false,,,0.0379,gần như một giá trị — ít dùng được,KHÔNG CẦN THIẾT,ĐO ĐƯỢC,U1 Hằng số hoặc rỗng,"Phương sai bằng 0 nên thông tin tương hỗ với BẤT KỲ nhãn nào cũng bằng 0. Hệ quả toán học, không phải ngưỡng vận hành.",ĐỦ,—,Không vướng cổng nào.,,KHÔNG CÓ TÁC DỤNG,false,Không đưa vào bảng phẳng. Sửa nguồn cũng vô ích vì sửa xong vẫn không nói được gì về nhu cầu.
bảng phẳng,true,panel_mt,avg_work_minutes,số,đặc trưng,57.185,14404.0,,false,,,0.0371,,KHÔNG CẦN THIẾT,ĐO ĐƯỢC,U6 đóng góp đo được thấp,0/8 thước đo xếp vào nửa trên,ĐỦ,—,Không vướng cổng nào.,CHUYỂN THÀNH LAG,KHÔNG CÓ TÁC DỤNG,false,Không đưa vào bảng phẳng. Sửa nguồn cũng vô ích vì sửa xong vẫn không nói được gì về nhu cầu.
lược đồ dwh,true,fact_order_status_timeline,cancelled_at,phân loại,thời gian — dẫn xuất đặc trưng,93.625,7266.0,37.628,false,,0.0,0.0362,gần như một giá trị — ít dùng được,KHÔNG CẦN THIẾT,ĐO ĐƯỢC,U2 Gần như chỉ một giá trị,"Entropy đo được gần 0: hầu hết dòng mang cùng một giá trị, phần khác biệt quá mỏng để mô hình tách được tín hiệu.",ĐỦ,—,Không vướng cổng nào.,,KHÔNG CÓ TÁC DỤNG,false,Không đưa vào bảng phẳng. Sửa nguồn cũng vô ích vì sửa xong vẫn không nói được gì về nhu cầu.
lược đồ dwh,false,dim_categories,valid_from,phân loại,cột kỹ thuật — không phải đặc trưng,0.0,2.0,0.722,false,,,0.0345,gần như một giá trị — ít dùng được,KHÔNG CẦN THIẾT,ĐO ĐƯỢC,U2 Gần như chỉ một giá trị,"Entropy đo được gần 0: hầu hết dòng mang cùng một giá trị, phần khác biệt quá mỏng để mô hình tách được tín hiệu.",ĐỦ,—,Không vướng cổng nào.,,KHÔNG CÓ TÁC DỤNG,false,Không đưa vào bảng phẳng. Sửa nguồn cũng vô ích vì sửa xong vẫn không nói được gì về nhu cầu.
lược đồ dwh,false,dim_categories,created_at,phân loại,cột kỹ thuật — không phải đặc trưng,0.0,2.0,0.722,false,,,0.0345,gần như một giá trị — ít dùng được,KHÔNG CẦN THIẾT,ĐO ĐƯỢC,U2 Gần như chỉ một giá trị,"Entropy đo được gần 0: hầu hết dòng mang cùng một giá trị, phần khác biệt quá mỏng để mô hình tách được tín hiệu.",ĐỦ,—,Không vướng cổng nào.,,KHÔNG CÓ TÁC DỤNG,false,Không đưa vào bảng phẳng. Sửa nguồn cũng vô ích vì sửa xong vẫn không nói được gì về nhu cầu.
lược đồ dwh,false,dim_categories,updated_at,phân loại,cột kỹ thuật — không phải đặc trưng,0.0,2.0,0.722,false,,,0.0345,gần như một giá trị — ít dùng được,KHÔNG CẦN THIẾT,ĐO ĐƯỢC,U2 Gần như chỉ một giá trị,"Entropy đo được gần 0: hầu hết dòng mang cùng một giá trị, phần khác biệt quá mỏng để mô hình tách được tín hiệu.",ĐỦ,—,Không vướng cổng nào.,,KHÔNG CÓ TÁC DỤNG,false,Không đưa vào bảng phẳng. Sửa nguồn cũng vô ích vì sửa xong vẫn không nói được gì về nhu cầu.
bảng phẳng,true,panel_mt,promo_has_free_goods,số,đặc trưng,0.521,3.0,,false,,,0.034,,KHÔNG CẦN THIẾT,ĐO ĐƯỢC,U6 đóng góp đo được thấp,2/8 thước đo xếp vào nửa trên,ĐỦ,—,Không vướng cổng nào.,DÙNG,KHÔNG CÓ TÁC DỤNG,false,Không đưa vào bảng phẳng. Sửa nguồn cũng vô ích vì sửa xong vẫn không nói được gì về nhu cầu.
lược đồ dwh,false,dim_distributors,valid_from,phân loại,cột kỹ thuật — không phải đặc trưng,0.0,4.0,4.494,false,,,0.0337,gần như một giá trị — ít dùng được,KHÔNG CẦN THIẾT,ĐO ĐƯỢC,U2 Gần như chỉ một giá trị,"Entropy đo được gần 0: hầu hết dòng mang cùng một giá trị, phần khác biệt quá mỏng để mô hình tách được tín hiệu.",ĐỦ,—,Không vướng cổng nào.,,KHÔNG CÓ TÁC DỤNG,false,Không đưa vào bảng phẳng. Sửa nguồn cũng vô ích vì sửa xong vẫn không nói được gì về nhu cầu.
lược đồ dwh,false,dim_locators,updated_at,phân loại,cột kỹ thuật — không phải đặc trưng,0.0,2.0,0.635,false,,,0.0309,gần như một giá trị — ít dùng được,KHÔNG CẦN THIẾT,ĐO ĐƯỢC,U2 Gần như chỉ một giá trị,"Entropy đo được gần 0: hầu hết dòng mang cùng một giá trị, phần khác biệt quá mỏng để mô hình tách được tín hiệu.",ĐỦ,—,Không vướng cổng nào.,,KHÔNG CÓ TÁC DỤNG,false,Không đưa vào bảng phẳng. Sửa nguồn cũng vô ích vì sửa xong vẫn không nói được gì về nhu cầu.
bảng phẳng,true,panel_mt,avg_travel_km,số,đặc trưng,55.859,6871.0,,false,,,0.0297,,KHÔNG CẦN THIẾT,ĐO ĐƯỢC,U6 đóng góp đo được thấp,0/8 thước đo xếp vào nửa trên,ĐỦ,—,Không vướng cổng nào.,CHUYỂN THÀNH LAG,KHÔNG CÓ TÁC DỤNG,false,Không đưa vào bảng phẳng. Sửa nguồn cũng vô ích vì sửa xong vẫn không nói được gì về nhu cầu.
bảng phẳng,true,panel_mt,rain_days,số,đặc trưng,0.088,31.0,,false,,,0.0291,,KHÔNG CẦN THIẾT,ĐO ĐƯỢC,U6 đóng góp đo được thấp,1/8 thước đo xếp vào nửa trên,ĐỦ,—,Không vướng cổng nào.,DÙNG,KHÔNG CÓ TÁC DỤNG,false,Không đưa vào bảng phẳng. Sửa nguồn cũng vô ích vì sửa xong vẫn không nói được gì về nhu cầu.
bảng phẳng,true,panel_mt,avg_travel_minutes,số,đặc trưng,55.859,9283.0,,false,,,0.0282,,KHÔNG CẦN THIẾT,ĐO ĐƯỢC,U6 đóng góp đo được thấp,0/8 thước đo xếp vào nửa trên,ĐỦ,—,Không vướng cổng nào.,CHUYỂN THÀNH LAG,KHÔNG CÓ TÁC DỤNG,false,Không đưa vào bảng phẳng. Sửa nguồn cũng vô ích vì sửa xong vẫn không nói được gì về nhu cầu.
lược đồ dwh,true,fact_order_lines,erp_status,phân loại,đặc trưng,89.269,9.0,0.028,false,,0.0,0.0276,gần như một giá trị — ít dùng được,KHÔNG CẦN THIẾT,ĐO ĐƯỢC,U2 Gần như chỉ một giá trị,"Entropy đo được gần 0: hầu hết dòng mang cùng một giá trị, phần khác biệt quá mỏng để mô hình tách được tín hiệu.",ĐỦ,—,Không vướng cổng nào.,,KHÔNG CÓ TÁC DỤNG,false,Không đưa vào bảng phẳng. Sửa nguồn cũng vô ích vì sửa xong vẫn không nói được gì về nhu cầu.
lược đồ dwh,false,dim_price_lists,currency,phân loại,đặc trưng,0.549,2.0,0.552,false,,,0.0273,gần như một giá trị — ít dùng được,KHÔNG CẦN THIẾT,ĐO ĐƯỢC,U2 Gần như chỉ một giá trị,"Entropy đo được gần 0: hầu hết dòng mang cùng một giá trị, phần khác biệt quá mỏng để mô hình tách được tín hiệu.",ĐỦ,—,Không vướng cổng nào.,,KHÔNG CÓ TÁC DỤNG,false,Không đưa vào bảng phẳng. Sửa nguồn cũng vô ích vì sửa xong vẫn không nói được gì về nhu cầu.
bảng phẳng,true,panel_mt,discount_pct_stddev,số,đặc trưng,65.624,576.0,,false,,,0.0268,,KHÔNG CẦN THIẾT,ĐO ĐƯỢC,U5 nhãn viết cách khác,1/8 thước đo xếp vào nửa trên; hồ sơ dữ liệu kết luận BỎ,ĐỦ,—,Không vướng cổng nào.,BỎ,KHÔNG CÓ TÁC DỤNG,false,Không đưa vào bảng phẳng. Sửa nguồn cũng vô ích vì sửa xong vẫn không nói được gì về nhu cầu.
lược đồ dwh,false,dim_stores,group_code,phân loại,khoá ngoại — dùng như biến phân loại,0.0,2.0,0.001,false,,,0.0181,gần như một giá trị — ít dùng được,KHÔNG CẦN THIẾT,ĐO ĐƯỢC,U2 Gần như chỉ một giá trị,"Entropy đo được gần 0: hầu hết dòng mang cùng một giá trị, phần khác biệt quá mỏng để mô hình tách được tín hiệu.",ĐỦ,—,Không vướng cổng nào.,,KHÔNG CÓ TÁC DỤNG,false,Không đưa vào bảng phẳng. Sửa nguồn cũng vô ích vì sửa xong vẫn không nói được gì về nhu cầu.
bảng phẳng,true,panel_mt,visit_days,số,đặc trưng,0.0,30.0,,false,,,0.0161,,KHÔNG CẦN THIẾT,ĐO ĐƯỢC,U6 đóng góp đo được thấp,0/8 thước đo xếp vào nửa trên,ĐỦ,—,Không vướng cổng nào.,CHUYỂN THÀNH LAG,KHÔNG CÓ TÁC DỤNG,false,Không đưa vào bảng phẳng. Sửa nguồn cũng vô ích vì sửa xong vẫn không nói được gì về nhu cầu.
bảng phẳng,true,panel_mt,freezer_count,số,đặc trưng,0.0,8.0,,false,,,0.0152,,KHÔNG CẦN THIẾT,ĐO ĐƯỢC,U6 đóng góp đo được thấp,2/8 thước đo xếp vào nửa trên,ĐỦ,—,Không vướng cổng nào.,DÙNG,KHÔNG CÓ TÁC DỤNG,false,Không đưa vào bảng phẳng. Sửa nguồn cũng vô ích vì sửa xong vẫn không nói được gì về nhu cầu.
bảng phẳng,true,panel_mt,planned_visit_days,số,đặc trưng,55.859,30.0,,false,,,0.0138,,KHÔNG CẦN THIẾT,ĐO ĐƯỢC,U6 đóng góp đo được thấp,0/8 thước đo xếp vào nửa trên,ĐỦ,—,Không vướng cổng nào.,DÙNG,KHÔNG CÓ TÁC DỤNG,false,Không đưa vào bảng phẳng. Sửa nguồn cũng vô ích vì sửa xong vẫn không nói được gì về nhu cầu.
bảng phẳng,true,panel_mt,promo_has_gift,số,đặc trưng,0.521,3.0,,false,,,0.0098,,KHÔNG CẦN THIẾT,ĐO ĐƯỢC,U6 đóng góp đo được thấp,0/8 thước đo xếp vào nửa trên,ĐỦ,—,Không vướng cổng nào.,DÙNG,KHÔNG CÓ TÁC DỤNG,false,Không đưa vào bảng phẳng. Sửa nguồn cũng vô ích vì sửa xong vẫn không nói được gì về nhu cầu.
lược đồ dwh,false,dim_employees,valid_from,phân loại,cột kỹ thuật — không phải đặc trưng,0.0,15.0,0.224,false,,,0.0094,gần như một giá trị — ít dùng được,KHÔNG CẦN THIẾT,ĐO ĐƯỢC,U2 Gần như chỉ một giá trị,"Entropy đo được gần 0: hầu hết dòng mang cùng một giá trị, phần khác biệt quá mỏng để mô hình tách được tín hiệu.",ĐỦ,—,Không vướng cổng nào.,,KHÔNG CÓ TÁC DỤNG,false,Không đưa vào bảng phẳng. Sửa nguồn cũng vô ích vì sửa xong vẫn không nói được gì về nhu cầu.
lược đồ dwh,true,fact_weather_forecast,updated_at,phân loại,cột kỹ thuật — không phải đặc trưng,0.0,82.0,0.053,false,,-15.0,0.008,gần như một giá trị — ít dùng được,KHÔNG CẦN THIẾT,ĐO ĐƯỢC,U2 Gần như chỉ một giá trị,"Entropy đo được gần 0: hầu hết dòng mang cùng một giá trị, phần khác biệt quá mỏng để mô hình tách được tín hiệu.",ĐỦ,—,Không vướng cổng nào.,,KHÔNG CÓ TÁC DỤNG,false,Không đưa vào bảng phẳng. Sửa nguồn cũng vô ích vì sửa xong vẫn không nói được gì về nhu cầu.
lược đồ dwh,true,fact_order_lines,is_erp_deleted,phân loại,đặc trưng,0.0,2.0,0.001,false,,0.0,0.0078,gần như một giá trị — ít dùng được,KHÔNG CẦN THIẾT,ĐO ĐƯỢC,U2 Gần như chỉ một giá trị,"Entropy đo được gần 0: hầu hết dòng mang cùng một giá trị, phần khác biệt quá mỏng để mô hình tách được tín hiệu.",ĐỦ,—,Không vướng cổng nào.,,KHÔNG CÓ TÁC DỤNG,false,Không đưa vào bảng phẳng. Sửa nguồn cũng vô ích vì sửa xong vẫn không nói được gì về nhu cầu.
lược đồ dwh,false,dim_shippers,is_current,phân loại,cột kỹ thuật — không phải đặc trưng,0.0,2.0,0.003,false,,,0.0073,gần như một giá trị — ít dùng được,KHÔNG CẦN THIẾT,ĐO ĐƯỢC,U2 Gần như chỉ một giá trị,"Entropy đo được gần 0: hầu hết dòng mang cùng một giá trị, phần khác biệt quá mỏng để mô hình tách được tín hiệu.",ĐỦ,—,Không vướng cổng nào.,,KHÔNG CÓ TÁC DỤNG,false,Không đưa vào bảng phẳng. Sửa nguồn cũng vô ích vì sửa xong vẫn không nói được gì về nhu cầu.
bảng phẳng,true,panel_mt,working_days,số,đặc trưng,0.0,4.0,,false,,,0.0073,,KHÔNG CẦN THIẾT,ĐO ĐƯỢC,U6 đóng góp đo được thấp,1/8 thước đo xếp vào nửa trên,ĐỦ,—,Không vướng cổng nào.,DÙNG,KHÔNG CÓ TÁC DỤNG,false,Không đưa vào bảng phẳng. Sửa nguồn cũng vô ích vì sửa xong vẫn không nói được gì về nhu cầu.
bảng phẳng,true,panel_mt,in_stock_days,số,đặc trưng,0.0,32.0,,false,,,0.0067,,KHÔNG CẦN THIẾT,ĐO ĐƯỢC,U6 đóng góp đo được thấp,0/8 thước đo xếp vào nửa trên,ĐỦ,—,Không vướng cổng nào.,CHUYỂN THÀNH LAG,KHÔNG CÓ TÁC DỤNG,false,Không đưa vào bảng phẳng. Sửa nguồn cũng vô ích vì sửa xong vẫn không nói được gì về nhu cầu.
lược đồ dwh,true,fact_weather_forecast,created_at,phân loại,cột kỹ thuật — không phải đặc trưng,0.0,79.0,0.051,false,,-15.0,0.0056,gần như một giá trị — ít dùng được,KHÔNG CẦN THIẾT,ĐO ĐƯỢC,U2 Gần như chỉ một giá trị,"Entropy đo được gần 0: hầu hết dòng mang cùng một giá trị, phần khác biệt quá mỏng để mô hình tách được tín hiệu.",ĐỦ,—,Không vướng cổng nào.,,KHÔNG CÓ TÁC DỤNG,false,Không đưa vào bảng phẳng. Sửa nguồn cũng vô ích vì sửa xong vẫn không nói được gì về nhu cầu.
bảng phẳng,true,panel_mt,stock_tracked_days,số,đặc trưng,0.0,30.0,,false,,,0.0049,,KHÔNG CẦN THIẾT,ĐO ĐƯỢC,U6 đóng góp đo được thấp,1/8 thước đo xếp vào nửa trên,ĐỦ,—,Không vướng cổng nào.,CHUYỂN THÀNH LAG,KHÔNG CÓ TÁC DỤNG,false,Không đưa vào bảng phẳng. Sửa nguồn cũng vô ích vì sửa xong vẫn không nói được gì về nhu cầu.
bảng phẳng,true,panel_mt,calendar_days,số,đặc trưng,0.0,3.0,,false,,,0.0046,,KHÔNG CẦN THIẾT,ĐO ĐƯỢC,U6 đóng góp đo được thấp,0/8 thước đo xếp vào nửa trên,ĐỦ,—,Không vướng cổng nào.,DÙNG,KHÔNG CÓ TÁC DỤNG,false,Không đưa vào bảng phẳng. Sửa nguồn cũng vô ích vì sửa xong vẫn không nói được gì về nhu cầu.
bảng phẳng,true,panel_mt,has_stock_data,số,đặc trưng,0.0,2.0,,false,,,0.0038,,KHÔNG CẦN THIẾT,ĐO ĐƯỢC,U6 đóng góp đo được thấp,2/8 thước đo xếp vào nửa trên,ĐỦ,—,Không vướng cổng nào.,CHUYỂN THÀNH LAG,KHÔNG CÓ TÁC DỤNG,false,Không đưa vào bảng phẳng. Sửa nguồn cũng vô ích vì sửa xong vẫn không nói được gì về nhu cầu.
bảng phẳng,true,panel_mt,promo_has_price_cut,số,đặc trưng,0.521,3.0,,false,,,0.0038,,KHÔNG CẦN THIẾT,ĐO ĐƯỢC,U6 đóng góp đo được thấp,0/8 thước đo xếp vào nửa trên,ĐỦ,—,Không vướng cổng nào.,DÙNG,KHÔNG CÓ TÁC DỤNG,false,Không đưa vào bảng phẳng. Sửa nguồn cũng vô ích vì sửa xong vẫn không nói được gì về nhu cầu.
lược đồ dwh,false,dim_employees,sales_channel,phân loại,đặc trưng,88.909,2.0,0.269,false,,,0.003,gần như một giá trị — ít dùng được,KHÔNG CẦN THIẾT,ĐO ĐƯỢC,U2 Gần như chỉ một giá trị,"Entropy đo được gần 0: hầu hết dòng mang cùng một giá trị, phần khác biệt quá mỏng để mô hình tách được tín hiệu.",ĐỦ,—,Không vướng cổng nào.,,KHÔNG CÓ TÁC DỤNG,false,Không đưa vào bảng phẳng. Sửa nguồn cũng vô ích vì sửa xong vẫn không nói được gì về nhu cầu.
lược đồ dwh,false,dim_employees,group_code,phân loại,khoá ngoại — dùng như biến phân loại,0.0,2.0,0.03,false,,,0.0021,gần như một giá trị — ít dùng được,KHÔNG CẦN THIẾT,ĐO ĐƯỢC,U2 Gần như chỉ một giá trị,"Entropy đo được gần 0: hầu hết dòng mang cùng một giá trị, phần khác biệt quá mỏng để mô hình tách được tín hiệu.",ĐỦ,—,Không vướng cổng nào.,,KHÔNG CÓ TÁC DỤNG,false,Không đưa vào bảng phẳng. Sửa nguồn cũng vô ích vì sửa xong vẫn không nói được gì về nhu cầu.
lược đồ dwh,false,dim_stores,valid_from,phân loại,cột kỹ thuật — không phải đặc trưng,0.0,295.0,0.098,false,,,0.0017,gần như một giá trị — ít dùng được,KHÔNG CẦN THIẾT,ĐO ĐƯỢC,U2 Gần như chỉ một giá trị,"Entropy đo được gần 0: hầu hết dòng mang cùng một giá trị, phần khác biệt quá mỏng để mô hình tách được tín hiệu.",ĐỦ,—,Không vướng cổng nào.,,KHÔNG CÓ TÁC DỤNG,false,Không đưa vào bảng phẳng. Sửa nguồn cũng vô ích vì sửa xong vẫn không nói được gì về nhu cầu.
bảng phẳng,true,panel_mt,visit_compliance_rate,số,đặc trưng,55.859,91.0,,false,,,0.0016,,KHÔNG CẦN THIẾT,ĐO ĐƯỢC,U6 đóng góp đo được thấp,0/8 thước đo xếp vào nửa trên,ĐỦ,—,Không vướng cổng nào.,CHUYỂN THÀNH LAG,KHÔNG CÓ TÁC DỤNG,false,Không đưa vào bảng phẳng. Sửa nguồn cũng vô ích vì sửa xong vẫn không nói được gì về nhu cầu.
lược đồ dwh,true,fact_order_fulfillment,is_erp_deleted,phân loại,đặc trưng,0.0,2.0,0.001,false,,0.0,0.0015,gần như một giá trị — ít dùng được,KHÔNG CẦN THIẾT,ĐO ĐƯỢC,U2 Gần như chỉ một giá trị,"Entropy đo được gần 0: hầu hết dòng mang cùng một giá trị, phần khác biệt quá mỏng để mô hình tách được tín hiệu.",ĐỦ,—,Không vướng cổng nào.,,KHÔNG CÓ TÁC DỤNG,false,Không đưa vào bảng phẳng. Sửa nguồn cũng vô ích vì sửa xong vẫn không nói được gì về nhu cầu.
bảng phẳng,true,panel_mt,has_promo_data,số,đặc trưng,0.035,3.0,,false,,,0.0012,,KHÔNG CẦN THIẾT,ĐO ĐƯỢC,U6 đóng góp đo được thấp,0/8 thước đo xếp vào nửa trên,ĐỦ,—,Không vướng cổng nào.,DÙNG,KHÔNG CÓ TÁC DỤNG,false,Không đưa vào bảng phẳng. Sửa nguồn cũng vô ích vì sửa xong vẫn không nói được gì về nhu cầu.
lược đồ dwh,false,dim_assets,source_refs,phân loại,cột kỹ thuật — không phải đặc trưng,0.0,,,false,,,0.0008,gần như một giá trị — ít dùng được,KHÔNG CẦN THIẾT,ĐO ĐƯỢC,U1 Hằng số hoặc rỗng,"Phương sai bằng 0 nên thông tin tương hỗ với BẤT KỲ nhãn nào cũng bằng 0. Hệ quả toán học, không phải ngưỡng vận hành.",ĐỦ,—,Không vướng cổng nào.,,KHÔNG CÓ TÁC DỤNG,false,Không đưa vào bảng phẳng. Sửa nguồn cũng vô ích vì sửa xong vẫn không nói được gì về nhu cầu.
lược đồ dwh,true,fact_delivery_details,note_source,phân loại,đặc trưng,0.0,2.0,0.001,false,,-1446.0,0.0008,gần như một giá trị — ít dùng được,KHÔNG CẦN THIẾT,ĐO ĐƯỢC,U2 Gần như chỉ một giá trị,"Entropy đo được gần 0: hầu hết dòng mang cùng một giá trị, phần khác biệt quá mỏng để mô hình tách được tín hiệu.",ĐỦ,—,Không vướng cổng nào.,,KHÔNG CÓ TÁC DỤNG,false,Không đưa vào bảng phẳng. Sửa nguồn cũng vô ích vì sửa xong vẫn không nói được gì về nhu cầu.
lược đồ dwh,true,fact_delivery_details,note_type,phân loại,đặc trưng,0.0,2.0,0.001,false,,-1446.0,0.0008,gần như một giá trị — ít dùng được,KHÔNG CẦN THIẾT,ĐO ĐƯỢC,U2 Gần như chỉ một giá trị,"Entropy đo được gần 0: hầu hết dòng mang cùng một giá trị, phần khác biệt quá mỏng để mô hình tách được tín hiệu.",ĐỦ,—,Không vướng cổng nào.,,KHÔNG CÓ TÁC DỤNG,false,Không đưa vào bảng phẳng. Sửa nguồn cũng vô ích vì sửa xong vẫn không nói được gì về nhu cầu.
bảng phẳng,true,panel_mt,visiting_rep_count,số,đặc trưng,55.859,6.0,,false,,,0.0008,,KHÔNG CẦN THIẾT,ĐO ĐƯỢC,U6 đóng góp đo được thấp,0/8 thước đo xếp vào nửa trên,ĐỦ,—,Không vướng cổng nào.,CHUYỂN THÀNH LAG,KHÔNG CÓ TÁC DỤNG,false,Không đưa vào bảng phẳng. Sửa nguồn cũng vô ích vì sửa xong vẫn không nói được gì về nhu cầu.
lược đồ dwh,false,dim_account_channels,batch_id,số,BỎ — hằng số,7.874,1.0,0.855,true,,,0.0,rỗng hoặc hằng số — bỏ,KHÔNG CẦN THIẾT,ĐO ĐƯỢC,U1 Hằng số hoặc rỗng,"Phương sai bằng 0 nên thông tin tương hỗ với BẤT KỲ nhãn nào cũng bằng 0. Hệ quả toán học, không phải ngưỡng vận hành.",ĐỦ,—,Không vướng cổng nào.,,KHÔNG CÓ TÁC DỤNG,false,Không đưa vào bảng phẳng. Sửa nguồn cũng vô ích vì sửa xong vẫn không nói được gì về nhu cầu.
lược đồ dwh,false,dim_categories,batch_id,số,cột kỹ thuật — không phải đặc trưng,0.0,2.0,0.722,false,,,0.0,rỗng hoặc hằng số — bỏ,KHÔNG CẦN THIẾT,ĐO ĐƯỢC,U1 Hằng số hoặc rỗng,"Phương sai bằng 0 nên thông tin tương hỗ với BẤT KỲ nhãn nào cũng bằng 0. Hệ quả toán học, không phải ngưỡng vận hành.",ĐỦ,—,Không vướng cổng nào.,,KHÔNG CÓ TÁC DỤNG,false,Không đưa vào bảng phẳng. Sửa nguồn cũng vô ích vì sửa xong vẫn không nói được gì về nhu cầu.
lược đồ dwh,false,dim_categories,is_current,phân loại,BỎ — hằng số,0.0,1.0,0.361,true,,,0.0,rỗng hoặc hằng số — bỏ,KHÔNG CẦN THIẾT,ĐO ĐƯỢC,U1 Hằng số hoặc rỗng,"Phương sai bằng 0 nên thông tin tương hỗ với BẤT KỲ nhãn nào cũng bằng 0. Hệ quả toán học, không phải ngưỡng vận hành.",ĐỦ,—,Không vướng cổng nào.,,KHÔNG CÓ TÁC DỤNG,false,Không đưa vào bảng phẳng. Sửa nguồn cũng vô ích vì sửa xong vẫn không nói được gì về nhu cầu.
lược đồ dwh,false,dim_chains,is_active,phân loại,BỎ — hằng số,0.0,1.0,0.01,true,,,0.0,rỗng hoặc hằng số — bỏ,KHÔNG CẦN THIẾT,ĐO ĐƯỢC,U1 Hằng số hoặc rỗng,"Phương sai bằng 0 nên thông tin tương hỗ với BẤT KỲ nhãn nào cũng bằng 0. Hệ quả toán học, không phải ngưỡng vận hành.",ĐỦ,—,Không vướng cổng nào.,,KHÔNG CÓ TÁC DỤNG,false,Không đưa vào bảng phẳng. Sửa nguồn cũng vô ích vì sửa xong vẫn không nói được gì về nhu cầu.
lược đồ dwh,false,dim_chains,is_current,phân loại,BỎ — hằng số,0.0,1.0,0.01,true,,,0.0,rỗng hoặc hằng số — bỏ,KHÔNG CẦN THIẾT,ĐO ĐƯỢC,U1 Hằng số hoặc rỗng,"Phương sai bằng 0 nên thông tin tương hỗ với BẤT KỲ nhãn nào cũng bằng 0. Hệ quả toán học, không phải ngưỡng vận hành.",ĐỦ,—,Không vướng cổng nào.,,KHÔNG CÓ TÁC DỤNG,false,Không đưa vào bảng phẳng. Sửa nguồn cũng vô ích vì sửa xong vẫn không nói được gì về nhu cầu.
lược đồ dwh,false,dim_dates,created_at,phân loại,BỎ — hằng số,0.0,1.0,0.025,true,,,0.0,rỗng hoặc hằng số — bỏ,KHÔNG CẦN THIẾT,ĐO ĐƯỢC,U1 Hằng số hoặc rỗng,"Phương sai bằng 0 nên thông tin tương hỗ với BẤT KỲ nhãn nào cũng bằng 0. Hệ quả toán học, không phải ngưỡng vận hành.",ĐỦ,—,Không vướng cổng nào.,,KHÔNG CÓ TÁC DỤNG,false,Không đưa vào bảng phẳng. Sửa nguồn cũng vô ích vì sửa xong vẫn không nói được gì về nhu cầu.
lược đồ dwh,false,dim_dates,updated_at,phân loại,BỎ — hằng số,0.0,1.0,0.025,true,,,0.0,rỗng hoặc hằng số — bỏ,KHÔNG CẦN THIẾT,ĐO ĐƯỢC,U1 Hằng số hoặc rỗng,"Phương sai bằng 0 nên thông tin tương hỗ với BẤT KỲ nhãn nào cũng bằng 0. Hệ quả toán học, không phải ngưỡng vận hành.",ĐỦ,—,Không vướng cổng nào.,,KHÔNG CÓ TÁC DỤNG,false,Không đưa vào bảng phẳng. Sửa nguồn cũng vô ích vì sửa xong vẫn không nói được gì về nhu cầu.
lược đồ dwh,false,dim_delivery_status,is_mismatch,phân loại,BỎ — hằng số,38.835,1.0,1.587,true,,,0.0,rỗng hoặc hằng số — bỏ,KHÔNG CẦN THIẾT,ĐO ĐƯỢC,U1 Hằng số hoặc rỗng,"Phương sai bằng 0 nên thông tin tương hỗ với BẤT KỲ nhãn nào cũng bằng 0. Hệ quả toán học, không phải ngưỡng vận hành.",ĐỦ,—,Không vướng cổng nào.,,KHÔNG CÓ TÁC DỤNG,false,Không đưa vào bảng phẳng. Sửa nguồn cũng vô ích vì sửa xong vẫn không nói được gì về nhu cầu.
lược đồ dwh,false,dim_delivery_types,batch_id,số,BỎ — hằng số,0.0,1.0,20.0,true,,,0.0,rỗng hoặc hằng số — bỏ,KHÔNG CẦN THIẾT,ĐO ĐƯỢC,U1 Hằng số hoặc rỗng,"Phương sai bằng 0 nên thông tin tương hỗ với BẤT KỲ nhãn nào cũng bằng 0. Hệ quả toán học, không phải ngưỡng vận hành.",ĐỦ,—,Không vướng cổng nào.,,KHÔNG CÓ TÁC DỤNG,false,Không đưa vào bảng phẳng. Sửa nguồn cũng vô ích vì sửa xong vẫn không nói được gì về nhu cầu.
lược đồ dwh,false,dim_delivery_types,updated_at,phân loại,BỎ — hằng số,0.0,1.0,20.0,true,,,0.0,rỗng hoặc hằng số — bỏ,KHÔNG CẦN THIẾT,ĐO ĐƯỢC,U1 Hằng số hoặc rỗng,"Phương sai bằng 0 nên thông tin tương hỗ với BẤT KỲ nhãn nào cũng bằng 0. Hệ quả toán học, không phải ngưỡng vận hành.",ĐỦ,—,Không vướng cổng nào.,,KHÔNG CÓ TÁC DỤNG,false,Không đưa vào bảng phẳng. Sửa nguồn cũng vô ích vì sửa xong vẫn không nói được gì về nhu cầu.
lược đồ dwh,false,dim_distributors,group_code,phân loại,BỎ — hằng số,0.0,1.0,1.124,true,,,0.0,rỗng hoặc hằng số — bỏ,KHÔNG CẦN THIẾT,ĐO ĐƯỢC,U1 Hằng số hoặc rỗng,"Phương sai bằng 0 nên thông tin tương hỗ với BẤT KỲ nhãn nào cũng bằng 0. Hệ quả toán học, không phải ngưỡng vận hành.",ĐỦ,—,Không vướng cổng nào.,,KHÔNG CÓ TÁC DỤNG,false,Không đưa vào bảng phẳng. Sửa nguồn cũng vô ích vì sửa xong vẫn không nói được gì về nhu cầu.
lược đồ dwh,false,dim_employees,account_channel_id,số,khoá ngoại — dùng như biến phân loại,32.751,2.0,0.044,false,0.0,,0.0,rỗng hoặc hằng số — bỏ,KHÔNG CẦN THIẾT,ĐO ĐƯỢC,U1 Hằng số hoặc rỗng,"Phương sai bằng 0 nên thông tin tương hỗ với BẤT KỲ nhãn nào cũng bằng 0. Hệ quả toán học, không phải ngưỡng vận hành.",ĐỦ,—,Không vướng cổng nào.,,KHÔNG CÓ TÁC DỤNG,false,Không đưa vào bảng phẳng. Sửa nguồn cũng vô ích vì sửa xong vẫn không nói được gì về nhu cầu.
lược đồ dwh,false,dim_employees,is_active,phân loại,BỎ — hằng số,85.819,1.0,0.105,true,,,0.0,rỗng hoặc hằng số — bỏ,KHÔNG CẦN THIẾT,ĐO ĐƯỢC,U1 Hằng số hoặc rỗng,"Phương sai bằng 0 nên thông tin tương hỗ với BẤT KỲ nhãn nào cũng bằng 0. Hệ quả toán học, không phải ngưỡng vận hành.",ĐỦ,—,Không vướng cổng nào.,,KHÔNG CÓ TÁC DỤNG,false,Không đưa vào bảng phẳng. Sửa nguồn cũng vô ích vì sửa xong vẫn không nói được gì về nhu cầu.
lược đồ dwh,false,dim_inventory_policy,warehouse_code,—,BỎ — hằng số,,0.0,,true,,,0.0,rỗng hoặc hằng số — bỏ,KHÔNG CẦN THIẾT,ĐO ĐƯỢC,U1 Hằng số hoặc rỗng,"Phương sai bằng 0 nên thông tin tương hỗ với BẤT KỲ nhãn nào cũng bằng 0. Hệ quả toán học, không phải ngưỡng vận hành.",ĐỦ,—,Không vướng cổng nào.,,KHÔNG CÓ TÁC DỤNG,false,Không đưa vào bảng phẳng. Sửa nguồn cũng vô ích vì sửa xong vẫn không nói được gì về nhu cầu.
lược đồ dwh,false,dim_inventory_policy,brand_code,—,BỎ — hằng số,,0.0,,true,,,0.0,rỗng hoặc hằng số — bỏ,KHÔNG CẦN THIẾT,ĐO ĐƯỢC,U1 Hằng số hoặc rỗng,"Phương sai bằng 0 nên thông tin tương hỗ với BẤT KỲ nhãn nào cũng bằng 0. Hệ quả toán học, không phải ngưỡng vận hành.",ĐỦ,—,Không vướng cổng nào.,,KHÔNG CÓ TÁC DỤNG,false,Không đưa vào bảng phẳng. Sửa nguồn cũng vô ích vì sửa xong vẫn không nói được gì về nhu cầu.
lược đồ dwh,false,dim_inventory_policy,target_weeks,—,BỎ — hằng số,,0.0,,true,,,0.0,rỗng hoặc hằng số — bỏ,KHÔNG CẦN THIẾT,ĐO ĐƯỢC,U1 Hằng số hoặc rỗng,"Phương sai bằng 0 nên thông tin tương hỗ với BẤT KỲ nhãn nào cũng bằng 0. Hệ quả toán học, không phải ngưỡng vận hành.",ĐỦ,—,Không vướng cổng nào.,,KHÔNG CÓ TÁC DỤNG,false,Không đưa vào bảng phẳng. Sửa nguồn cũng vô ích vì sửa xong vẫn không nói được gì về nhu cầu.
lược đồ dwh,false,dim_inventory_policy,min_stock_qty,—,BỎ — hằng số,,0.0,,true,,,0.0,rỗng hoặc hằng số — bỏ,KHÔNG CẦN THIẾT,ĐO ĐƯỢC,U1 Hằng số hoặc rỗng,"Phương sai bằng 0 nên thông tin tương hỗ với BẤT KỲ nhãn nào cũng bằng 0. Hệ quả toán học, không phải ngưỡng vận hành.",ĐỦ,—,Không vướng cổng nào.,,KHÔNG CÓ TÁC DỤNG,false,Không đưa vào bảng phẳng. Sửa nguồn cũng vô ích vì sửa xong vẫn không nói được gì về nhu cầu.
lược đồ dwh,false,dim_inventory_policy,effective_from,—,BỎ — hằng số,,0.0,,true,,,0.0,rỗng hoặc hằng số — bỏ,KHÔNG CẦN THIẾT,ĐO ĐƯỢC,U1 Hằng số hoặc rỗng,"Phương sai bằng 0 nên thông tin tương hỗ với BẤT KỲ nhãn nào cũng bằng 0. Hệ quả toán học, không phải ngưỡng vận hành.",ĐỦ,—,Không vướng cổng nào.,,KHÔNG CÓ TÁC DỤNG,false,Không đưa vào bảng phẳng. Sửa nguồn cũng vô ích vì sửa xong vẫn không nói được gì về nhu cầu.
lược đồ dwh,false,dim_inventory_policy,effective_to,—,BỎ — hằng số,,0.0,,true,,,0.0,rỗng hoặc hằng số — bỏ,KHÔNG CẦN THIẾT,ĐO ĐƯỢC,U1 Hằng số hoặc rỗng,"Phương sai bằng 0 nên thông tin tương hỗ với BẤT KỲ nhãn nào cũng bằng 0. Hệ quả toán học, không phải ngưỡng vận hành.",ĐỦ,—,Không vướng cổng nào.,,KHÔNG CÓ TÁC DỤNG,false,Không đưa vào bảng phẳng. Sửa nguồn cũng vô ích vì sửa xong vẫn không nói được gì về nhu cầu.
lược đồ dwh,false,dim_inventory_policy,notes,—,BỎ — hằng số,,0.0,,true,,,0.0,rỗng hoặc hằng số — bỏ,KHÔNG CẦN THIẾT,ĐO ĐƯỢC,U1 Hằng số hoặc rỗng,"Phương sai bằng 0 nên thông tin tương hỗ với BẤT KỲ nhãn nào cũng bằng 0. Hệ quả toán học, không phải ngưỡng vận hành.",ĐỦ,—,Không vướng cổng nào.,,KHÔNG CÓ TÁC DỤNG,false,Không đưa vào bảng phẳng. Sửa nguồn cũng vô ích vì sửa xong vẫn không nói được gì về nhu cầu.
lược đồ dwh,false,dim_inventory_policy,id,—,BỎ — hằng số,,0.0,,true,,,0.0,rỗng hoặc hằng số — bỏ,KHÔNG CẦN THIẾT,ĐO ĐƯỢC,U1 Hằng số hoặc rỗng,"Phương sai bằng 0 nên thông tin tương hỗ với BẤT KỲ nhãn nào cũng bằng 0. Hệ quả toán học, không phải ngưỡng vận hành.",ĐỦ,—,Không vướng cổng nào.,,KHÔNG CÓ TÁC DỤNG,false,Không đưa vào bảng phẳng. Sửa nguồn cũng vô ích vì sửa xong vẫn không nói được gì về nhu cầu.
lược đồ dwh,false,dim_inventory_policy,source_refs,—,cột kỹ thuật — không phải đặc trưng,,,,false,,,0.0,rỗng hoặc hằng số — bỏ,KHÔNG CẦN THIẾT,ĐO ĐƯỢC,U1 Hằng số hoặc rỗng,"Phương sai bằng 0 nên thông tin tương hỗ với BẤT KỲ nhãn nào cũng bằng 0. Hệ quả toán học, không phải ngưỡng vận hành.",ĐỦ,—,Không vướng cổng nào.,,KHÔNG CÓ TÁC DỤNG,false,Không đưa vào bảng phẳng. Sửa nguồn cũng vô ích vì sửa xong vẫn không nói được gì về nhu cầu.
lược đồ dwh,false,dim_inventory_policy,batch_id,—,BỎ — hằng số,,0.0,,true,,,0.0,rỗng hoặc hằng số — bỏ,KHÔNG CẦN THIẾT,ĐO ĐƯỢC,U1 Hằng số hoặc rỗng,"Phương sai bằng 0 nên thông tin tương hỗ với BẤT KỲ nhãn nào cũng bằng 0. Hệ quả toán học, không phải ngưỡng vận hành.",ĐỦ,—,Không vướng cổng nào.,,KHÔNG CÓ TÁC DỤNG,false,Không đưa vào bảng phẳng. Sửa nguồn cũng vô ích vì sửa xong vẫn không nói được gì về nhu cầu.
lược đồ dwh,false,dim_inventory_policy,created_at,—,BỎ — hằng số,,0.0,,true,,,0.0,rỗng hoặc hằng số — bỏ,KHÔNG CẦN THIẾT,ĐO ĐƯỢC,U1 Hằng số hoặc rỗng,"Phương sai bằng 0 nên thông tin tương hỗ với BẤT KỲ nhãn nào cũng bằng 0. Hệ quả toán học, không phải ngưỡng vận hành.",ĐỦ,—,Không vướng cổng nào.,,KHÔNG CÓ TÁC DỤNG,false,Không đưa vào bảng phẳng. Sửa nguồn cũng vô ích vì sửa xong vẫn không nói được gì về nhu cầu.
lược đồ dwh,false,dim_inventory_policy,updated_at,—,BỎ — hằng số,,0.0,,true,,,0.0,rỗng hoặc hằng số — bỏ,KHÔNG CẦN THIẾT,ĐO ĐƯỢC,U1 Hằng số hoặc rỗng,"Phương sai bằng 0 nên thông tin tương hỗ với BẤT KỲ nhãn nào cũng bằng 0. Hệ quả toán học, không phải ngưỡng vận hành.",ĐỦ,—,Không vướng cổng nào.,,KHÔNG CÓ TÁC DỤNG,false,Không đưa vào bảng phẳng. Sửa nguồn cũng vô ích vì sửa xong vẫn không nói được gì về nhu cầu.
lược đồ dwh,false,dim_locators,batch_id,số,BỎ — hằng số,0.317,1.0,0.318,true,,,0.0,rỗng hoặc hằng số — bỏ,KHÔNG CẦN THIẾT,ĐO ĐƯỢC,U1 Hằng số hoặc rỗng,"Phương sai bằng 0 nên thông tin tương hỗ với BẤT KỲ nhãn nào cũng bằng 0. Hệ quả toán học, không phải ngưỡng vận hành.",ĐỦ,—,Không vướng cổng nào.,,KHÔNG CÓ TÁC DỤNG,false,Không đưa vào bảng phẳng. Sửa nguồn cũng vô ích vì sửa xong vẫn không nói được gì về nhu cầu.
lược đồ dwh,false,dim_product_prices,batch_id,số,BỎ — hằng số,0.0,1.0,0.011,true,,,0.0,rỗng hoặc hằng số — bỏ,KHÔNG CẦN THIẾT,ĐO ĐƯỢC,U1 Hằng số hoặc rỗng,"Phương sai bằng 0 nên thông tin tương hỗ với BẤT KỲ nhãn nào cũng bằng 0. Hệ quả toán học, không phải ngưỡng vận hành.",ĐỦ,—,Không vướng cổng nào.,,KHÔNG CÓ TÁC DỤNG,false,Không đưa vào bảng phẳng. Sửa nguồn cũng vô ích vì sửa xong vẫn không nói được gì về nhu cầu.
lược đồ dwh,false,dim_product_prices,created_at,phân loại,BỎ — hằng số,0.0,1.0,0.011,true,,,0.0,rỗng hoặc hằng số — bỏ,KHÔNG CẦN THIẾT,ĐO ĐƯỢC,U1 Hằng số hoặc rỗng,"Phương sai bằng 0 nên thông tin tương hỗ với BẤT KỲ nhãn nào cũng bằng 0. Hệ quả toán học, không phải ngưỡng vận hành.",ĐỦ,—,Không vướng cổng nào.,,KHÔNG CÓ TÁC DỤNG,false,Không đưa vào bảng phẳng. Sửa nguồn cũng vô ích vì sửa xong vẫn không nói được gì về nhu cầu.
lược đồ dwh,false,dim_product_prices,updated_at,phân loại,BỎ — hằng số,0.0,1.0,0.011,true,,,0.0,rỗng hoặc hằng số — bỏ,KHÔNG CẦN THIẾT,ĐO ĐƯỢC,U1 Hằng số hoặc rỗng,"Phương sai bằng 0 nên thông tin tương hỗ với BẤT KỲ nhãn nào cũng bằng 0. Hệ quả toán học, không phải ngưỡng vận hành.",ĐỦ,—,Không vướng cổng nào.,,KHÔNG CÓ TÁC DỤNG,false,Không đưa vào bảng phẳng. Sửa nguồn cũng vô ích vì sửa xong vẫn không nói được gì về nhu cầu.
lược đồ dwh,false,dim_promotions,id,—,BỎ — hằng số,,0.0,,true,,,0.0,rỗng hoặc hằng số — bỏ,KHÔNG CẦN THIẾT,ĐO ĐƯỢC,U1 Hằng số hoặc rỗng,"Phương sai bằng 0 nên thông tin tương hỗ với BẤT KỲ nhãn nào cũng bằng 0. Hệ quả toán học, không phải ngưỡng vận hành.",ĐỦ,—,Không vướng cổng nào.,,KHÔNG CÓ TÁC DỤNG,false,Không đưa vào bảng phẳng. Sửa nguồn cũng vô ích vì sửa xong vẫn không nói được gì về nhu cầu.
lược đồ dwh,false,dim_promotions,promo_code_dms,—,BỎ — hằng số,,0.0,,true,,,0.0,rỗng hoặc hằng số — bỏ,KHÔNG CẦN THIẾT,ĐO ĐƯỢC,U1 Hằng số hoặc rỗng,"Phương sai bằng 0 nên thông tin tương hỗ với BẤT KỲ nhãn nào cũng bằng 0. Hệ quả toán học, không phải ngưỡng vận hành.",ĐỦ,—,Không vướng cổng nào.,,KHÔNG CÓ TÁC DỤNG,false,Không đưa vào bảng phẳng. Sửa nguồn cũng vô ích vì sửa xong vẫn không nói được gì về nhu cầu.
lược đồ dwh,false,dim_promotions,promo_code_orc,—,BỎ — hằng số,,0.0,,true,,,0.0,rỗng hoặc hằng số — bỏ,KHÔNG CẦN THIẾT,ĐO ĐƯỢC,U1 Hằng số hoặc rỗng,"Phương sai bằng 0 nên thông tin tương hỗ với BẤT KỲ nhãn nào cũng bằng 0. Hệ quả toán học, không phải ngưỡng vận hành.",ĐỦ,—,Không vướng cổng nào.,,KHÔNG CÓ TÁC DỤNG,false,Không đưa vào bảng phẳng. Sửa nguồn cũng vô ích vì sửa xong vẫn không nói được gì về nhu cầu.
lược đồ dwh,false,dim_promotions,promo_name,—,BỎ — hằng số,,0.0,,true,,,0.0,rỗng hoặc hằng số — bỏ,KHÔNG CẦN THIẾT,ĐO ĐƯỢC,U1 Hằng số hoặc rỗng,"Phương sai bằng 0 nên thông tin tương hỗ với BẤT KỲ nhãn nào cũng bằng 0. Hệ quả toán học, không phải ngưỡng vận hành.",ĐỦ,—,Không vướng cổng nào.,,KHÔNG CÓ TÁC DỤNG,false,Không đưa vào bảng phẳng. Sửa nguồn cũng vô ích vì sửa xong vẫn không nói được gì về nhu cầu.
lược đồ dwh,false,dim_promotions,mechanic_type,—,BỎ — hằng số,,0.0,,true,,,0.0,rỗng hoặc hằng số — bỏ,KHÔNG CẦN THIẾT,ĐO ĐƯỢC,U1 Hằng số hoặc rỗng,"Phương sai bằng 0 nên thông tin tương hỗ với BẤT KỲ nhãn nào cũng bằng 0. Hệ quả toán học, không phải ngưỡng vận hành.",ĐỦ,—,Không vướng cổng nào.,,KHÔNG CÓ TÁC DỤNG,false,Không đưa vào bảng phẳng. Sửa nguồn cũng vô ích vì sửa xong vẫn không nói được gì về nhu cầu.
lược đồ dwh,false,dim_promotions,long_mechanic,—,BỎ — hằng số,,0.0,,true,,,0.0,rỗng hoặc hằng số — bỏ,KHÔNG CẦN THIẾT,ĐO ĐƯỢC,U1 Hằng số hoặc rỗng,"Phương sai bằng 0 nên thông tin tương hỗ với BẤT KỲ nhãn nào cũng bằng 0. Hệ quả toán học, không phải ngưỡng vận hành.",ĐỦ,—,Không vướng cổng nào.,,KHÔNG CÓ TÁC DỤNG,false,Không đưa vào bảng phẳng. Sửa nguồn cũng vô ích vì sửa xong vẫn không nói được gì về nhu cầu.
lược đồ dwh,false,dim_promotions,promo_start,—,BỎ — hằng số,,0.0,,true,,,0.0,rỗng hoặc hằng số — bỏ,KHÔNG CẦN THIẾT,ĐO ĐƯỢC,U1 Hằng số hoặc rỗng,"Phương sai bằng 0 nên thông tin tương hỗ với BẤT KỲ nhãn nào cũng bằng 0. Hệ quả toán học, không phải ngưỡng vận hành.",ĐỦ,—,Không vướng cổng nào.,,KHÔNG CÓ TÁC DỤNG,false,Không đưa vào bảng phẳng. Sửa nguồn cũng vô ích vì sửa xong vẫn không nói được gì về nhu cầu.
lược đồ dwh,false,dim_promotions,promo_end,—,BỎ — hằng số,,0.0,,true,,,0.0,rỗng hoặc hằng số — bỏ,KHÔNG CẦN THIẾT,ĐO ĐƯỢC,U1 Hằng số hoặc rỗng,"Phương sai bằng 0 nên thông tin tương hỗ với BẤT KỲ nhãn nào cũng bằng 0. Hệ quả toán học, không phải ngưỡng vận hành.",ĐỦ,—,Không vướng cổng nào.,,KHÔNG CÓ TÁC DỤNG,false,Không đưa vào bảng phẳng. Sửa nguồn cũng vô ích vì sửa xong vẫn không nói được gì về nhu cầu.
lược đồ dwh,false,dim_promotions,target_channel,—,BỎ — hằng số,,0.0,,true,,,0.0,rỗng hoặc hằng số — bỏ,KHÔNG CẦN THIẾT,ĐO ĐƯỢC,U1 Hằng số hoặc rỗng,"Phương sai bằng 0 nên thông tin tương hỗ với BẤT KỲ nhãn nào cũng bằng 0. Hệ quả toán học, không phải ngưỡng vận hành.",ĐỦ,—,Không vướng cổng nào.,,KHÔNG CÓ TÁC DỤNG,false,Không đưa vào bảng phẳng. Sửa nguồn cũng vô ích vì sửa xong vẫn không nói được gì về nhu cầu.
lược đồ dwh,false,dim_promotions,target_chain,—,BỎ — hằng số,,0.0,,true,,,0.0,rỗng hoặc hằng số — bỏ,KHÔNG CẦN THIẾT,ĐO ĐƯỢC,U1 Hằng số hoặc rỗng,"Phương sai bằng 0 nên thông tin tương hỗ với BẤT KỲ nhãn nào cũng bằng 0. Hệ quả toán học, không phải ngưỡng vận hành.",ĐỦ,—,Không vướng cổng nào.,,KHÔNG CÓ TÁC DỤNG,false,Không đưa vào bảng phẳng. Sửa nguồn cũng vô ích vì sửa xong vẫn không nói được gì về nhu cầu.
lược đồ dwh,false,dim_promotions,budget_total,—,BỎ — hằng số,,0.0,,true,,,0.0,rỗng hoặc hằng số — bỏ,KHÔNG CẦN THIẾT,ĐO ĐƯỢC,U1 Hằng số hoặc rỗng,"Phương sai bằng 0 nên thông tin tương hỗ với BẤT KỲ nhãn nào cũng bằng 0. Hệ quả toán học, không phải ngưỡng vận hành.",ĐỦ,—,Không vướng cổng nào.,,KHÔNG CÓ TÁC DỤNG,false,Không đưa vào bảng phẳng. Sửa nguồn cũng vô ích vì sửa xong vẫn không nói được gì về nhu cầu.
lược đồ dwh,false,dim_promotions,notes,—,BỎ — hằng số,,0.0,,true,,,0.0,rỗng hoặc hằng số — bỏ,KHÔNG CẦN THIẾT,ĐO ĐƯỢC,U1 Hằng số hoặc rỗng,"Phương sai bằng 0 nên thông tin tương hỗ với BẤT KỲ nhãn nào cũng bằng 0. Hệ quả toán học, không phải ngưỡng vận hành.",ĐỦ,—,Không vướng cổng nào.,,KHÔNG CÓ TÁC DỤNG,false,Không đưa vào bảng phẳng. Sửa nguồn cũng vô ích vì sửa xong vẫn không nói được gì về nhu cầu.
lược đồ dwh,false,dim_promotions,is_active,—,BỎ — hằng số,,0.0,,true,,,0.0,rỗng hoặc hằng số — bỏ,KHÔNG CẦN THIẾT,ĐO ĐƯỢC,U1 Hằng số hoặc rỗng,"Phương sai bằng 0 nên thông tin tương hỗ với BẤT KỲ nhãn nào cũng bằng 0. Hệ quả toán học, không phải ngưỡng vận hành.",ĐỦ,—,Không vướng cổng nào.,,KHÔNG CÓ TÁC DỤNG,false,Không đưa vào bảng phẳng. Sửa nguồn cũng vô ích vì sửa xong vẫn không nói được gì về nhu cầu.
lược đồ dwh,false,dim_promotions,created_at,—,BỎ — hằng số,,0.0,,true,,,0.0,rỗng hoặc hằng số — bỏ,KHÔNG CẦN THIẾT,ĐO ĐƯỢC,U1 Hằng số hoặc rỗng,"Phương sai bằng 0 nên thông tin tương hỗ với BẤT KỲ nhãn nào cũng bằng 0. Hệ quả toán học, không phải ngưỡng vận hành.",ĐỦ,—,Không vướng cổng nào.,,KHÔNG CÓ TÁC DỤNG,false,Không đưa vào bảng phẳng. Sửa nguồn cũng vô ích vì sửa xong vẫn không nói được gì về nhu cầu.
lược đồ dwh,false,dim_promotions,updated_at,—,BỎ — hằng số,,0.0,,true,,,0.0,rỗng hoặc hằng số — bỏ,KHÔNG CẦN THIẾT,ĐO ĐƯỢC,U1 Hằng số hoặc rỗng,"Phương sai bằng 0 nên thông tin tương hỗ với BẤT KỲ nhãn nào cũng bằng 0. Hệ quả toán học, không phải ngưỡng vận hành.",ĐỦ,—,Không vướng cổng nào.,,KHÔNG CÓ TÁC DỤNG,false,Không đưa vào bảng phẳng. Sửa nguồn cũng vô ích vì sửa xong vẫn không nói được gì về nhu cầu.
lược đồ dwh,false,dim_sales_positions,updated_at,phân loại,BỎ — hằng số,0.0,1.0,14.286,true,,,0.0,rỗng hoặc hằng số — bỏ,KHÔNG CẦN THIẾT,ĐO ĐƯỢC,U1 Hằng số hoặc rỗng,"Phương sai bằng 0 nên thông tin tương hỗ với BẤT KỲ nhãn nào cũng bằng 0. Hệ quả toán học, không phải ngưỡng vận hành.",ĐỦ,—,Không vướng cổng nào.,,KHÔNG CÓ TÁC DỤNG,false,Không đưa vào bảng phẳng. Sửa nguồn cũng vô ích vì sửa xong vẫn không nói được gì về nhu cầu.
lược đồ dwh,false,dim_sales_positions,is_active,phân loại,BỎ — hằng số,0.0,1.0,14.286,true,,,0.0,rỗng hoặc hằng số — bỏ,KHÔNG CẦN THIẾT,ĐO ĐƯỢC,U1 Hằng số hoặc rỗng,"Phương sai bằng 0 nên thông tin tương hỗ với BẤT KỲ nhãn nào cũng bằng 0. Hệ quả toán học, không phải ngưỡng vận hành.",ĐỦ,—,Không vướng cổng nào.,,KHÔNG CÓ TÁC DỤNG,false,Không đưa vào bảng phẳng. Sửa nguồn cũng vô ích vì sửa xong vẫn không nói được gì về nhu cầu.
lược đồ dwh,false,dim_shippers,group_code,phân loại,BỎ — hằng số,0.0,1.0,0.002,true,,,0.0,rỗng hoặc hằng số — bỏ,KHÔNG CẦN THIẾT,ĐO ĐƯỢC,U1 Hằng số hoặc rỗng,"Phương sai bằng 0 nên thông tin tương hỗ với BẤT KỲ nhãn nào cũng bằng 0. Hệ quả toán học, không phải ngưỡng vận hành.",ĐỦ,—,Không vướng cổng nào.,,KHÔNG CÓ TÁC DỤNG,false,Không đưa vào bảng phẳng. Sửa nguồn cũng vô ích vì sửa xong vẫn không nói được gì về nhu cầu.
lược đồ dwh,false,dim_shippers,source_refs,phân loại,cột kỹ thuật — không phải đặc trưng,0.003,,,false,,,0.0,rỗng hoặc hằng số — bỏ,KHÔNG CẦN THIẾT,ĐO ĐƯỢC,U1 Hằng số hoặc rỗng,"Phương sai bằng 0 nên thông tin tương hỗ với BẤT KỲ nhãn nào cũng bằng 0. Hệ quả toán học, không phải ngưỡng vận hành.",ĐỦ,—,Không vướng cổng nào.,,KHÔNG CÓ TÁC DỤNG,false,Không đưa vào bảng phẳng. Sửa nguồn cũng vô ích vì sửa xong vẫn không nói được gì về nhu cầu.
lược đồ dwh,false,dim_site_accounts,batch_id,số,BỎ — hằng số,0.0,1.0,14.286,true,,,0.0,rỗng hoặc hằng số — bỏ,KHÔNG CẦN THIẾT,ĐO ĐƯỢC,U1 Hằng số hoặc rỗng,"Phương sai bằng 0 nên thông tin tương hỗ với BẤT KỲ nhãn nào cũng bằng 0. Hệ quả toán học, không phải ngưỡng vận hành.",ĐỦ,—,Không vướng cổng nào.,,KHÔNG CÓ TÁC DỤNG,false,Không đưa vào bảng phẳng. Sửa nguồn cũng vô ích vì sửa xong vẫn không nói được gì về nhu cầu.
lược đồ dwh,false,dim_site_accounts,created_at,phân loại,BỎ — hằng số,0.0,1.0,14.286,true,,,0.0,rỗng hoặc hằng số — bỏ,KHÔNG CẦN THIẾT,ĐO ĐƯỢC,U1 Hằng số hoặc rỗng,"Phương sai bằng 0 nên thông tin tương hỗ với BẤT KỲ nhãn nào cũng bằng 0. Hệ quả toán học, không phải ngưỡng vận hành.",ĐỦ,—,Không vướng cổng nào.,,KHÔNG CÓ TÁC DỤNG,false,Không đưa vào bảng phẳng. Sửa nguồn cũng vô ích vì sửa xong vẫn không nói được gì về nhu cầu.
lược đồ dwh,false,dim_site_accounts,updated_at,phân loại,BỎ — hằng số,0.0,1.0,14.286,true,,,0.0,rỗng hoặc hằng số — bỏ,KHÔNG CẦN THIẾT,ĐO ĐƯỢC,U1 Hằng số hoặc rỗng,"Phương sai bằng 0 nên thông tin tương hỗ với BẤT KỲ nhãn nào cũng bằng 0. Hệ quả toán học, không phải ngưỡng vận hành.",ĐỦ,—,Không vướng cổng nào.,,KHÔNG CÓ TÁC DỤNG,false,Không đưa vào bảng phẳng. Sửa nguồn cũng vô ích vì sửa xong vẫn không nói được gì về nhu cầu.
lược đồ dwh,false,dim_site_domains,batch_id,số,BỎ — hằng số,0.73,1.0,0.735,true,,,0.0,rỗng hoặc hằng số — bỏ,KHÔNG CẦN THIẾT,ĐO ĐƯỢC,U1 Hằng số hoặc rỗng,"Phương sai bằng 0 nên thông tin tương hỗ với BẤT KỲ nhãn nào cũng bằng 0. Hệ quả toán học, không phải ngưỡng vận hành.",ĐỦ,—,Không vướng cổng nào.,,KHÔNG CÓ TÁC DỤNG,false,Không đưa vào bảng phẳng. Sửa nguồn cũng vô ích vì sửa xong vẫn không nói được gì về nhu cầu.
lược đồ dwh,false,dim_site_domains,created_at,phân loại,BỎ — hằng số,0.0,1.0,0.73,true,,,0.0,rỗng hoặc hằng số — bỏ,KHÔNG CẦN THIẾT,ĐO ĐƯỢC,U1 Hằng số hoặc rỗng,"Phương sai bằng 0 nên thông tin tương hỗ với BẤT KỲ nhãn nào cũng bằng 0. Hệ quả toán học, không phải ngưỡng vận hành.",ĐỦ,—,Không vướng cổng nào.,,KHÔNG CÓ TÁC DỤNG,false,Không đưa vào bảng phẳng. Sửa nguồn cũng vô ích vì sửa xong vẫn không nói được gì về nhu cầu.
lược đồ dwh,false,dim_sub_inventories,deleted,số,BỎ — hằng số,0.0,1.0,0.532,true,,,0.0,rỗng hoặc hằng số — bỏ,KHÔNG CẦN THIẾT,ĐO ĐƯỢC,U1 Hằng số hoặc rỗng,"Phương sai bằng 0 nên thông tin tương hỗ với BẤT KỲ nhãn nào cũng bằng 0. Hệ quả toán học, không phải ngưỡng vận hành.",ĐỦ,—,Không vướng cổng nào.,,KHÔNG CÓ TÁC DỤNG,false,Không đưa vào bảng phẳng. Sửa nguồn cũng vô ích vì sửa xong vẫn không nói được gì về nhu cầu.
lược đồ dwh,false,dim_suppliers,is_current,phân loại,BỎ — hằng số,0.0,1.0,1.587,true,,,0.0,rỗng hoặc hằng số — bỏ,KHÔNG CẦN THIẾT,ĐO ĐƯỢC,U1 Hằng số hoặc rỗng,"Phương sai bằng 0 nên thông tin tương hỗ với BẤT KỲ nhãn nào cũng bằng 0. Hệ quả toán học, không phải ngưỡng vận hành.",ĐỦ,—,Không vướng cổng nào.,,KHÔNG CÓ TÁC DỤNG,false,Không đưa vào bảng phẳng. Sửa nguồn cũng vô ích vì sửa xong vẫn không nói được gì về nhu cầu.
lược đồ dwh,false,dim_warehouse_capacity,warehouse_code,—,BỎ — hằng số,,0.0,,true,,,0.0,rỗng hoặc hằng số — bỏ,KHÔNG CẦN THIẾT,ĐO ĐƯỢC,U1 Hằng số hoặc rỗng,"Phương sai bằng 0 nên thông tin tương hỗ với BẤT KỲ nhãn nào cũng bằng 0. Hệ quả toán học, không phải ngưỡng vận hành.",ĐỦ,—,Không vướng cổng nào.,,KHÔNG CÓ TÁC DỤNG,false,Không đưa vào bảng phẳng. Sửa nguồn cũng vô ích vì sửa xong vẫn không nói được gì về nhu cầu.
lược đồ dwh,false,dim_warehouse_capacity,sub_inventory_code,—,BỎ — hằng số,,0.0,,true,,,0.0,rỗng hoặc hằng số — bỏ,KHÔNG CẦN THIẾT,ĐO ĐƯỢC,U1 Hằng số hoặc rỗng,"Phương sai bằng 0 nên thông tin tương hỗ với BẤT KỲ nhãn nào cũng bằng 0. Hệ quả toán học, không phải ngưỡng vận hành.",ĐỦ,—,Không vướng cổng nào.,,KHÔNG CÓ TÁC DỤNG,false,Không đưa vào bảng phẳng. Sửa nguồn cũng vô ích vì sửa xong vẫn không nói được gì về nhu cầu.
lược đồ dwh,false,dim_warehouse_capacity,capacity_carton,—,BỎ — hằng số,,0.0,,true,,,0.0,rỗng hoặc hằng số — bỏ,KHÔNG CẦN THIẾT,ĐO ĐƯỢC,U1 Hằng số hoặc rỗng,"Phương sai bằng 0 nên thông tin tương hỗ với BẤT KỲ nhãn nào cũng bằng 0. Hệ quả toán học, không phải ngưỡng vận hành.",ĐỦ,—,Không vướng cổng nào.,,KHÔNG CÓ TÁC DỤNG,false,Không đưa vào bảng phẳng. Sửa nguồn cũng vô ích vì sửa xong vẫn không nói được gì về nhu cầu.
lược đồ dwh,false,dim_warehouse_capacity,effective_from,—,BỎ — hằng số,,0.0,,true,,,0.0,rỗng hoặc hằng số — bỏ,KHÔNG CẦN THIẾT,ĐO ĐƯỢC,U1 Hằng số hoặc rỗng,"Phương sai bằng 0 nên thông tin tương hỗ với BẤT KỲ nhãn nào cũng bằng 0. Hệ quả toán học, không phải ngưỡng vận hành.",ĐỦ,—,Không vướng cổng nào.,,KHÔNG CÓ TÁC DỤNG,false,Không đưa vào bảng phẳng. Sửa nguồn cũng vô ích vì sửa xong vẫn không nói được gì về nhu cầu.
lược đồ dwh,false,dim_warehouse_capacity,effective_to,—,BỎ — hằng số,,0.0,,true,,,0.0,rỗng hoặc hằng số — bỏ,KHÔNG CẦN THIẾT,ĐO ĐƯỢC,U1 Hằng số hoặc rỗng,"Phương sai bằng 0 nên thông tin tương hỗ với BẤT KỲ nhãn nào cũng bằng 0. Hệ quả toán học, không phải ngưỡng vận hành.",ĐỦ,—,Không vướng cổng nào.,,KHÔNG CÓ TÁC DỤNG,false,Không đưa vào bảng phẳng. Sửa nguồn cũng vô ích vì sửa xong vẫn không nói được gì về nhu cầu.
lược đồ dwh,false,dim_warehouse_capacity,notes,—,BỎ — hằng số,,0.0,,true,,,0.0,rỗng hoặc hằng số — bỏ,KHÔNG CẦN THIẾT,ĐO ĐƯỢC,U1 Hằng số hoặc rỗng,"Phương sai bằng 0 nên thông tin tương hỗ với BẤT KỲ nhãn nào cũng bằng 0. Hệ quả toán học, không phải ngưỡng vận hành.",ĐỦ,—,Không vướng cổng nào.,,KHÔNG CÓ TÁC DỤNG,false,Không đưa vào bảng phẳng. Sửa nguồn cũng vô ích vì sửa xong vẫn không nói được gì về nhu cầu.
lược đồ dwh,false,dim_warehouse_capacity,id,—,BỎ — hằng số,,0.0,,true,,,0.0,rỗng hoặc hằng số — bỏ,KHÔNG CẦN THIẾT,ĐO ĐƯỢC,U1 Hằng số hoặc rỗng,"Phương sai bằng 0 nên thông tin tương hỗ với BẤT KỲ nhãn nào cũng bằng 0. Hệ quả toán học, không phải ngưỡng vận hành.",ĐỦ,—,Không vướng cổng nào.,,KHÔNG CÓ TÁC DỤNG,false,Không đưa vào bảng phẳng. Sửa nguồn cũng vô ích vì sửa xong vẫn không nói được gì về nhu cầu.
lược đồ dwh,false,dim_warehouse_capacity,source_refs,—,cột kỹ thuật — không phải đặc trưng,,,,false,,,0.0,rỗng hoặc hằng số — bỏ,KHÔNG CẦN THIẾT,ĐO ĐƯỢC,U1 Hằng số hoặc rỗng,"Phương sai bằng 0 nên thông tin tương hỗ với BẤT KỲ nhãn nào cũng bằng 0. Hệ quả toán học, không phải ngưỡng vận hành.",ĐỦ,—,Không vướng cổng nào.,,KHÔNG CÓ TÁC DỤNG,false,Không đưa vào bảng phẳng. Sửa nguồn cũng vô ích vì sửa xong vẫn không nói được gì về nhu cầu.
lược đồ dwh,false,dim_warehouse_capacity,batch_id,—,BỎ — hằng số,,0.0,,true,,,0.0,rỗng hoặc hằng số — bỏ,KHÔNG CẦN THIẾT,ĐO ĐƯỢC,U1 Hằng số hoặc rỗng,"Phương sai bằng 0 nên thông tin tương hỗ với BẤT KỲ nhãn nào cũng bằng 0. Hệ quả toán học, không phải ngưỡng vận hành.",ĐỦ,—,Không vướng cổng nào.,,KHÔNG CÓ TÁC DỤNG,false,Không đưa vào bảng phẳng. Sửa nguồn cũng vô ích vì sửa xong vẫn không nói được gì về nhu cầu.
lược đồ dwh,false,dim_warehouse_capacity,created_at,—,BỎ — hằng số,,0.0,,true,,,0.0,rỗng hoặc hằng số — bỏ,KHÔNG CẦN THIẾT,ĐO ĐƯỢC,U1 Hằng số hoặc rỗng,"Phương sai bằng 0 nên thông tin tương hỗ với BẤT KỲ nhãn nào cũng bằng 0. Hệ quả toán học, không phải ngưỡng vận hành.",ĐỦ,—,Không vướng cổng nào.,,KHÔNG CÓ TÁC DỤNG,false,Không đưa vào bảng phẳng. Sửa nguồn cũng vô ích vì sửa xong vẫn không nói được gì về nhu cầu.
lược đồ dwh,false,dim_warehouse_capacity,updated_at,—,BỎ — hằng số,,0.0,,true,,,0.0,rỗng hoặc hằng số — bỏ,KHÔNG CẦN THIẾT,ĐO ĐƯỢC,U1 Hằng số hoặc rỗng,"Phương sai bằng 0 nên thông tin tương hỗ với BẤT KỲ nhãn nào cũng bằng 0. Hệ quả toán học, không phải ngưỡng vận hành.",ĐỦ,—,Không vướng cổng nào.,,KHÔNG CÓ TÁC DỤNG,false,Không đưa vào bảng phẳng. Sửa nguồn cũng vô ích vì sửa xong vẫn không nói được gì về nhu cầu.
lược đồ dwh,false,dim_warehouse_target,distributor_code,—,BỎ — hằng số,,0.0,,true,,,0.0,rỗng hoặc hằng số — bỏ,KHÔNG CẦN THIẾT,ĐO ĐƯỢC,U1 Hằng số hoặc rỗng,"Phương sai bằng 0 nên thông tin tương hỗ với BẤT KỲ nhãn nào cũng bằng 0. Hệ quả toán học, không phải ngưỡng vận hành.",ĐỦ,—,Không vướng cổng nào.,,KHÔNG CÓ TÁC DỤNG,false,Không đưa vào bảng phẳng. Sửa nguồn cũng vô ích vì sửa xong vẫn không nói được gì về nhu cầu.
lược đồ dwh,false,dim_warehouse_target,warehouse_code,—,BỎ — hằng số,,0.0,,true,,,0.0,rỗng hoặc hằng số — bỏ,KHÔNG CẦN THIẾT,ĐO ĐƯỢC,U1 Hằng số hoặc rỗng,"Phương sai bằng 0 nên thông tin tương hỗ với BẤT KỲ nhãn nào cũng bằng 0. Hệ quả toán học, không phải ngưỡng vận hành.",ĐỦ,—,Không vướng cổng nào.,,KHÔNG CÓ TÁC DỤNG,false,Không đưa vào bảng phẳng. Sửa nguồn cũng vô ích vì sửa xong vẫn không nói được gì về nhu cầu.
lược đồ dwh,false,dim_warehouse_target,sub_inventory_code,—,BỎ — hằng số,,0.0,,true,,,0.0,rỗng hoặc hằng số — bỏ,KHÔNG CẦN THIẾT,ĐO ĐƯỢC,U1 Hằng số hoặc rỗng,"Phương sai bằng 0 nên thông tin tương hỗ với BẤT KỲ nhãn nào cũng bằng 0. Hệ quả toán học, không phải ngưỡng vận hành.",ĐỦ,—,Không vướng cổng nào.,,KHÔNG CÓ TÁC DỤNG,false,Không đưa vào bảng phẳng. Sửa nguồn cũng vô ích vì sửa xong vẫn không nói được gì về nhu cầu.
lược đồ dwh,false,dim_warehouse_target,period_year,—,BỎ — hằng số,,0.0,,true,,,0.0,rỗng hoặc hằng số — bỏ,KHÔNG CẦN THIẾT,ĐO ĐƯỢC,U1 Hằng số hoặc rỗng,"Phương sai bằng 0 nên thông tin tương hỗ với BẤT KỲ nhãn nào cũng bằng 0. Hệ quả toán học, không phải ngưỡng vận hành.",ĐỦ,—,Không vướng cổng nào.,,KHÔNG CÓ TÁC DỤNG,false,Không đưa vào bảng phẳng. Sửa nguồn cũng vô ích vì sửa xong vẫn không nói được gì về nhu cầu.
lược đồ dwh,false,dim_warehouse_target,period_month,—,BỎ — hằng số,,0.0,,true,,,0.0,rỗng hoặc hằng số — bỏ,KHÔNG CẦN THIẾT,ĐO ĐƯỢC,U1 Hằng số hoặc rỗng,"Phương sai bằng 0 nên thông tin tương hỗ với BẤT KỲ nhãn nào cũng bằng 0. Hệ quả toán học, không phải ngưỡng vận hành.",ĐỦ,—,Không vướng cổng nào.,,KHÔNG CÓ TÁC DỤNG,false,Không đưa vào bảng phẳng. Sửa nguồn cũng vô ích vì sửa xong vẫn không nói được gì về nhu cầu.
lược đồ dwh,false,dim_warehouse_target,target_carton,—,BỎ — hằng số,,0.0,,true,,,0.0,rỗng hoặc hằng số — bỏ,KHÔNG CẦN THIẾT,ĐO ĐƯỢC,U1 Hằng số hoặc rỗng,"Phương sai bằng 0 nên thông tin tương hỗ với BẤT KỲ nhãn nào cũng bằng 0. Hệ quả toán học, không phải ngưỡng vận hành.",ĐỦ,—,Không vướng cổng nào.,,KHÔNG CÓ TÁC DỤNG,false,Không đưa vào bảng phẳng. Sửa nguồn cũng vô ích vì sửa xong vẫn không nói được gì về nhu cầu.
lược đồ dwh,false,dim_warehouse_target,target_vnd,—,BỎ — hằng số,,0.0,,true,,,0.0,rỗng hoặc hằng số — bỏ,KHÔNG CẦN THIẾT,ĐO ĐƯỢC,U1 Hằng số hoặc rỗng,"Phương sai bằng 0 nên thông tin tương hỗ với BẤT KỲ nhãn nào cũng bằng 0. Hệ quả toán học, không phải ngưỡng vận hành.",ĐỦ,—,Không vướng cổng nào.,,KHÔNG CÓ TÁC DỤNG,false,Không đưa vào bảng phẳng. Sửa nguồn cũng vô ích vì sửa xong vẫn không nói được gì về nhu cầu.
lược đồ dwh,false,dim_warehouse_target,notes,—,BỎ — hằng số,,0.0,,true,,,0.0,rỗng hoặc hằng số — bỏ,KHÔNG CẦN THIẾT,ĐO ĐƯỢC,U1 Hằng số hoặc rỗng,"Phương sai bằng 0 nên thông tin tương hỗ với BẤT KỲ nhãn nào cũng bằng 0. Hệ quả toán học, không phải ngưỡng vận hành.",ĐỦ,—,Không vướng cổng nào.,,KHÔNG CÓ TÁC DỤNG,false,Không đưa vào bảng phẳng. Sửa nguồn cũng vô ích vì sửa xong vẫn không nói được gì về nhu cầu.
lược đồ dwh,false,dim_warehouse_target,id,—,BỎ — hằng số,,0.0,,true,,,0.0,rỗng hoặc hằng số — bỏ,KHÔNG CẦN THIẾT,ĐO ĐƯỢC,U1 Hằng số hoặc rỗng,"Phương sai bằng 0 nên thông tin tương hỗ với BẤT KỲ nhãn nào cũng bằng 0. Hệ quả toán học, không phải ngưỡng vận hành.",ĐỦ,—,Không vướng cổng nào.,,KHÔNG CÓ TÁC DỤNG,false,Không đưa vào bảng phẳng. Sửa nguồn cũng vô ích vì sửa xong vẫn không nói được gì về nhu cầu.
lược đồ dwh,false,dim_warehouse_target,source_refs,—,cột kỹ thuật — không phải đặc trưng,,,,false,,,0.0,rỗng hoặc hằng số — bỏ,KHÔNG CẦN THIẾT,ĐO ĐƯỢC,U1 Hằng số hoặc rỗng,"Phương sai bằng 0 nên thông tin tương hỗ với BẤT KỲ nhãn nào cũng bằng 0. Hệ quả toán học, không phải ngưỡng vận hành.",ĐỦ,—,Không vướng cổng nào.,,KHÔNG CÓ TÁC DỤNG,false,Không đưa vào bảng phẳng. Sửa nguồn cũng vô ích vì sửa xong vẫn không nói được gì về nhu cầu.
lược đồ dwh,false,dim_warehouse_target,batch_id,—,BỎ — hằng số,,0.0,,true,,,0.0,rỗng hoặc hằng số — bỏ,KHÔNG CẦN THIẾT,ĐO ĐƯỢC,U1 Hằng số hoặc rỗng,"Phương sai bằng 0 nên thông tin tương hỗ với BẤT KỲ nhãn nào cũng bằng 0. Hệ quả toán học, không phải ngưỡng vận hành.",ĐỦ,—,Không vướng cổng nào.,,KHÔNG CÓ TÁC DỤNG,false,Không đưa vào bảng phẳng. Sửa nguồn cũng vô ích vì sửa xong vẫn không nói được gì về nhu cầu.
lược đồ dwh,false,dim_warehouse_target,created_at,—,BỎ — hằng số,,0.0,,true,,,0.0,rỗng hoặc hằng số — bỏ,KHÔNG CẦN THIẾT,ĐO ĐƯỢC,U1 Hằng số hoặc rỗng,"Phương sai bằng 0 nên thông tin tương hỗ với BẤT KỲ nhãn nào cũng bằng 0. Hệ quả toán học, không phải ngưỡng vận hành.",ĐỦ,—,Không vướng cổng nào.,,KHÔNG CÓ TÁC DỤNG,false,Không đưa vào bảng phẳng. Sửa nguồn cũng vô ích vì sửa xong vẫn không nói được gì về nhu cầu.
lược đồ dwh,false,dim_warehouse_target,updated_at,—,BỎ — hằng số,,0.0,,true,,,0.0,rỗng hoặc hằng số — bỏ,KHÔNG CẦN THIẾT,ĐO ĐƯỢC,U1 Hằng số hoặc rỗng,"Phương sai bằng 0 nên thông tin tương hỗ với BẤT KỲ nhãn nào cũng bằng 0. Hệ quả toán học, không phải ngưỡng vận hành.",ĐỦ,—,Không vướng cổng nào.,,KHÔNG CÓ TÁC DỤNG,false,Không đưa vào bảng phẳng. Sửa nguồn cũng vô ích vì sửa xong vẫn không nói được gì về nhu cầu.
lược đồ dwh,false,dim_warehouses,is_active,phân loại,BỎ — hằng số,0.0,1.0,2.564,true,,,0.0,rỗng hoặc hằng số — bỏ,KHÔNG CẦN THIẾT,ĐO ĐƯỢC,U1 Hằng số hoặc rỗng,"Phương sai bằng 0 nên thông tin tương hỗ với BẤT KỲ nhãn nào cũng bằng 0. Hệ quả toán học, không phải ngưỡng vận hành.",ĐỦ,—,Không vướng cổng nào.,,KHÔNG CÓ TÁC DỤNG,false,Không đưa vào bảng phẳng. Sửa nguồn cũng vô ích vì sửa xong vẫn không nói được gì về nhu cầu.
lược đồ dwh,false,dim_warehouses,is_current,phân loại,BỎ — hằng số,0.0,1.0,2.564,true,,,0.0,rỗng hoặc hằng số — bỏ,KHÔNG CẦN THIẾT,ĐO ĐƯỢC,U1 Hằng số hoặc rỗng,"Phương sai bằng 0 nên thông tin tương hỗ với BẤT KỲ nhãn nào cũng bằng 0. Hệ quả toán học, không phải ngưỡng vận hành.",ĐỦ,—,Không vướng cổng nào.,,KHÔNG CÓ TÁC DỤNG,false,Không đưa vào bảng phẳng. Sửa nguồn cũng vô ích vì sửa xong vẫn không nói được gì về nhu cầu.
lược đồ dwh,false,dim_weather_locations,batch_id,số,BỎ — hằng số,0.0,1.0,1.562,true,,,0.0,rỗng hoặc hằng số — bỏ,KHÔNG CẦN THIẾT,ĐO ĐƯỢC,U1 Hằng số hoặc rỗng,"Phương sai bằng 0 nên thông tin tương hỗ với BẤT KỲ nhãn nào cũng bằng 0. Hệ quả toán học, không phải ngưỡng vận hành.",ĐỦ,—,Không vướng cổng nào.,,KHÔNG CÓ TÁC DỤNG,false,Không đưa vào bảng phẳng. Sửa nguồn cũng vô ích vì sửa xong vẫn không nói được gì về nhu cầu.
lược đồ dwh,false,dwh_batch_logs,duration_ms,số,BỎ — hằng số,0.0,1.0,0.0,true,,,0.0,rỗng hoặc hằng số — bỏ,KHÔNG CẦN THIẾT,ĐO ĐƯỢC,U1 Hằng số hoặc rỗng,"Phương sai bằng 0 nên thông tin tương hỗ với BẤT KỲ nhãn nào cũng bằng 0. Hệ quả toán học, không phải ngưỡng vận hành.",ĐỦ,—,Không vướng cổng nào.,,KHÔNG CÓ TÁC DỤNG,false,Không đưa vào bảng phẳng. Sửa nguồn cũng vô ích vì sửa xong vẫn không nói được gì về nhu cầu.
lược đồ dwh,true,fact_asset_activities,visit_key,—,BỎ — hằng số,,0.0,,true,,,0.0,rỗng hoặc hằng số — bỏ,KHÔNG CẦN THIẾT,ĐO ĐƯỢC,U1 Hằng số hoặc rỗng,"Phương sai bằng 0 nên thông tin tương hỗ với BẤT KỲ nhãn nào cũng bằng 0. Hệ quả toán học, không phải ngưỡng vận hành.",ĐỦ,—,Không vướng cổng nào.,,KHÔNG CÓ TÁC DỤNG,false,Không đưa vào bảng phẳng. Sửa nguồn cũng vô ích vì sửa xong vẫn không nói được gì về nhu cầu.
lược đồ dwh,true,fact_asset_activities,asset_key,—,BỎ — hằng số,,0.0,,true,0.0,,0.0,rỗng hoặc hằng số — bỏ,KHÔNG CẦN THIẾT,ĐO ĐƯỢC,U1 Hằng số hoặc rỗng,"Phương sai bằng 0 nên thông tin tương hỗ với BẤT KỲ nhãn nào cũng bằng 0. Hệ quả toán học, không phải ngưỡng vận hành.",ĐỦ,—,Không vướng cổng nào.,,KHÔNG CÓ TÁC DỤNG,false,Không đưa vào bảng phẳng. Sửa nguồn cũng vô ích vì sửa xong vẫn không nói được gì về nhu cầu.
lược đồ dwh,true,fact_asset_activities,scan_count,—,BỎ — hằng số,,0.0,,true,,,0.0,rỗng hoặc hằng số — bỏ,KHÔNG CẦN THIẾT,ĐO ĐƯỢC,U1 Hằng số hoặc rỗng,"Phương sai bằng 0 nên thông tin tương hỗ với BẤT KỲ nhãn nào cũng bằng 0. Hệ quả toán học, không phải ngưỡng vận hành.",ĐỦ,—,Không vướng cổng nào.,,KHÔNG CÓ TÁC DỤNG,false,Không đưa vào bảng phẳng. Sửa nguồn cũng vô ích vì sửa xong vẫn không nói được gì về nhu cầu.
lược đồ dwh,true,fact_asset_activities,is_active,—,BỎ — hằng số,,0.0,,true,,,0.0,rỗng hoặc hằng số — bỏ,KHÔNG CẦN THIẾT,ĐO ĐƯỢC,U1 Hằng số hoặc rỗng,"Phương sai bằng 0 nên thông tin tương hỗ với BẤT KỲ nhãn nào cũng bằng 0. Hệ quả toán học, không phải ngưỡng vận hành.",ĐỦ,—,Không vướng cổng nào.,,KHÔNG CÓ TÁC DỤNG,false,Không đưa vào bảng phẳng. Sửa nguồn cũng vô ích vì sửa xong vẫn không nói được gì về nhu cầu.
lược đồ dwh,true,fact_asset_activities,id,—,BỎ — hằng số,,0.0,,true,,,0.0,rỗng hoặc hằng số — bỏ,KHÔNG CẦN THIẾT,ĐO ĐƯỢC,U1 Hằng số hoặc rỗng,"Phương sai bằng 0 nên thông tin tương hỗ với BẤT KỲ nhãn nào cũng bằng 0. Hệ quả toán học, không phải ngưỡng vận hành.",ĐỦ,—,Không vướng cổng nào.,,KHÔNG CÓ TÁC DỤNG,false,Không đưa vào bảng phẳng. Sửa nguồn cũng vô ích vì sửa xong vẫn không nói được gì về nhu cầu.
lược đồ dwh,true,fact_asset_activities,source_refs,—,cột kỹ thuật — không phải đặc trưng,,,,false,,,0.0,rỗng hoặc hằng số — bỏ,KHÔNG CẦN THIẾT,ĐO ĐƯỢC,U1 Hằng số hoặc rỗng,"Phương sai bằng 0 nên thông tin tương hỗ với BẤT KỲ nhãn nào cũng bằng 0. Hệ quả toán học, không phải ngưỡng vận hành.",ĐỦ,—,Không vướng cổng nào.,,KHÔNG CÓ TÁC DỤNG,false,Không đưa vào bảng phẳng. Sửa nguồn cũng vô ích vì sửa xong vẫn không nói được gì về nhu cầu.
lược đồ dwh,true,fact_asset_activities,batch_id,—,BỎ — hằng số,,0.0,,true,,,0.0,rỗng hoặc hằng số — bỏ,KHÔNG CẦN THIẾT,ĐO ĐƯỢC,U1 Hằng số hoặc rỗng,"Phương sai bằng 0 nên thông tin tương hỗ với BẤT KỲ nhãn nào cũng bằng 0. Hệ quả toán học, không phải ngưỡng vận hành.",ĐỦ,—,Không vướng cổng nào.,,KHÔNG CÓ TÁC DỤNG,false,Không đưa vào bảng phẳng. Sửa nguồn cũng vô ích vì sửa xong vẫn không nói được gì về nhu cầu.
lược đồ dwh,true,fact_asset_activities,created_at,—,BỎ — hằng số,,0.0,,true,,,0.0,rỗng hoặc hằng số — bỏ,KHÔNG CẦN THIẾT,ĐO ĐƯỢC,U1 Hằng số hoặc rỗng,"Phương sai bằng 0 nên thông tin tương hỗ với BẤT KỲ nhãn nào cũng bằng 0. Hệ quả toán học, không phải ngưỡng vận hành.",ĐỦ,—,Không vướng cổng nào.,,KHÔNG CÓ TÁC DỤNG,false,Không đưa vào bảng phẳng. Sửa nguồn cũng vô ích vì sửa xong vẫn không nói được gì về nhu cầu.
lược đồ dwh,true,fact_asset_activities,updated_at,—,BỎ — hằng số,,0.0,,true,,,0.0,rỗng hoặc hằng số — bỏ,KHÔNG CẦN THIẾT,ĐO ĐƯỢC,U1 Hằng số hoặc rỗng,"Phương sai bằng 0 nên thông tin tương hỗ với BẤT KỲ nhãn nào cũng bằng 0. Hệ quả toán học, không phải ngưỡng vận hành.",ĐỦ,—,Không vướng cổng nào.,,KHÔNG CÓ TÁC DỤNG,false,Không đưa vào bảng phẳng. Sửa nguồn cũng vô ích vì sửa xong vẫn không nói được gì về nhu cầu.
lược đồ dwh,true,fact_asset_audits,is_scanned,phân loại,BỎ — hằng số,0.0,1.0,0.0,true,,0.0,0.0,rỗng hoặc hằng số — bỏ,KHÔNG CẦN THIẾT,ĐO ĐƯỢC,U1 Hằng số hoặc rỗng,"Phương sai bằng 0 nên thông tin tương hỗ với BẤT KỲ nhãn nào cũng bằng 0. Hệ quả toán học, không phải ngưỡng vận hành.",ĐỦ,—,Không vướng cổng nào.,,KHÔNG CÓ TÁC DỤNG,false,Không đưa vào bảng phẳng. Sửa nguồn cũng vô ích vì sửa xong vẫn không nói được gì về nhu cầu.
lược đồ dwh,true,fact_asset_inventory,asset_code,phân loại,BỎ — hằng số,0.0,1.0,0.005,true,,0.0,0.0,rỗng hoặc hằng số — bỏ,KHÔNG CẦN THIẾT,ĐO ĐƯỢC,U1 Hằng số hoặc rỗng,"Phương sai bằng 0 nên thông tin tương hỗ với BẤT KỲ nhãn nào cũng bằng 0. Hệ quả toán học, không phải ngưỡng vận hành.",ĐỦ,—,Không vướng cổng nào.,,KHÔNG CÓ TÁC DỤNG,false,Không đưa vào bảng phẳng. Sửa nguồn cũng vô ích vì sửa xong vẫn không nói được gì về nhu cầu.
lược đồ dwh,true,fact_asset_placements,shop_id,—,BỎ — hằng số,,0.0,,true,0.0,,0.0,rỗng hoặc hằng số — bỏ,KHÔNG CẦN THIẾT,ĐO ĐƯỢC,U1 Hằng số hoặc rỗng,"Phương sai bằng 0 nên thông tin tương hỗ với BẤT KỲ nhãn nào cũng bằng 0. Hệ quả toán học, không phải ngưỡng vận hành.",ĐỦ,—,Không vướng cổng nào.,,KHÔNG CÓ TÁC DỤNG,false,Không đưa vào bảng phẳng. Sửa nguồn cũng vô ích vì sửa xong vẫn không nói được gì về nhu cầu.
lược đồ dwh,true,fact_asset_placements,asset_id,—,BỎ — hằng số,,0.0,,true,0.0,,0.0,rỗng hoặc hằng số — bỏ,KHÔNG CẦN THIẾT,ĐO ĐƯỢC,U1 Hằng số hoặc rỗng,"Phương sai bằng 0 nên thông tin tương hỗ với BẤT KỲ nhãn nào cũng bằng 0. Hệ quả toán học, không phải ngưỡng vận hành.",ĐỦ,—,Không vướng cổng nào.,,KHÔNG CÓ TÁC DỤNG,false,Không đưa vào bảng phẳng. Sửa nguồn cũng vô ích vì sửa xong vẫn không nói được gì về nhu cầu.
lược đồ dwh,true,fact_asset_placements,allocated_date,—,BỎ — hằng số,,0.0,,true,,,0.0,rỗng hoặc hằng số — bỏ,KHÔNG CẦN THIẾT,ĐO ĐƯỢC,U1 Hằng số hoặc rỗng,"Phương sai bằng 0 nên thông tin tương hỗ với BẤT KỲ nhãn nào cũng bằng 0. Hệ quả toán học, không phải ngưỡng vận hành.",ĐỦ,—,Không vướng cổng nào.,,KHÔNG CÓ TÁC DỤNG,false,Không đưa vào bảng phẳng. Sửa nguồn cũng vô ích vì sửa xong vẫn không nói được gì về nhu cầu.
lược đồ dwh,true,fact_asset_placements,is_active,—,BỎ — hằng số,,0.0,,true,,,0.0,rỗng hoặc hằng số — bỏ,KHÔNG CẦN THIẾT,ĐO ĐƯỢC,U1 Hằng số hoặc rỗng,"Phương sai bằng 0 nên thông tin tương hỗ với BẤT KỲ nhãn nào cũng bằng 0. Hệ quả toán học, không phải ngưỡng vận hành.",ĐỦ,—,Không vướng cổng nào.,,KHÔNG CÓ TÁC DỤNG,false,Không đưa vào bảng phẳng. Sửa nguồn cũng vô ích vì sửa xong vẫn không nói được gì về nhu cầu.
lược đồ dwh,true,fact_asset_placements,image_url,—,BỎ — hằng số,,0.0,,true,,,0.0,rỗng hoặc hằng số — bỏ,KHÔNG CẦN THIẾT,ĐO ĐƯỢC,U1 Hằng số hoặc rỗng,"Phương sai bằng 0 nên thông tin tương hỗ với BẤT KỲ nhãn nào cũng bằng 0. Hệ quả toán học, không phải ngưỡng vận hành.",ĐỦ,—,Không vướng cổng nào.,,KHÔNG CÓ TÁC DỤNG,false,Không đưa vào bảng phẳng. Sửa nguồn cũng vô ích vì sửa xong vẫn không nói được gì về nhu cầu.
lược đồ dwh,true,fact_asset_placements,placement_id,—,BỎ — hằng số,,0.0,,true,,,0.0,rỗng hoặc hằng số — bỏ,KHÔNG CẦN THIẾT,ĐO ĐƯỢC,U1 Hằng số hoặc rỗng,"Phương sai bằng 0 nên thông tin tương hỗ với BẤT KỲ nhãn nào cũng bằng 0. Hệ quả toán học, không phải ngưỡng vận hành.",ĐỦ,—,Không vướng cổng nào.,,KHÔNG CÓ TÁC DỤNG,false,Không đưa vào bảng phẳng. Sửa nguồn cũng vô ích vì sửa xong vẫn không nói được gì về nhu cầu.
lược đồ dwh,true,fact_asset_placements,id,—,BỎ — hằng số,,0.0,,true,,,0.0,rỗng hoặc hằng số — bỏ,KHÔNG CẦN THIẾT,ĐO ĐƯỢC,U1 Hằng số hoặc rỗng,"Phương sai bằng 0 nên thông tin tương hỗ với BẤT KỲ nhãn nào cũng bằng 0. Hệ quả toán học, không phải ngưỡng vận hành.",ĐỦ,—,Không vướng cổng nào.,,KHÔNG CÓ TÁC DỤNG,false,Không đưa vào bảng phẳng. Sửa nguồn cũng vô ích vì sửa xong vẫn không nói được gì về nhu cầu.
lược đồ dwh,true,fact_asset_placements,source_refs,—,cột kỹ thuật — không phải đặc trưng,,,,false,,,0.0,rỗng hoặc hằng số — bỏ,KHÔNG CẦN THIẾT,ĐO ĐƯỢC,U1 Hằng số hoặc rỗng,"Phương sai bằng 0 nên thông tin tương hỗ với BẤT KỲ nhãn nào cũng bằng 0. Hệ quả toán học, không phải ngưỡng vận hành.",ĐỦ,—,Không vướng cổng nào.,,KHÔNG CÓ TÁC DỤNG,false,Không đưa vào bảng phẳng. Sửa nguồn cũng vô ích vì sửa xong vẫn không nói được gì về nhu cầu.
lược đồ dwh,true,fact_asset_placements,batch_id,—,BỎ — hằng số,,0.0,,true,,,0.0,rỗng hoặc hằng số — bỏ,KHÔNG CẦN THIẾT,ĐO ĐƯỢC,U1 Hằng số hoặc rỗng,"Phương sai bằng 0 nên thông tin tương hỗ với BẤT KỲ nhãn nào cũng bằng 0. Hệ quả toán học, không phải ngưỡng vận hành.",ĐỦ,—,Không vướng cổng nào.,,KHÔNG CÓ TÁC DỤNG,false,Không đưa vào bảng phẳng. Sửa nguồn cũng vô ích vì sửa xong vẫn không nói được gì về nhu cầu.
lược đồ dwh,true,fact_asset_placements,created_at,—,BỎ — hằng số,,0.0,,true,,,0.0,rỗng hoặc hằng số — bỏ,KHÔNG CẦN THIẾT,ĐO ĐƯỢC,U1 Hằng số hoặc rỗng,"Phương sai bằng 0 nên thông tin tương hỗ với BẤT KỲ nhãn nào cũng bằng 0. Hệ quả toán học, không phải ngưỡng vận hành.",ĐỦ,—,Không vướng cổng nào.,,KHÔNG CÓ TÁC DỤNG,false,Không đưa vào bảng phẳng. Sửa nguồn cũng vô ích vì sửa xong vẫn không nói được gì về nhu cầu.
lược đồ dwh,true,fact_asset_placements,updated_at,—,BỎ — hằng số,,0.0,,true,,,0.0,rỗng hoặc hằng số — bỏ,KHÔNG CẦN THIẾT,ĐO ĐƯỢC,U1 Hằng số hoặc rỗng,"Phương sai bằng 0 nên thông tin tương hỗ với BẤT KỲ nhãn nào cũng bằng 0. Hệ quả toán học, không phải ngưỡng vận hành.",ĐỦ,—,Không vướng cổng nào.,,KHÔNG CÓ TÁC DỤNG,false,Không đưa vào bảng phẳng. Sửa nguồn cũng vô ích vì sửa xong vẫn không nói được gì về nhu cầu.
lược đồ dwh,true,fact_delivery_details,attempt_count,số,đặc trưng,0.0,3.0,0.001,false,,-1446.0,0.0,rỗng hoặc hằng số — bỏ,KHÔNG CẦN THIẾT,ĐO ĐƯỢC,U1 Hằng số hoặc rỗng,"Phương sai bằng 0 nên thông tin tương hỗ với BẤT KỲ nhãn nào cũng bằng 0. Hệ quả toán học, không phải ngưỡng vận hành.",ĐỦ,—,Không vướng cổng nào.,,KHÔNG CÓ TÁC DỤNG,false,Không đưa vào bảng phẳng. Sửa nguồn cũng vô ích vì sửa xong vẫn không nói được gì về nhu cầu.
lược đồ dwh,true,fact_delivery_details,is_warehouse_confirmed,số,đặc trưng,0.0,2.0,0.001,false,,-1446.0,0.0,rỗng hoặc hằng số — bỏ,KHÔNG CẦN THIẾT,ĐO ĐƯỢC,U1 Hằng số hoặc rỗng,"Phương sai bằng 0 nên thông tin tương hỗ với BẤT KỲ nhãn nào cũng bằng 0. Hệ quả toán học, không phải ngưỡng vận hành.",ĐỦ,—,Không vướng cổng nào.,,KHÔNG CÓ TÁC DỤNG,false,Không đưa vào bảng phẳng. Sửa nguồn cũng vô ích vì sửa xong vẫn không nói được gì về nhu cầu.
lược đồ dwh,true,fact_delivery_details,is_accountant_confirmed,số,đặc trưng,0.0,3.0,0.001,false,,-1446.0,0.0,rỗng hoặc hằng số — bỏ,KHÔNG CẦN THIẾT,ĐO ĐƯỢC,U1 Hằng số hoặc rỗng,"Phương sai bằng 0 nên thông tin tương hỗ với BẤT KỲ nhãn nào cũng bằng 0. Hệ quả toán học, không phải ngưỡng vận hành.",ĐỦ,—,Không vướng cổng nào.,,KHÔNG CÓ TÁC DỤNG,false,Không đưa vào bảng phẳng. Sửa nguồn cũng vô ích vì sửa xong vẫn không nói được gì về nhu cầu.
lược đồ dwh,true,fact_delivery_details,received_qty_status,phân loại,BỎ — hằng số,0.0,1.0,0.0,true,,-1446.0,0.0,rỗng hoặc hằng số — bỏ,KHÔNG CẦN THIẾT,ĐO ĐƯỢC,U1 Hằng số hoặc rỗng,"Phương sai bằng 0 nên thông tin tương hỗ với BẤT KỲ nhãn nào cũng bằng 0. Hệ quả toán học, không phải ngưỡng vận hành.",ĐỦ,—,Không vướng cổng nào.,,KHÔNG CÓ TÁC DỤNG,false,Không đưa vào bảng phẳng. Sửa nguồn cũng vô ích vì sửa xong vẫn không nói được gì về nhu cầu.
lược đồ dwh,true,fact_delivery_details,recon_status,phân loại,BỎ — hằng số,0.0,1.0,0.0,true,,-1446.0,0.0,rỗng hoặc hằng số — bỏ,KHÔNG CẦN THIẾT,ĐO ĐƯỢC,U1 Hằng số hoặc rỗng,"Phương sai bằng 0 nên thông tin tương hỗ với BẤT KỲ nhãn nào cũng bằng 0. Hệ quả toán học, không phải ngưỡng vận hành.",ĐỦ,—,Không vướng cổng nào.,,KHÔNG CÓ TÁC DỤNG,false,Không đưa vào bảng phẳng. Sửa nguồn cũng vô ích vì sửa xong vẫn không nói được gì về nhu cầu.
lược đồ dwh,true,fact_delivery_details,qty_remain,số,đặc trưng,0.0,92.0,0.031,false,,-1446.0,0.0,rỗng hoặc hằng số — bỏ,KHÔNG CẦN THIẾT,ĐO ĐƯỢC,U1 Hằng số hoặc rỗng,"Phương sai bằng 0 nên thông tin tương hỗ với BẤT KỲ nhãn nào cũng bằng 0. Hệ quả toán học, không phải ngưỡng vận hành.",ĐỦ,—,Không vướng cổng nào.,,KHÔNG CÓ TÁC DỤNG,false,Không đưa vào bảng phẳng. Sửa nguồn cũng vô ích vì sửa xong vẫn không nói được gì về nhu cầu.
lược đồ dwh,true,fact_delivery_details,ai_qty_received,số,BỎ — hằng số,0.0,1.0,0.0,true,,-1446.0,0.0,rỗng hoặc hằng số — bỏ,KHÔNG CẦN THIẾT,ĐO ĐƯỢC,U1 Hằng số hoặc rỗng,"Phương sai bằng 0 nên thông tin tương hỗ với BẤT KỲ nhãn nào cũng bằng 0. Hệ quả toán học, không phải ngưỡng vận hành.",ĐỦ,—,Không vướng cổng nào.,,KHÔNG CÓ TÁC DỤNG,false,Không đưa vào bảng phẳng. Sửa nguồn cũng vô ích vì sửa xong vẫn không nói được gì về nhu cầu.
lược đồ dwh,true,fact_delivery_details,is_valid_line,số,đặc trưng,0.0,2.0,0.001,false,,-1446.0,0.0,rỗng hoặc hằng số — bỏ,KHÔNG CẦN THIẾT,ĐO ĐƯỢC,U1 Hằng số hoặc rỗng,"Phương sai bằng 0 nên thông tin tương hỗ với BẤT KỲ nhãn nào cũng bằng 0. Hệ quả toán học, không phải ngưỡng vận hành.",ĐỦ,—,Không vướng cổng nào.,,KHÔNG CÓ TÁC DỤNG,false,Không đưa vào bảng phẳng. Sửa nguồn cũng vô ích vì sửa xong vẫn không nói được gì về nhu cầu.
lược đồ dwh,true,fact_inventory_daily_balances,source_system,phân loại,BỎ — hằng số,0.0,1.0,0.001,true,,0.0,0.0,rỗng hoặc hằng số — bỏ,KHÔNG CẦN THIẾT,ĐO ĐƯỢC,U1 Hằng số hoặc rỗng,"Phương sai bằng 0 nên thông tin tương hỗ với BẤT KỲ nhãn nào cũng bằng 0. Hệ quả toán học, không phải ngưỡng vận hành.",ĐỦ,—,Không vướng cổng nào.,,KHÔNG CÓ TÁC DỤNG,false,Không đưa vào bảng phẳng. Sửa nguồn cũng vô ích vì sửa xong vẫn không nói được gì về nhu cầu.
lược đồ dwh,true,fact_inventory_daily_balances,closing_value,số,BỎ — hằng số,0.0,1.0,0.001,true,,0.0,0.0,rỗng hoặc hằng số — bỏ,KHÔNG CẦN THIẾT,ĐO ĐƯỢC,U1 Hằng số hoặc rỗng,"Phương sai bằng 0 nên thông tin tương hỗ với BẤT KỲ nhãn nào cũng bằng 0. Hệ quả toán học, không phải ngưỡng vận hành.",ĐỦ,—,Không vướng cổng nào.,,KHÔNG CÓ TÁC DỤNG,false,Không đưa vào bảng phẳng. Sửa nguồn cũng vô ích vì sửa xong vẫn không nói được gì về nhu cầu.
lược đồ dwh,true,fact_inventory_transactions,transaction_type,số,đặc trưng,0.0,2.0,0.001,false,,0.0,0.0,rỗng hoặc hằng số — bỏ,KHÔNG CẦN THIẾT,ĐO ĐƯỢC,U1 Hằng số hoặc rỗng,"Phương sai bằng 0 nên thông tin tương hỗ với BẤT KỲ nhãn nào cũng bằng 0. Hệ quả toán học, không phải ngưỡng vận hành.",ĐỦ,—,Không vướng cổng nào.,,KHÔNG CÓ TÁC DỤNG,false,Không đưa vào bảng phẳng. Sửa nguồn cũng vô ích vì sửa xong vẫn không nói được gì về nhu cầu.
lược đồ dwh,true,fact_order_fulfillment,delivery_type_key,số,BỎ — hằng số,0.0,1.0,0.0,true,0.0,0.0,0.0,rỗng hoặc hằng số — bỏ,KHÔNG CẦN THIẾT,ĐO ĐƯỢC,U1 Hằng số hoặc rỗng,"Phương sai bằng 0 nên thông tin tương hỗ với BẤT KỲ nhãn nào cũng bằng 0. Hệ quả toán học, không phải ngưỡng vận hành.",ĐỦ,—,Không vướng cổng nào.,,KHÔNG CÓ TÁC DỤNG,false,Không đưa vào bảng phẳng. Sửa nguồn cũng vô ích vì sửa xong vẫn không nói được gì về nhu cầu.
lược đồ dwh,true,fact_order_fulfillment,is_count,số,BỎ — hằng số,0.0,1.0,0.0,true,,0.0,0.0,rỗng hoặc hằng số — bỏ,KHÔNG CẦN THIẾT,ĐO ĐƯỢC,U1 Hằng số hoặc rỗng,"Phương sai bằng 0 nên thông tin tương hỗ với BẤT KỲ nhãn nào cũng bằng 0. Hệ quả toán học, không phải ngưỡng vận hành.",ĐỦ,—,Không vướng cổng nào.,,KHÔNG CÓ TÁC DỤNG,false,Không đưa vào bảng phẳng. Sửa nguồn cũng vô ích vì sửa xong vẫn không nói được gì về nhu cầu.
lược đồ dwh,true,fact_order_lines,delivery_type_key,số,BỎ — hằng số,0.0,1.0,0.0,true,0.0,0.0,0.0,rỗng hoặc hằng số — bỏ,KHÔNG CẦN THIẾT,ĐO ĐƯỢC,U1 Hằng số hoặc rỗng,"Phương sai bằng 0 nên thông tin tương hỗ với BẤT KỲ nhãn nào cũng bằng 0. Hệ quả toán học, không phải ngưỡng vận hành.",ĐỦ,—,Không vướng cổng nào.,,KHÔNG CÓ TÁC DỤNG,false,Không đưa vào bảng phẳng. Sửa nguồn cũng vô ích vì sửa xong vẫn không nói được gì về nhu cầu.
lược đồ dwh,true,fact_order_lines,eco_flag,số,đặc trưng,0.0,2.0,0.001,false,,0.0,0.0,rỗng hoặc hằng số — bỏ,KHÔNG CẦN THIẾT,ĐO ĐƯỢC,U1 Hằng số hoặc rỗng,"Phương sai bằng 0 nên thông tin tương hỗ với BẤT KỲ nhãn nào cũng bằng 0. Hệ quả toán học, không phải ngưỡng vận hành.",ĐỦ,—,Không vướng cổng nào.,,KHÔNG CÓ TÁC DỤNG,false,Không đưa vào bảng phẳng. Sửa nguồn cũng vô ích vì sửa xong vẫn không nói được gì về nhu cầu.
lược đồ dwh,true,fact_promo_budget_available,currency_code,phân loại,BỎ — hằng số,54.29,1.0,0.001,true,,0.0,0.0,rỗng hoặc hằng số — bỏ,KHÔNG CẦN THIẾT,ĐO ĐƯỢC,U1 Hằng số hoặc rỗng,"Phương sai bằng 0 nên thông tin tương hỗ với BẤT KỲ nhãn nào cũng bằng 0. Hệ quả toán học, không phải ngưỡng vận hành.",ĐỦ,—,Không vướng cổng nào.,,KHÔNG CÓ TÁC DỤNG,false,Không đưa vào bảng phẳng. Sửa nguồn cũng vô ích vì sửa xong vẫn không nói được gì về nhu cầu.
lược đồ dwh,true,fact_promo_budget_available,batch_id,số,BỎ — hằng số,0.0,1.0,0.001,true,,0.0,0.0,rỗng hoặc hằng số — bỏ,KHÔNG CẦN THIẾT,ĐO ĐƯỢC,U1 Hằng số hoặc rỗng,"Phương sai bằng 0 nên thông tin tương hỗ với BẤT KỲ nhãn nào cũng bằng 0. Hệ quả toán học, không phải ngưỡng vận hành.",ĐỦ,—,Không vướng cổng nào.,,KHÔNG CÓ TÁC DỤNG,false,Không đưa vào bảng phẳng. Sửa nguồn cũng vô ích vì sửa xong vẫn không nói được gì về nhu cầu.
lược đồ dwh,true,fact_promo_budget_available,created_at,phân loại,BỎ — hằng số,0.0,1.0,0.001,true,,0.0,0.0,rỗng hoặc hằng số — bỏ,KHÔNG CẦN THIẾT,ĐO ĐƯỢC,U1 Hằng số hoặc rỗng,"Phương sai bằng 0 nên thông tin tương hỗ với BẤT KỲ nhãn nào cũng bằng 0. Hệ quả toán học, không phải ngưỡng vận hành.",ĐỦ,—,Không vướng cổng nào.,,KHÔNG CÓ TÁC DỤNG,false,Không đưa vào bảng phẳng. Sửa nguồn cũng vô ích vì sửa xong vẫn không nói được gì về nhu cầu.
lược đồ dwh,true,fact_roadmap_stores,batch_id,số,BỎ — hằng số,0.0,1.0,0.006,true,,,0.0,rỗng hoặc hằng số — bỏ,KHÔNG CẦN THIẾT,ĐO ĐƯỢC,U1 Hằng số hoặc rỗng,"Phương sai bằng 0 nên thông tin tương hỗ với BẤT KỲ nhãn nào cũng bằng 0. Hệ quả toán học, không phải ngưỡng vận hành.",ĐỦ,—,Không vướng cổng nào.,,KHÔNG CÓ TÁC DỤNG,false,Không đưa vào bảng phẳng. Sửa nguồn cũng vô ích vì sửa xong vẫn không nói được gì về nhu cầu.
lược đồ dwh,true,fact_roadmap_stores,created_at,phân loại,BỎ — hằng số,0.0,1.0,0.006,true,,,0.0,rỗng hoặc hằng số — bỏ,KHÔNG CẦN THIẾT,ĐO ĐƯỢC,U1 Hằng số hoặc rỗng,"Phương sai bằng 0 nên thông tin tương hỗ với BẤT KỲ nhãn nào cũng bằng 0. Hệ quả toán học, không phải ngưỡng vận hành.",ĐỦ,—,Không vướng cổng nào.,,KHÔNG CÓ TÁC DỤNG,false,Không đưa vào bảng phẳng. Sửa nguồn cũng vô ích vì sửa xong vẫn không nói được gì về nhu cầu.
lược đồ dwh,true,fact_roadmap_stores,updated_at,phân loại,BỎ — hằng số,0.0,1.0,0.006,true,,,0.0,rỗng hoặc hằng số — bỏ,KHÔNG CẦN THIẾT,ĐO ĐƯỢC,U1 Hằng số hoặc rỗng,"Phương sai bằng 0 nên thông tin tương hỗ với BẤT KỲ nhãn nào cũng bằng 0. Hệ quả toán học, không phải ngưỡng vận hành.",ĐỦ,—,Không vướng cổng nào.,,KHÔNG CÓ TÁC DỤNG,false,Không đưa vào bảng phẳng. Sửa nguồn cũng vô ích vì sửa xong vẫn không nói được gì về nhu cầu.
lược đồ dwh,true,fact_roadmaps,batch_id,số,BỎ — hằng số,0.0,1.0,0.373,true,,,0.0,rỗng hoặc hằng số — bỏ,KHÔNG CẦN THIẾT,ĐO ĐƯỢC,U1 Hằng số hoặc rỗng,"Phương sai bằng 0 nên thông tin tương hỗ với BẤT KỲ nhãn nào cũng bằng 0. Hệ quả toán học, không phải ngưỡng vận hành.",ĐỦ,—,Không vướng cổng nào.,,KHÔNG CÓ TÁC DỤNG,false,Không đưa vào bảng phẳng. Sửa nguồn cũng vô ích vì sửa xong vẫn không nói được gì về nhu cầu.
lược đồ dwh,true,fact_roadmaps,updated_at,phân loại,BỎ — hằng số,0.0,1.0,0.373,true,,,0.0,rỗng hoặc hằng số — bỏ,KHÔNG CẦN THIẾT,ĐO ĐƯỢC,U1 Hằng số hoặc rỗng,"Phương sai bằng 0 nên thông tin tương hỗ với BẤT KỲ nhãn nào cũng bằng 0. Hệ quả toán học, không phải ngưỡng vận hành.",ĐỦ,—,Không vướng cổng nào.,,KHÔNG CÓ TÁC DỤNG,false,Không đưa vào bảng phẳng. Sửa nguồn cũng vô ích vì sửa xong vẫn không nói được gì về nhu cầu.
lược đồ dwh,true,fact_sales_targets,salesman_id,số,BỎ — hằng số,0.0,1.0,0.37,true,0.0,,0.0,rỗng hoặc hằng số — bỏ,KHÔNG CẦN THIẾT,ĐO ĐƯỢC,U1 Hằng số hoặc rỗng,"Phương sai bằng 0 nên thông tin tương hỗ với BẤT KỲ nhãn nào cũng bằng 0. Hệ quả toán học, không phải ngưỡng vận hành.",ĐỦ,—,Không vướng cổng nào.,BỎ,KHÔNG CÓ TÁC DỤNG,false,Không đưa vào bảng phẳng. Sửa nguồn cũng vô ích vì sửa xong vẫn không nói được gì về nhu cầu.
lược đồ dwh,true,fact_sales_targets,target_revenue,số,BỎ — hằng số,0.0,1.0,0.37,true,,,0.0,rỗng hoặc hằng số — bỏ,KHÔNG CẦN THIẾT,ĐO ĐƯỢC,U1 Hằng số hoặc rỗng,"Phương sai bằng 0 nên thông tin tương hỗ với BẤT KỲ nhãn nào cũng bằng 0. Hệ quả toán học, không phải ngưỡng vận hành.",ĐỦ,—,Không vướng cổng nào.,,KHÔNG CÓ TÁC DỤNG,false,Không đưa vào bảng phẳng. Sửa nguồn cũng vô ích vì sửa xong vẫn không nói được gì về nhu cầu.
lược đồ dwh,true,fact_sales_targets,target_order_count,số,BỎ — hằng số,0.0,1.0,0.37,true,,,0.0,rỗng hoặc hằng số — bỏ,KHÔNG CẦN THIẾT,ĐO ĐƯỢC,U1 Hằng số hoặc rỗng,"Phương sai bằng 0 nên thông tin tương hỗ với BẤT KỲ nhãn nào cũng bằng 0. Hệ quả toán học, không phải ngưỡng vận hành.",ĐỦ,—,Không vướng cổng nào.,,KHÔNG CÓ TÁC DỤNG,false,Không đưa vào bảng phẳng. Sửa nguồn cũng vô ích vì sửa xong vẫn không nói được gì về nhu cầu.
lược đồ dwh,true,fact_sales_targets,target_new_store,số,BỎ — hằng số,0.0,1.0,0.37,true,,,0.0,rỗng hoặc hằng số — bỏ,KHÔNG CẦN THIẾT,ĐO ĐƯỢC,U1 Hằng số hoặc rỗng,"Phương sai bằng 0 nên thông tin tương hỗ với BẤT KỲ nhãn nào cũng bằng 0. Hệ quả toán học, không phải ngưỡng vận hành.",ĐỦ,—,Không vướng cổng nào.,,KHÔNG CÓ TÁC DỤNG,false,Không đưa vào bảng phẳng. Sửa nguồn cũng vô ích vì sửa xong vẫn không nói được gì về nhu cầu.
lược đồ dwh,true,fact_sales_targets,source_refs,phân loại,cột kỹ thuật — không phải đặc trưng,0.0,,,false,,,0.0,rỗng hoặc hằng số — bỏ,KHÔNG CẦN THIẾT,ĐO ĐƯỢC,U1 Hằng số hoặc rỗng,"Phương sai bằng 0 nên thông tin tương hỗ với BẤT KỲ nhãn nào cũng bằng 0. Hệ quả toán học, không phải ngưỡng vận hành.",ĐỦ,—,Không vướng cổng nào.,,KHÔNG CÓ TÁC DỤNG,false,Không đưa vào bảng phẳng. Sửa nguồn cũng vô ích vì sửa xong vẫn không nói được gì về nhu cầu.
lược đồ dwh,true,fact_trade_promo,id,—,BỎ — hằng số,,0.0,,true,,,0.0,rỗng hoặc hằng số — bỏ,KHÔNG CẦN THIẾT,ĐO ĐƯỢC,U1 Hằng số hoặc rỗng,"Phương sai bằng 0 nên thông tin tương hỗ với BẤT KỲ nhãn nào cũng bằng 0. Hệ quả toán học, không phải ngưỡng vận hành.",ĐỦ,—,Không vướng cổng nào.,,KHÔNG CÓ TÁC DỤNG,false,Không đưa vào bảng phẳng. Sửa nguồn cũng vô ích vì sửa xong vẫn không nói được gì về nhu cầu.
lược đồ dwh,true,fact_trade_promo,promotion_id,—,BỎ — hằng số,,0.0,,true,0.0,,0.0,rỗng hoặc hằng số — bỏ,KHÔNG CẦN THIẾT,ĐO ĐƯỢC,U1 Hằng số hoặc rỗng,"Phương sai bằng 0 nên thông tin tương hỗ với BẤT KỲ nhãn nào cũng bằng 0. Hệ quả toán học, không phải ngưỡng vận hành.",ĐỦ,—,Không vướng cổng nào.,,KHÔNG CÓ TÁC DỤNG,false,Không đưa vào bảng phẳng. Sửa nguồn cũng vô ích vì sửa xong vẫn không nói được gì về nhu cầu.
lược đồ dwh,true,fact_trade_promo,store_key,—,BỎ — hằng số,,0.0,,true,0.0,,0.0,rỗng hoặc hằng số — bỏ,KHÔNG CẦN THIẾT,ĐO ĐƯỢC,U1 Hằng số hoặc rỗng,"Phương sai bằng 0 nên thông tin tương hỗ với BẤT KỲ nhãn nào cũng bằng 0. Hệ quả toán học, không phải ngưỡng vận hành.",ĐỦ,—,Không vướng cổng nào.,,KHÔNG CÓ TÁC DỤNG,false,Không đưa vào bảng phẳng. Sửa nguồn cũng vô ích vì sửa xong vẫn không nói được gì về nhu cầu.
lược đồ dwh,true,fact_trade_promo,product_key,—,BỎ — hằng số,,0.0,,true,0.0,,0.0,rỗng hoặc hằng số — bỏ,KHÔNG CẦN THIẾT,ĐO ĐƯỢC,U1 Hằng số hoặc rỗng,"Phương sai bằng 0 nên thông tin tương hỗ với BẤT KỲ nhãn nào cũng bằng 0. Hệ quả toán học, không phải ngưỡng vận hành.",ĐỦ,—,Không vướng cổng nào.,,KHÔNG CÓ TÁC DỤNG,false,Không đưa vào bảng phẳng. Sửa nguồn cũng vô ích vì sửa xong vẫn không nói được gì về nhu cầu.
lược đồ dwh,true,fact_trade_promo,distributor_key,—,BỎ — hằng số,,0.0,,true,0.0,,0.0,rỗng hoặc hằng số — bỏ,KHÔNG CẦN THIẾT,ĐO ĐƯỢC,U1 Hằng số hoặc rỗng,"Phương sai bằng 0 nên thông tin tương hỗ với BẤT KỲ nhãn nào cũng bằng 0. Hệ quả toán học, không phải ngưỡng vận hành.",ĐỦ,—,Không vướng cổng nào.,,KHÔNG CÓ TÁC DỤNG,false,Không đưa vào bảng phẳng. Sửa nguồn cũng vô ích vì sửa xong vẫn không nói được gì về nhu cầu.
lược đồ dwh,true,fact_trade_promo,period_year,—,BỎ — hằng số,,0.0,,true,,,0.0,rỗng hoặc hằng số — bỏ,KHÔNG CẦN THIẾT,ĐO ĐƯỢC,U1 Hằng số hoặc rỗng,"Phương sai bằng 0 nên thông tin tương hỗ với BẤT KỲ nhãn nào cũng bằng 0. Hệ quả toán học, không phải ngưỡng vận hành.",ĐỦ,—,Không vướng cổng nào.,,KHÔNG CÓ TÁC DỤNG,false,Không đưa vào bảng phẳng. Sửa nguồn cũng vô ích vì sửa xong vẫn không nói được gì về nhu cầu.
lược đồ dwh,true,fact_trade_promo,period_month,—,BỎ — hằng số,,0.0,,true,,,0.0,rỗng hoặc hằng số — bỏ,KHÔNG CẦN THIẾT,ĐO ĐƯỢC,U1 Hằng số hoặc rỗng,"Phương sai bằng 0 nên thông tin tương hỗ với BẤT KỲ nhãn nào cũng bằng 0. Hệ quả toán học, không phải ngưỡng vận hành.",ĐỦ,—,Không vướng cổng nào.,,KHÔNG CÓ TÁC DỤNG,false,Không đưa vào bảng phẳng. Sửa nguồn cũng vô ích vì sửa xong vẫn không nói được gì về nhu cầu.
lược đồ dwh,true,fact_trade_promo,ns_allocated,—,BỎ — hằng số,,0.0,,true,,,0.0,rỗng hoặc hằng số — bỏ,KHÔNG CẦN THIẾT,ĐO ĐƯỢC,U1 Hằng số hoặc rỗng,"Phương sai bằng 0 nên thông tin tương hỗ với BẤT KỲ nhãn nào cũng bằng 0. Hệ quả toán học, không phải ngưỡng vận hành.",ĐỦ,—,Không vướng cổng nào.,,KHÔNG CÓ TÁC DỤNG,false,Không đưa vào bảng phẳng. Sửa nguồn cũng vô ích vì sửa xong vẫn không nói được gì về nhu cầu.
lược đồ dwh,true,fact_trade_promo,ns_used,—,BỎ — hằng số,,0.0,,true,,,0.0,rỗng hoặc hằng số — bỏ,KHÔNG CẦN THIẾT,ĐO ĐƯỢC,U1 Hằng số hoặc rỗng,"Phương sai bằng 0 nên thông tin tương hỗ với BẤT KỲ nhãn nào cũng bằng 0. Hệ quả toán học, không phải ngưỡng vận hành.",ĐỦ,—,Không vướng cổng nào.,,KHÔNG CÓ TÁC DỤNG,false,Không đưa vào bảng phẳng. Sửa nguồn cũng vô ích vì sửa xong vẫn không nói được gì về nhu cầu.
lược đồ dwh,true,fact_trade_promo,foc_value,—,BỎ — hằng số,,0.0,,true,,,0.0,rỗng hoặc hằng số — bỏ,KHÔNG CẦN THIẾT,ĐO ĐƯỢC,U1 Hằng số hoặc rỗng,"Phương sai bằng 0 nên thông tin tương hỗ với BẤT KỲ nhãn nào cũng bằng 0. Hệ quả toán học, không phải ngưỡng vận hành.",ĐỦ,—,Không vướng cổng nào.,,KHÔNG CÓ TÁC DỤNG,false,Không đưa vào bảng phẳng. Sửa nguồn cũng vô ích vì sửa xong vẫn không nói được gì về nhu cầu.
lược đồ dwh,true,fact_trade_promo,foc_qty_carton,—,BỎ — hằng số,,0.0,,true,,,0.0,rỗng hoặc hằng số — bỏ,KHÔNG CẦN THIẾT,ĐO ĐƯỢC,U1 Hằng số hoặc rỗng,"Phương sai bằng 0 nên thông tin tương hỗ với BẤT KỲ nhãn nào cũng bằng 0. Hệ quả toán học, không phải ngưỡng vận hành.",ĐỦ,—,Không vướng cổng nào.,,KHÔNG CÓ TÁC DỤNG,false,Không đưa vào bảng phẳng. Sửa nguồn cũng vô ích vì sửa xong vẫn không nói được gì về nhu cầu.
lược đồ dwh,true,fact_trade_promo,cnt_entered,—,BỎ — hằng số,,0.0,,true,,,0.0,rỗng hoặc hằng số — bỏ,KHÔNG CẦN THIẾT,ĐO ĐƯỢC,U1 Hằng số hoặc rỗng,"Phương sai bằng 0 nên thông tin tương hỗ với BẤT KỲ nhãn nào cũng bằng 0. Hệ quả toán học, không phải ngưỡng vận hành.",ĐỦ,—,Không vướng cổng nào.,,KHÔNG CÓ TÁC DỤNG,false,Không đưa vào bảng phẳng. Sửa nguồn cũng vô ích vì sửa xong vẫn không nói được gì về nhu cầu.
lược đồ dwh,true,fact_trade_promo,cnt_uninvoiced,—,BỎ — hằng số,,0.0,,true,,,0.0,rỗng hoặc hằng số — bỏ,KHÔNG CẦN THIẾT,ĐO ĐƯỢC,U1 Hằng số hoặc rỗng,"Phương sai bằng 0 nên thông tin tương hỗ với BẤT KỲ nhãn nào cũng bằng 0. Hệ quả toán học, không phải ngưỡng vận hành.",ĐỦ,—,Không vướng cổng nào.,,KHÔNG CÓ TÁC DỤNG,false,Không đưa vào bảng phẳng. Sửa nguồn cũng vô ích vì sửa xong vẫn không nói được gì về nhu cầu.
lược đồ dwh,true,fact_trade_promo,cnt_ar_interface,—,BỎ — hằng số,,0.0,,true,,,0.0,rỗng hoặc hằng số — bỏ,KHÔNG CẦN THIẾT,ĐO ĐƯỢC,U1 Hằng số hoặc rỗng,"Phương sai bằng 0 nên thông tin tương hỗ với BẤT KỲ nhãn nào cũng bằng 0. Hệ quả toán học, không phải ngưỡng vận hành.",ĐỦ,—,Không vướng cổng nào.,,KHÔNG CÓ TÁC DỤNG,false,Không đưa vào bảng phẳng. Sửa nguồn cũng vô ích vì sửa xong vẫn không nói được gì về nhu cầu.
lược đồ dwh,true,fact_trade_promo,cnt_invoiced,—,BỎ — hằng số,,0.0,,true,,,0.0,rỗng hoặc hằng số — bỏ,KHÔNG CẦN THIẾT,ĐO ĐƯỢC,U1 Hằng số hoặc rỗng,"Phương sai bằng 0 nên thông tin tương hỗ với BẤT KỲ nhãn nào cũng bằng 0. Hệ quả toán học, không phải ngưỡng vận hành.",ĐỦ,—,Không vướng cổng nào.,,KHÔNG CÓ TÁC DỤNG,false,Không đưa vào bảng phẳng. Sửa nguồn cũng vô ích vì sửa xong vẫn không nói được gì về nhu cầu.
lược đồ dwh,true,fact_trade_promo,batch_id,—,BỎ — hằng số,,0.0,,true,,,0.0,rỗng hoặc hằng số — bỏ,KHÔNG CẦN THIẾT,ĐO ĐƯỢC,U1 Hằng số hoặc rỗng,"Phương sai bằng 0 nên thông tin tương hỗ với BẤT KỲ nhãn nào cũng bằng 0. Hệ quả toán học, không phải ngưỡng vận hành.",ĐỦ,—,Không vướng cổng nào.,,KHÔNG CÓ TÁC DỤNG,false,Không đưa vào bảng phẳng. Sửa nguồn cũng vô ích vì sửa xong vẫn không nói được gì về nhu cầu.
lược đồ dwh,true,fact_trade_promo,source_refs,—,cột kỹ thuật — không phải đặc trưng,,,,false,,,0.0,rỗng hoặc hằng số — bỏ,KHÔNG CẦN THIẾT,ĐO ĐƯỢC,U1 Hằng số hoặc rỗng,"Phương sai bằng 0 nên thông tin tương hỗ với BẤT KỲ nhãn nào cũng bằng 0. Hệ quả toán học, không phải ngưỡng vận hành.",ĐỦ,—,Không vướng cổng nào.,,KHÔNG CÓ TÁC DỤNG,false,Không đưa vào bảng phẳng. Sửa nguồn cũng vô ích vì sửa xong vẫn không nói được gì về nhu cầu.
lược đồ dwh,true,fact_trade_promo,created_at,—,BỎ — hằng số,,0.0,,true,,,0.0,rỗng hoặc hằng số — bỏ,KHÔNG CẦN THIẾT,ĐO ĐƯỢC,U1 Hằng số hoặc rỗng,"Phương sai bằng 0 nên thông tin tương hỗ với BẤT KỲ nhãn nào cũng bằng 0. Hệ quả toán học, không phải ngưỡng vận hành.",ĐỦ,—,Không vướng cổng nào.,,KHÔNG CÓ TÁC DỤNG,false,Không đưa vào bảng phẳng. Sửa nguồn cũng vô ích vì sửa xong vẫn không nói được gì về nhu cầu.
lược đồ dwh,true,fact_trade_promo,updated_at,—,BỎ — hằng số,,0.0,,true,,,0.0,rỗng hoặc hằng số — bỏ,KHÔNG CẦN THIẾT,ĐO ĐƯỢC,U1 Hằng số hoặc rỗng,"Phương sai bằng 0 nên thông tin tương hỗ với BẤT KỲ nhãn nào cũng bằng 0. Hệ quả toán học, không phải ngưỡng vận hành.",ĐỦ,—,Không vướng cổng nào.,,KHÔNG CÓ TÁC DỤNG,false,Không đưa vào bảng phẳng. Sửa nguồn cũng vô ích vì sửa xong vẫn không nói được gì về nhu cầu.
lược đồ dwh,true,fact_weather_forecast,source_refs,phân loại,cột kỹ thuật — không phải đặc trưng,0.0,,,false,,-15.0,0.0,rỗng hoặc hằng số — bỏ,KHÔNG CẦN THIẾT,ĐO ĐƯỢC,U1 Hằng số hoặc rỗng,"Phương sai bằng 0 nên thông tin tương hỗ với BẤT KỲ nhãn nào cũng bằng 0. Hệ quả toán học, không phải ngưỡng vận hành.",ĐỦ,—,Không vướng cổng nào.,,KHÔNG CÓ TÁC DỤNG,false,Không đưa vào bảng phẳng. Sửa nguồn cũng vô ích vì sửa xong vẫn không nói được gì về nhu cầu.
lược đồ dwh,true,fact_weather_forecast,batch_id,số,cột kỹ thuật — không phải đặc trưng,0.0,82.0,0.053,false,,-15.0,0.0,rỗng hoặc hằng số — bỏ,KHÔNG CẦN THIẾT,ĐO ĐƯỢC,U1 Hằng số hoặc rỗng,"Phương sai bằng 0 nên thông tin tương hỗ với BẤT KỲ nhãn nào cũng bằng 0. Hệ quả toán học, không phải ngưỡng vận hành.",ĐỦ,—,Không vướng cổng nào.,,KHÔNG CÓ TÁC DỤNG,false,Không đưa vào bảng phẳng. Sửa nguồn cũng vô ích vì sửa xong vẫn không nói được gì về nhu cầu.
lược đồ dwh,false,zz_archive_om_orphans_20260804,distributor_key,số,BỎ — hằng số,0.0,1.0,0.224,true,0.0,,0.0,rỗng hoặc hằng số — bỏ,KHÔNG CẦN THIẾT,ĐO ĐƯỢC,U1 Hằng số hoặc rỗng,"Phương sai bằng 0 nên thông tin tương hỗ với BẤT KỲ nhãn nào cũng bằng 0. Hệ quả toán học, không phải ngưỡng vận hành.",ĐỦ,—,Không vướng cổng nào.,,KHÔNG CÓ TÁC DỤNG,false,Không đưa vào bảng phẳng. Sửa nguồn cũng vô ích vì sửa xong vẫn không nói được gì về nhu cầu.
lược đồ dwh,false,zz_archive_om_orphans_20260804,line_status_key,số,BỎ — hằng số,0.0,1.0,0.224,true,,,0.0,rỗng hoặc hằng số — bỏ,KHÔNG CẦN THIẾT,ĐO ĐƯỢC,U1 Hằng số hoặc rỗng,"Phương sai bằng 0 nên thông tin tương hỗ với BẤT KỲ nhãn nào cũng bằng 0. Hệ quả toán học, không phải ngưỡng vận hành.",ĐỦ,—,Không vướng cổng nào.,,KHÔNG CÓ TÁC DỤNG,false,Không đưa vào bảng phẳng. Sửa nguồn cũng vô ích vì sửa xong vẫn không nói được gì về nhu cầu.
lược đồ dwh,false,zz_archive_om_orphans_20260804,delivery_type_key,số,BỎ — hằng số,0.0,1.0,0.224,true,0.0,,0.0,rỗng hoặc hằng số — bỏ,KHÔNG CẦN THIẾT,ĐO ĐƯỢC,U1 Hằng số hoặc rỗng,"Phương sai bằng 0 nên thông tin tương hỗ với BẤT KỲ nhãn nào cũng bằng 0. Hệ quả toán học, không phải ngưỡng vận hành.",ĐỦ,—,Không vướng cổng nào.,,KHÔNG CÓ TÁC DỤNG,false,Không đưa vào bảng phẳng. Sửa nguồn cũng vô ích vì sửa xong vẫn không nói được gì về nhu cầu.
lược đồ dwh,false,zz_archive_om_orphans_20260804,cancelled_qty,số,đặc trưng,0.0,2.0,0.448,false,,,0.0,rỗng hoặc hằng số — bỏ,KHÔNG CẦN THIẾT,ĐO ĐƯỢC,U1 Hằng số hoặc rỗng,"Phương sai bằng 0 nên thông tin tương hỗ với BẤT KỲ nhãn nào cũng bằng 0. Hệ quả toán học, không phải ngưỡng vận hành.",ĐỦ,—,Không vướng cổng nào.,,KHÔNG CÓ TÁC DỤNG,false,Không đưa vào bảng phẳng. Sửa nguồn cũng vô ích vì sửa xong vẫn không nói được gì về nhu cầu.
lược đồ dwh,false,zz_archive_om_orphans_20260804,is_return,phân loại,BỎ — hằng số,0.0,1.0,0.224,true,,,0.0,rỗng hoặc hằng số — bỏ,KHÔNG CẦN THIẾT,ĐO ĐƯỢC,U1 Hằng số hoặc rỗng,"Phương sai bằng 0 nên thông tin tương hỗ với BẤT KỲ nhãn nào cũng bằng 0. Hệ quả toán học, không phải ngưỡng vận hành.",ĐỦ,—,Không vướng cổng nào.,,KHÔNG CÓ TÁC DỤNG,false,Không đưa vào bảng phẳng. Sửa nguồn cũng vô ích vì sửa xong vẫn không nói được gì về nhu cầu.
lược đồ dwh,false,zz_archive_om_orphans_20260804,is_free_order,phân loại,BỎ — hằng số,0.0,1.0,0.224,true,,,0.0,rỗng hoặc hằng số — bỏ,KHÔNG CẦN THIẾT,ĐO ĐƯỢC,U1 Hằng số hoặc rỗng,"Phương sai bằng 0 nên thông tin tương hỗ với BẤT KỲ nhãn nào cũng bằng 0. Hệ quả toán học, không phải ngưỡng vận hành.",ĐỦ,—,Không vướng cổng nào.,,KHÔNG CÓ TÁC DỤNG,false,Không đưa vào bảng phẳng. Sửa nguồn cũng vô ích vì sửa xong vẫn không nói được gì về nhu cầu.
lược đồ dwh,false,zz_archive_om_orphans_20260804,eco_flag,số,đặc trưng,0.0,2.0,0.448,false,,,0.0,rỗng hoặc hằng số — bỏ,KHÔNG CẦN THIẾT,ĐO ĐƯỢC,U1 Hằng số hoặc rỗng,"Phương sai bằng 0 nên thông tin tương hỗ với BẤT KỲ nhãn nào cũng bằng 0. Hệ quả toán học, không phải ngưỡng vận hành.",ĐỦ,—,Không vướng cổng nào.,,KHÔNG CÓ TÁC DỤNG,false,Không đưa vào bảng phẳng. Sửa nguồn cũng vô ích vì sửa xong vẫn không nói được gì về nhu cầu.
bảng phẳng,true,panel_mt,stockout_days,số,đặc trưng,0.0,19.0,,false,,,0.0,,KHÔNG CẦN THIẾT,ĐO ĐƯỢC,U6 đóng góp đo được thấp,0/8 thước đo xếp vào nửa trên,ĐỦ,—,Không vướng cổng nào.,CHUYỂN THÀNH LAG,KHÔNG CÓ TÁC DỤNG,false,Không đưa vào bảng phẳng. Sửa nguồn cũng vô ích vì sửa xong vẫn không nói được gì về nhu cầu.
bảng phẳng,true,panel_mt,tax_rate,số,đặc trưng,0.0,1.0,,true,,,0.0,,KHÔNG CẦN THIẾT,ĐO ĐƯỢC,U1 Hằng số hoặc rỗng,"Phương sai bằng 0 nên thông tin tương hỗ với BẤT KỲ nhãn nào cũng bằng 0. Hệ quả toán học, không phải ngưỡng vận hành.",ĐỦ,—,Không vướng cổng nào.,DÙNG,KHÔNG CÓ TÁC DỤNG,false,Không đưa vào bảng phẳng. Sửa nguồn cũng vô ích vì sửa xong vẫn không nói được gì về nhu cầu.
bảng phẳng,true,panel_mt,admin_canceled_line_count,số,đặc trưng,0.0,2.0,,false,,,0.0,,KHÔNG CẦN THIẾT,ĐO ĐƯỢC,U6 đóng góp đo được thấp,0/8 thước đo xếp vào nửa trên,ĐỦ,—,Không vướng cổng nào.,CHUYỂN THÀNH LAG,KHÔNG CÓ TÁC DỤNG,false,Không đưa vào bảng phẳng. Sửa nguồn cũng vô ích vì sửa xong vẫn không nói được gì về nhu cầu.
bảng phẳng,true,panel_mt,account_status,phân loại,đặc trưng,0.0,1.0,,true,,,,,KHÔNG CẦN THIẾT,ĐO ĐƯỢC,U1 Hằng số hoặc rỗng,"Phương sai bằng 0 nên thông tin tương hỗ với BẤT KỲ nhãn nào cũng bằng 0. Hệ quả toán học, không phải ngưỡng vận hành.",ĐỦ,—,Không vướng cổng nào.,DÙNG,KHÔNG CÓ TÁC DỤNG,false,Không đưa vào bảng phẳng. Sửa nguồn cũng vô ích vì sửa xong vẫn không nói được gì về nhu cầu.
bảng phẳng,true,panel_mt,store_group_code,phân loại,đặc trưng,0.0,1.0,,true,,,,,KHÔNG CẦN THIẾT,ĐO ĐƯỢC,U1 Hằng số hoặc rỗng,"Phương sai bằng 0 nên thông tin tương hỗ với BẤT KỲ nhãn nào cũng bằng 0. Hệ quả toán học, không phải ngưỡng vận hành.",ĐỦ,—,Không vướng cổng nào.,DÙNG,KHÔNG CÓ TÁC DỤNG,false,Không đưa vào bảng phẳng. Sửa nguồn cũng vô ích vì sửa xong vẫn không nói được gì về nhu cầu.
bảng phẳng,true,panel_mt,is_legal_entity,phân loại,đặc trưng,0.0,1.0,,true,,,,,KHÔNG CẦN THIẾT,ĐO ĐƯỢC,U1 Hằng số hoặc rỗng,"Phương sai bằng 0 nên thông tin tương hỗ với BẤT KỲ nhãn nào cũng bằng 0. Hệ quả toán học, không phải ngưỡng vận hành.",ĐỦ,—,Không vướng cổng nào.,DÙNG,KHÔNG CÓ TÁC DỤNG,false,Không đưa vào bảng phẳng. Sửa nguồn cũng vô ích vì sửa xong vẫn không nói được gì về nhu cầu.
file CTKM người dùng nạp,true,ctkm_dong,discount_amount,số,đặc trưng,56.501,211.0,3.313,false,,,,,KHÔNG CẦN THIẾT,ĐO ĐƯỢC,U6 đóng góp đo được thấp,2/8 thước đo xếp vào nửa trên,ĐỦ,—,Không vướng cổng nào.,CHUYỂN THÀNH LAG,KHÔNG CÓ TÁC DỤNG,false,Không đưa vào bảng phẳng. Sửa nguồn cũng vô ích vì sửa xong vẫn không nói được gì về nhu cầu.
file CTKM người dùng nạp,true,ctkm_dong,multiple_products_in_cell,phân loại,đặc trưng,0.0,1.0,0.016,true,,,,,KHÔNG CẦN THIẾT,ĐO ĐƯỢC,U1 Hằng số hoặc rỗng,"Phương sai bằng 0 nên thông tin tương hỗ với BẤT KỲ nhãn nào cũng bằng 0. Hệ quả toán học, không phải ngưỡng vận hành.",ĐỦ,—,Không vướng cổng nào.,,KHÔNG CÓ TÁC DỤNG,false,Không đưa vào bảng phẳng. Sửa nguồn cũng vô ích vì sửa xong vẫn không nói được gì về nhu cầu.
file CTKM người dùng nạp,true,ctkm_dong,promo_days,số,đặc trưng,3.785,78.0,1.225,false,,,,,KHÔNG CẦN THIẾT,ĐO ĐƯỢC,U5 nhãn viết cách khác,5/8 thước đo xếp vào nửa trên; hồ sơ dữ liệu kết luận BỎ,ĐỦ,—,Không vướng cổng nào.,BỎ,KHÔNG CÓ TÁC DỤNG,false,Không đưa vào bảng phẳng. Sửa nguồn cũng vô ích vì sửa xong vẫn không nói được gì về nhu cầu.
